transaction_id,account_id,employee_id,transaction_type,amount,transaction_date
1,2,2,WITHDRAWAL,49046.58,2023-03-19 04:06:15
2,3,3,TRANSFER,27227.85,2023-10-13 07:37:11
3,4,4,DEPOSIT,17940.11,2024-05-15 20:26:34
4,5,5,WITHDRAWAL,13801.31,2023-11-06 05:51:39
5,6,6,TRANSFER,47451.05,2023-04-05 21:13:19
6,7,7,DEPOSIT,4592.75,2023-12-20 04:32:46
7,8,8,WITHDRAWAL,32088.81,2023-06-14 17:56:20
8,9,9,TRANSFER,48554.95,2024-04-08 19:36:26
9,10,10,DEPOSIT,39341.86,2023-02-09 06:51:06
10,11,11,WITHDRAWAL,49441.16,2023-07-09 04:27:11
11,12,12,TRANSFER,10268.23,2024-03-14 12:29:46
12,13,13,DEPOSIT,10365.8,2024-03-06 11:10:55
13,14,14,WITHDRAWAL,40654.52,2023-06-17 17:37:29
14,15,15,TRANSFER,16434.69,2023-06-30 23:24:36
15,16,16,DEPOSIT,39434.3,2023-04-25 14:36:33
16,17,17,WITHDRAWAL,151.75,2024-04-07 21:54:10
17,18,18,TRANSFER,49376.49,2023-04-23 09:10:45
18,19,19,DEPOSIT,12540.2,2024-02-24 14:20:45
19,20,20,WITHDRAWAL,5505.22,2023-05-16 12:51:43
20,21,21,TRANSFER,6598.84,2023-01-21 00:34:36
21,22,22,DEPOSIT,39501.33,2023-10-06 06:07:12
22,23,23,WITHDRAWAL,29446.76,2023-07-04 19:21:59
23,24,24,TRANSFER,8720.57,2023-01-13 06:10:50
24,25,25,DEPOSIT,6346.66,2023-02-10 16:47:18
25,26,26,WITHDRAWAL,26309.02,2023-11-23 23:16:24
26,27,27,TRANSFER,23817.54,2023-02-19 08:48:27
27,28,28,DEPOSIT,25666.77,2023-10-09 04:53:44
28,29,29,WITHDRAWAL,22605.75,2023-03-26 16:54:50
29,30,30,TRANSFER,47271.33,2023-06-22 01:59:12
30,31,31,DEPOSIT,36364.88,2023-02-03 16:22:58
31,32,32,WITHDRAWAL,26077.35,2024-05-26 18:50:36
32,33,33,TRANSFER,32170.6,2023-12-22 18:31:53
33,34,34,DEPOSIT,3050.66,2023-01-25 04:41:24
34,35,35,WITHDRAWAL,42366.45,2024-01-08 00:52:11
35,36,36,TRANSFER,34308.01,2023-11-28 02:18:58
36,37,37,DEPOSIT,35622.94,2024-01-16 19:16:25
37,38,38,WITHDRAWAL,3683.8,2023-12-11 12:36:04
38,39,39,TRANSFER,16112.37,2023-03-04 18:02:37
39,40,40,DEPOSIT,3293.45,2023-04-26 05:08:34
40,41,41,WITHDRAWAL,31219.63,2023-08-02 14:40:11
41,42,42,TRANSFER,27422.34,2024-03-30 15:59:19
42,43,43,DEPOSIT,19051.41,2023-09-10 13:53:45
43,44,44,WITHDRAWAL,26532.54,2024-04-09 00:11:28
44,45,45,TRANSFER,25282.5,2023-12-19 09:52:06
45,46,46,DEPOSIT,4967.93,2023-12-01 03:29:48
46,47,47,WITHDRAWAL,42641.11,2023-03-30 20:49:58
47,48,48,TRANSFER,43886.53,2024-05-20 13:57:57
48,49,49,DEPOSIT,36044.79,2024-03-04 05:38:00
49,50,50,WITHDRAWAL,21509.2,2023-06-17 00:19:13
50,51,51,TRANSFER,20696.54,2023-06-27 11:25:44
51,52,52,DEPOSIT,19942.52,2023-12-19 05:49:56
52,53,53,WITHDRAWAL,15634.29,2023-03-15 20:31:42
53,54,54,TRANSFER,33258.74,2023-08-31 17:51:41
54,55,55,DEPOSIT,47680.09,2023-10-18 17:28:36
55,56,56,WITHDRAWAL,3365.99,2024-01-04 08:59:39
56,57,57,TRANSFER,4670.57,2023-03-08 07:18:25
57,58,58,DEPOSIT,37232.0,2023-03-17 00:05:29
58,59,59,WITHDRAWAL,40590.35,2023-10-17 10:38:27
59,60,60,TRANSFER,3008.45,2024-03-08 03:30:08
60,61,61,DEPOSIT,28088.55,2024-03-12 04:43:46
61,62,62,WITHDRAWAL,20546.32,2023-04-05 22:33:22
62,63,63,TRANSFER,43405.93,2023-11-25 12:06:51
63,64,64,DEPOSIT,48420.25,2023-02-09 23:01:27
64,65,65,WITHDRAWAL,15629.32,2024-04-11 08:27:19
65,66,66,TRANSFER,28900.15,2023-03-22 11:15:16
66,67,67,DEPOSIT,7744.96,2023-06-15 05:44:19
67,68,68,WITHDRAWAL,11220.0,2024-01-10 12:39:42
68,69,69,TRANSFER,17512.2,2023-03-26 01:20:12
69,70,70,DEPOSIT,18384.38,2024-03-08 01:32:24
70,71,71,WITHDRAWAL,28709.26,2023-08-05 08:53:16
71,72,72,TRANSFER,42259.31,2023-11-30 07:14:06
72,73,73,DEPOSIT,30682.53,2024-04-27 21:46:18
73,74,74,WITHDRAWAL,27841.42,2024-05-14 04:46:50
74,75,75,TRANSFER,46454.92,2024-04-18 00:29:16
75,76,76,DEPOSIT,1457.37,2023-07-27 17:35:13
76,77,77,WITHDRAWAL,35137.91,2023-08-01 06:07:45
77,78,78,TRANSFER,46077.66,2023-08-28 23:53:31
78,79,79,DEPOSIT,315.23,2023-09-30 15:33:03
79,80,80,WITHDRAWAL,28320.39,2023-04-22 06:24:04
80,81,81,TRANSFER,3488.58,2023-11-08 07:09:42
81,82,82,DEPOSIT,48590.8,2024-05-06 19:10:54
82,83,83,WITHDRAWAL,37308.13,2023-03-13 06:29:13
83,84,84,TRANSFER,18815.96,2023-06-17 02:22:03
84,85,85,DEPOSIT,17051.39,2023-12-19 08:34:13
85,86,86,WITHDRAWAL,15588.75,2023-10-15 10:17:22
86,87,87,TRANSFER,38844.01,2023-09-09 22:56:07
87,88,88,DEPOSIT,29815.23,2024-03-16 20:42:38
88,89,89,WITHDRAWAL,7787.44,2023-02-10 20:41:58
89,90,90,TRANSFER,2497.63,2024-04-24 21:20:18
90,91,91,DEPOSIT,13612.42,2023-03-05 08:47:23
91,92,92,WITHDRAWAL,21206.5,2024-05-29 03:25:53
92,93,93,TRANSFER,22107.79,2024-04-16 12:43:01
93,94,94,DEPOSIT,10786.29,2023-08-01 04:11:56
94,95,95,WITHDRAWAL,5699.74,2024-02-02 22:49:38
95,96,96,TRANSFER,5553.38,2023-11-30 22:10:15
96,97,97,DEPOSIT,24336.77,2024-04-05 16:49:25
97,98,98,WITHDRAWAL,2280.41,2023-08-28 13:21:15
98,99,99,TRANSFER,49222.44,2023-11-04 00:14:37
99,100,100,DEPOSIT,394.28,2023-02-12 13:12:35
100,101,101,WITHDRAWAL,47266.75,2023-08-23 02:51:50
101,102,102,TRANSFER,38210.4,2023-04-17 14:14:31
102,103,103,DEPOSIT,16412.84,2023-08-13 19:41:08
103,104,104,WITHDRAWAL,24874.29,2023-01-07 00:05:45
104,105,105,TRANSFER,8792.98,2023-12-01 11:59:28
105,106,106,DEPOSIT,26633.79,2023-10-23 07:34:49
106,107,107,WITHDRAWAL,25018.11,2023-06-28 17:34:28
107,108,108,TRANSFER,3613.05,2023-10-03 02:09:16
108,109,109,DEPOSIT,21816.62,2023-02-02 20:34:16
109,110,110,WITHDRAWAL,46058.91,2023-12-24 02:26:25
110,111,111,TRANSFER,28792.2,2023-09-01 03:52:23
111,112,112,DEPOSIT,20227.1,2024-03-21 08:56:41
112,113,113,WITHDRAWAL,20890.52,2024-05-12 05:06:20
113,114,114,TRANSFER,20257.57,2023-03-31 10:59:14
114,115,115,DEPOSIT,8601.94,2023-09-10 06:07:03
115,116,116,WITHDRAWAL,23010.24,2024-04-25 02:41:24
116,117,117,TRANSFER,4415.61,2023-10-09 01:25:23
117,118,118,DEPOSIT,12173.39,2023-03-24 05:25:54
118,119,119,WITHDRAWAL,20028.49,2024-04-02 09:21:23
119,120,120,TRANSFER,19794.38,2023-03-03 02:05:16
120,121,121,DEPOSIT,37292.78,2023-08-29 23:56:13
121,122,122,WITHDRAWAL,16660.1,2023-06-22 02:24:09
122,123,123,TRANSFER,3828.21,2023-05-11 14:13:15
123,124,124,DEPOSIT,5710.19,2024-05-06 20:09:48
124,125,125,WITHDRAWAL,9703.25,2024-02-01 02:11:43
125,126,126,TRANSFER,17561.48,2023-09-29 08:49:37
126,127,127,DEPOSIT,40753.7,2024-05-16 07:55:44
127,128,128,WITHDRAWAL,5149.2,2023-07-03 12:22:14
128,129,129,TRANSFER,9871.62,2023-07-18 19:35:36
129,130,130,DEPOSIT,7651.96,2024-04-12 21:31:51
130,131,131,WITHDRAWAL,3776.91,2024-05-24 03:34:25
131,132,132,TRANSFER,24710.91,2024-05-02 17:48:48
132,133,133,DEPOSIT,37996.26,2024-03-13 20:47:27
133,134,134,WITHDRAWAL,34059.86,2023-12-15 16:12:01
134,135,135,TRANSFER,32153.16,2024-03-14 10:53:22
135,136,136,DEPOSIT,16167.18,2024-04-30 01:55:47
136,137,137,WITHDRAWAL,15813.78,2024-05-02 04:10:47
137,138,138,TRANSFER,3423.63,2023-12-08 13:46:23
138,139,139,DEPOSIT,31572.94,2023-12-10 11:21:20
139,140,140,WITHDRAWAL,29575.07,2023-08-02 08:17:17
140,141,141,TRANSFER,25371.77,2023-10-01 08:40:42
141,142,142,DEPOSIT,23092.51,2023-08-30 02:25:18
142,143,143,WITHDRAWAL,2853.93,2023-01-30 05:02:59
143,144,144,TRANSFER,3845.78,2023-08-11 23:30:13
144,145,145,DEPOSIT,30754.27,2023-03-12 03:14:55
145,146,146,WITHDRAWAL,19230.28,2024-01-29 20:25:45
146,147,147,TRANSFER,27720.28,2024-03-26 18:07:27
147,148,148,DEPOSIT,22492.19,2023-02-01 20:43:07
148,149,149,WITHDRAWAL,32595.35,2024-03-20 00:27:10
149,150,150,TRANSFER,30254.24,2023-09-07 17:41:35
150,151,151,DEPOSIT,7551.55,2024-01-25 10:09:50
151,152,152,WITHDRAWAL,22531.65,2023-02-18 01:24:33
152,153,153,TRANSFER,49119.46,2023-09-24 18:08:38
153,154,154,DEPOSIT,25232.4,2023-03-07 12:00:32
154,155,155,WITHDRAWAL,1966.71,2023-05-15 00:43:52
155,156,156,TRANSFER,49549.39,2023-12-07 00:24:20
156,157,157,DEPOSIT,26142.17,2024-02-12 01:20:45
157,158,158,WITHDRAWAL,18201.26,2023-05-04 07:14:37
158,159,159,TRANSFER,19376.95,2023-08-08 17:31:06
159,160,160,DEPOSIT,33948.1,2023-09-20 19:37:14
160,161,161,WITHDRAWAL,39463.45,2023-02-10 16:09:50
161,162,162,TRANSFER,16739.12,2024-05-17 18:38:47
162,163,163,DEPOSIT,4734.35,2023-09-14 01:52:52
163,164,164,WITHDRAWAL,14214.51,2023-10-28 06:04:44
164,165,165,TRANSFER,48220.86,2024-05-24 23:14:29
165,166,166,DEPOSIT,43665.25,2024-04-13 03:09:26
166,167,167,WITHDRAWAL,4084.28,2023-09-16 22:19:07
167,168,168,TRANSFER,7080.0,2024-05-30 10:37:34
168,169,169,DEPOSIT,15518.48,2023-09-29 17:07:55
169,170,170,WITHDRAWAL,34927.01,2024-05-24 13:44:46
170,171,171,TRANSFER,6456.29,2023-11-01 10:37:35
171,172,172,DEPOSIT,15486.0,2023-03-07 19:16:36
172,173,173,WITHDRAWAL,32178.23,2023-10-20 13:48:40
173,174,174,TRANSFER,40661.11,2023-09-13 03:14:48
174,175,175,DEPOSIT,4681.71,2024-02-13 20:40:59
175,176,176,WITHDRAWAL,25429.34,2023-11-25 20:52:00
176,177,177,TRANSFER,18136.26,2023-01-15 03:50:30
177,178,178,DEPOSIT,47558.95,2023-05-21 00:20:39
178,179,179,WITHDRAWAL,47383.94,2023-09-23 10:21:09
179,180,180,TRANSFER,9608.34,2024-01-13 16:44:49
180,181,181,DEPOSIT,7755.71,2023-04-17 20:24:14
181,182,182,WITHDRAWAL,42222.98,2023-08-18 17:57:51
182,183,183,TRANSFER,25389.41,2023-03-20 13:24:01
183,184,184,DEPOSIT,41757.64,2024-02-24 06:03:22
184,185,185,WITHDRAWAL,1897.0,2024-02-13 23:15:39
185,186,186,TRANSFER,43820.87,2023-09-19 13:44:34
186,187,187,DEPOSIT,6561.14,2024-04-25 00:56:29
187,188,188,WITHDRAWAL,7721.1,2023-10-20 14:34:02
188,189,189,TRANSFER,41568.94,2023-05-21 11:12:47
189,190,190,DEPOSIT,40454.1,2024-04-30 06:00:23
190,191,191,WITHDRAWAL,36061.94,2023-05-09 13:52:25
191,192,192,TRANSFER,20548.82,2023-02-03 22:29:09
192,193,193,DEPOSIT,48479.73,2023-07-04 11:53:01
193,194,194,WITHDRAWAL,14253.55,2024-04-19 06:19:25
194,195,195,TRANSFER,11707.81,2023-12-15 16:37:25
195,196,196,DEPOSIT,15480.3,2023-07-05 18:25:26
196,197,197,WITHDRAWAL,45199.68,2023-12-31 07:05:04
197,198,198,TRANSFER,18398.37,2023-05-31 16:43:25
198,199,199,DEPOSIT,49222.15,2024-03-19 01:23:17
199,200,200,WITHDRAWAL,38474.23,2023-12-25 14:20:18
200,201,1,TRANSFER,25150.31,2023-10-24 14:37:05
201,202,2,DEPOSIT,48313.74,2023-11-22 04:24:12
202,203,3,WITHDRAWAL,40064.95,2023-06-05 02:38:07
203,204,4,TRANSFER,43651.37,2023-04-18 11:56:08
204,205,5,DEPOSIT,32062.54,2023-02-10 12:42:07
205,206,6,WITHDRAWAL,27731.49,2023-10-16 07:53:42
206,207,7,TRANSFER,35572.93,2023-03-21 16:24:40
207,208,8,DEPOSIT,42559.79,2024-02-05 17:14:52
208,209,9,WITHDRAWAL,4202.92,2023-08-10 09:57:35
209,210,10,TRANSFER,13646.84,2023-05-05 12:26:18
210,211,11,DEPOSIT,7375.96,2024-02-03 17:35:19
211,212,12,WITHDRAWAL,4594.76,2023-12-06 19:04:46
212,213,13,TRANSFER,40837.0,2023-06-22 11:05:18
213,214,14,DEPOSIT,46524.29,2023-09-29 12:44:17
214,215,15,WITHDRAWAL,2672.31,2023-11-19 06:14:20
215,216,16,TRANSFER,18704.33,2024-01-25 22:05:27
216,217,17,DEPOSIT,49726.32,2023-10-27 22:39:29
217,218,18,WITHDRAWAL,11234.69,2023-10-19 04:52:43
218,219,19,TRANSFER,46541.99,2023-09-05 12:42:59
219,220,20,DEPOSIT,16771.16,2024-05-19 20:08:43
220,221,21,WITHDRAWAL,6888.6,2023-04-24 10:33:23
221,222,22,TRANSFER,45870.63,2023-08-11 19:49:10
222,223,23,DEPOSIT,34806.64,2024-01-02 23:11:53
223,224,24,WITHDRAWAL,37944.47,2023-04-18 19:16:59
224,225,25,TRANSFER,22435.59,2023-12-31 08:50:47
225,226,26,DEPOSIT,45293.82,2023-01-05 01:53:21
226,227,27,WITHDRAWAL,12803.64,2023-01-15 18:15:29
227,228,28,TRANSFER,27444.72,2023-04-27 03:14:51
228,229,29,DEPOSIT,26393.3,2024-04-17 22:20:51
229,230,30,WITHDRAWAL,38810.87,2023-03-28 08:40:23
230,231,31,TRANSFER,15064.55,2023-07-04 13:56:05
231,232,32,DEPOSIT,11929.59,2023-02-07 02:06:51
232,233,33,WITHDRAWAL,39697.02,2024-05-11 06:55:24
233,234,34,TRANSFER,3149.73,2023-12-22 01:12:55
234,235,35,DEPOSIT,29840.98,2024-01-24 05:29:31
235,236,36,WITHDRAWAL,31601.43,2023-01-13 18:22:37
236,237,37,TRANSFER,12104.49,2024-03-22 15:39:41
237,238,38,DEPOSIT,14570.69,2023-04-22 12:27:58
238,239,39,WITHDRAWAL,30744.33,2023-01-02 05:09:40
239,240,40,TRANSFER,28537.48,2023-07-06 20:26:32
240,241,41,DEPOSIT,33221.92,2023-05-26 11:47:03
241,242,42,WITHDRAWAL,26178.99,2023-03-08 11:57:35
242,243,43,TRANSFER,3393.29,2023-10-08 02:08:28
243,244,44,DEPOSIT,27208.66,2024-02-13 14:27:31
244,245,45,WITHDRAWAL,27712.06,2024-01-30 06:46:15
245,246,46,TRANSFER,43667.84,2023-10-31 06:35:06
246,247,47,DEPOSIT,31787.18,2023-02-03 19:32:25
247,248,48,WITHDRAWAL,12689.98,2023-10-17 22:51:39
248,249,49,TRANSFER,17861.12,2023-01-13 14:46:37
249,250,50,DEPOSIT,17246.68,2023-02-22 11:24:05
250,251,51,WITHDRAWAL,31416.57,2024-05-25 09:18:49
251,252,52,TRANSFER,36762.0,2024-03-27 23:27:50
252,253,53,DEPOSIT,6679.15,2023-09-16 06:35:46
253,254,54,WITHDRAWAL,27305.23,2023-10-01 15:19:48
254,255,55,TRANSFER,8762.71,2024-05-14 06:34:43
255,256,56,DEPOSIT,49041.15,2023-12-27 21:11:54
256,257,57,WITHDRAWAL,31590.48,2024-01-07 16:28:03
257,258,58,TRANSFER,3164.4,2023-04-15 17:50:03
258,259,59,DEPOSIT,1858.82,2023-12-22 11:45:56
259,260,60,WITHDRAWAL,2199.88,2023-06-06 13:55:42
260,261,61,TRANSFER,44290.66,2023-06-04 22:23:13
261,262,62,DEPOSIT,46669.22,2023-09-03 03:07:56
262,263,63,WITHDRAWAL,19917.22,2024-02-05 07:26:47
263,264,64,TRANSFER,23675.25,2024-02-26 18:49:33
264,265,65,DEPOSIT,37667.01,2023-01-29 10:39:38
265,266,66,WITHDRAWAL,14312.68,2023-05-29 10:25:34
266,267,67,TRANSFER,43291.26,2023-02-07 03:07:54
267,268,68,DEPOSIT,13668.1,2023-09-15 19:31:28
268,269,69,WITHDRAWAL,21853.2,2023-10-13 20:22:28
269,270,70,TRANSFER,37167.95,2023-11-07 16:56:46
270,271,71,DEPOSIT,16958.44,2023-10-28 07:34:51
271,272,72,WITHDRAWAL,24815.2,2023-05-26 02:31:31
272,273,73,TRANSFER,18373.67,2024-01-22 10:30:29
273,274,74,DEPOSIT,13343.37,2024-02-08 08:00:12
274,275,75,WITHDRAWAL,36356.8,2023-03-06 03:59:24
275,276,76,TRANSFER,21536.05,2023-03-03 07:18:21
276,277,77,DEPOSIT,27278.27,2023-05-21 03:57:09
277,278,78,WITHDRAWAL,5138.87,2023-09-07 11:48:54
278,279,79,TRANSFER,33049.35,2023-09-12 16:52:12
279,280,80,DEPOSIT,22301.33,2023-08-27 01:29:48
280,281,81,WITHDRAWAL,8340.57,2023-11-27 23:22:45
281,282,82,TRANSFER,17583.83,2023-12-11 19:03:07
282,283,83,DEPOSIT,36343.45,2023-02-02 21:33:26
283,284,84,WITHDRAWAL,30746.43,2023-10-01 20:10:54
284,285,85,TRANSFER,13735.02,2023-12-04 19:52:43
285,286,86,DEPOSIT,3761.31,2023-02-14 13:13:54
286,287,87,WITHDRAWAL,20316.45,2024-05-10 04:05:42
287,288,88,TRANSFER,40056.79,2024-02-03 12:36:59
288,289,89,DEPOSIT,47639.94,2023-05-05 06:22:07
289,290,90,WITHDRAWAL,42434.98,2023-04-21 21:36:07
290,291,91,TRANSFER,1749.6,2023-12-07 08:08:00
291,292,92,DEPOSIT,11807.41,2023-02-22 05:19:14
292,293,93,WITHDRAWAL,18322.76,2024-05-16 02:42:27
293,294,94,TRANSFER,47473.86,2023-10-25 08:55:23
294,295,95,DEPOSIT,30258.69,2023-01-26 03:42:22
295,296,96,WITHDRAWAL,47441.69,2023-12-16 11:09:52
296,297,97,TRANSFER,22202.53,2023-10-16 22:49:55
297,298,98,DEPOSIT,28700.35,2023-03-01 17:14:53
298,299,99,WITHDRAWAL,18353.83,2024-02-16 05:50:51
299,300,100,TRANSFER,32481.54,2023-09-02 04:34:09
300,301,101,DEPOSIT,48026.4,2023-07-13 21:05:54
301,302,102,WITHDRAWAL,36786.39,2023-01-21 03:03:34
302,303,103,TRANSFER,25892.09,2024-01-23 14:51:13
303,304,104,DEPOSIT,5896.87,2024-03-12 06:20:17
304,305,105,WITHDRAWAL,35204.85,2023-07-22 04:09:10
305,306,106,TRANSFER,49818.29,2023-06-16 15:52:57
306,307,107,DEPOSIT,34702.09,2023-08-10 19:32:19
307,308,108,WITHDRAWAL,10016.92,2024-01-17 12:38:07
308,309,109,TRANSFER,42642.79,2023-04-16 10:09:39
309,310,110,DEPOSIT,8641.09,2023-12-18 02:41:11
310,311,111,WITHDRAWAL,49863.15,2023-12-12 17:28:26
311,312,112,TRANSFER,33395.31,2023-09-06 05:32:52
312,313,113,DEPOSIT,27504.36,2023-02-20 10:33:07
313,314,114,WITHDRAWAL,44567.67,2023-08-14 12:44:42
314,315,115,TRANSFER,35593.34,2023-05-03 08:06:38
315,316,116,DEPOSIT,8712.81,2024-05-10 07:35:24
316,317,117,WITHDRAWAL,25442.7,2023-10-08 18:42:09
317,318,118,TRANSFER,49256.78,2023-04-05 06:21:36
318,319,119,DEPOSIT,11844.44,2023-04-18 20:51:09
319,320,120,WITHDRAWAL,1323.94,2024-01-19 17:14:11
320,321,121,TRANSFER,28618.15,2024-03-06 07:42:29
321,322,122,DEPOSIT,40185.05,2023-12-30 01:04:34
322,323,123,WITHDRAWAL,6497.26,2024-03-04 11:26:39
323,324,124,TRANSFER,3296.75,2023-03-08 23:10:23
324,325,125,DEPOSIT,49979.76,2023-11-06 06:14:23
325,326,126,WITHDRAWAL,26289.53,2024-01-07 18:57:51
326,327,127,TRANSFER,41168.74,2023-11-15 00:23:38
327,328,128,DEPOSIT,6275.09,2023-02-27 06:48:46
328,329,129,WITHDRAWAL,32120.51,2023-09-04 05:49:26
329,330,130,TRANSFER,23297.0,2023-12-16 12:07:57
330,331,131,DEPOSIT,17232.29,2024-02-06 20:17:22
331,332,132,WITHDRAWAL,31993.3,2024-03-04 05:02:27
332,333,133,TRANSFER,38391.4,2023-05-22 08:02:19
333,334,134,DEPOSIT,21636.59,2023-04-11 05:20:55
334,335,135,WITHDRAWAL,41571.23,2023-02-13 00:58:13
335,336,136,TRANSFER,7659.24,2024-02-07 10:07:25
336,337,137,DEPOSIT,8106.73,2023-05-08 21:25:49
337,338,138,WITHDRAWAL,17307.69,2023-06-25 03:04:14
338,339,139,TRANSFER,44747.35,2024-02-08 00:57:21
339,340,140,DEPOSIT,12537.76,2023-03-03 06:03:18
340,341,141,WITHDRAWAL,47818.02,2024-05-08 06:19:19
341,342,142,TRANSFER,6267.26,2023-08-02 04:08:17
342,343,143,DEPOSIT,30725.27,2023-08-24 05:03:35
343,344,144,WITHDRAWAL,25133.63,2023-03-14 13:37:54
344,345,145,TRANSFER,29594.5,2023-05-11 23:36:03
345,346,146,DEPOSIT,7718.17,2024-03-27 00:02:07
346,347,147,WITHDRAWAL,31227.71,2024-05-26 15:40:14
347,348,148,TRANSFER,16887.6,2024-04-15 00:36:24
348,349,149,DEPOSIT,2069.3,2024-03-13 18:36:06
349,350,150,WITHDRAWAL,4070.33,2023-01-23 00:55:12
350,351,151,TRANSFER,38553.41,2024-05-13 05:33:51
351,352,152,DEPOSIT,32559.99,2023-07-25 13:32:37
352,353,153,WITHDRAWAL,20835.17,2024-03-20 09:24:37
353,354,154,TRANSFER,1523.99,2024-05-11 07:39:33
354,355,155,DEPOSIT,27283.42,2024-05-02 03:11:04
355,356,156,WITHDRAWAL,47832.94,2024-05-13 14:01:08
356,357,157,TRANSFER,12251.45,2024-01-11 02:44:38
357,358,158,DEPOSIT,14878.72,2023-11-12 10:06:48
358,359,159,WITHDRAWAL,34433.79,2023-02-26 16:18:56
359,360,160,TRANSFER,21985.88,2023-05-03 18:49:59
360,361,161,DEPOSIT,23227.46,2024-01-12 03:05:43
361,362,162,WITHDRAWAL,30336.95,2023-09-22 05:38:56
362,363,163,TRANSFER,43075.64,2023-08-31 18:57:36
363,364,164,DEPOSIT,36712.65,2023-09-06 00:29:20
364,365,165,WITHDRAWAL,48768.95,2023-09-26 06:10:25
365,366,166,TRANSFER,38035.64,2023-04-12 13:39:27
366,367,167,DEPOSIT,28086.94,2024-02-04 23:55:31
367,368,168,WITHDRAWAL,12094.48,2023-09-05 20:45:04
368,369,169,TRANSFER,13380.91,2023-04-06 03:58:26
369,370,170,DEPOSIT,7052.47,2023-07-12 13:32:34
370,371,171,WITHDRAWAL,14517.7,2023-02-09 07:21:03
371,372,172,TRANSFER,43209.55,2023-10-26 09:04:18
372,373,173,DEPOSIT,12421.03,2023-11-21 18:35:47
373,374,174,WITHDRAWAL,40675.76,2023-05-05 01:01:02
374,375,175,TRANSFER,36059.21,2024-03-24 16:52:00
375,376,176,DEPOSIT,38158.44,2023-05-28 10:45:50
376,377,177,WITHDRAWAL,49798.51,2024-01-23 00:20:34
377,378,178,TRANSFER,24943.0,2023-12-29 14:03:52
378,379,179,DEPOSIT,24873.54,2023-08-28 15:36:41
379,380,180,WITHDRAWAL,47262.19,2023-03-11 22:38:12
380,381,181,TRANSFER,22866.96,2024-01-28 14:10:03
381,382,182,DEPOSIT,10765.07,2023-07-06 23:30:25
382,383,183,WITHDRAWAL,2442.42,2023-10-02 02:26:28
383,384,184,TRANSFER,24749.76,2023-08-07 12:51:44
384,385,185,DEPOSIT,33629.3,2024-05-23 04:17:27
385,386,186,WITHDRAWAL,26839.17,2023-08-10 22:44:09
386,387,187,TRANSFER,21552.08,2023-03-25 11:53:27
387,388,188,DEPOSIT,36378.13,2023-07-25 10:07:55
388,389,189,WITHDRAWAL,18303.21,2023-11-10 05:12:02
389,390,190,TRANSFER,2567.37,2023-11-08 03:22:57
390,391,191,DEPOSIT,9740.82,2024-03-12 09:01:31
391,392,192,WITHDRAWAL,14437.2,2024-03-05 16:49:22
392,393,193,TRANSFER,25217.73,2023-10-28 02:03:50
393,394,194,DEPOSIT,13993.24,2024-03-03 02:04:44
394,395,195,WITHDRAWAL,34023.13,2024-04-29 02:03:54
395,396,196,TRANSFER,6441.88,2023-04-03 06:47:52
396,397,197,DEPOSIT,19701.25,2023-03-17 02:16:24
397,398,198,WITHDRAWAL,27896.01,2023-09-21 09:00:29
398,399,199,TRANSFER,37750.71,2023-10-11 23:23:48
399,400,200,DEPOSIT,30127.12,2023-06-04 14:42:28
400,401,1,WITHDRAWAL,25008.89,2023-11-08 18:23:51
401,402,2,TRANSFER,1955.31,2023-02-05 04:30:56
402,403,3,DEPOSIT,40200.25,2023-09-16 16:19:43
403,404,4,WITHDRAWAL,22854.86,2024-02-08 09:03:48
404,405,5,TRANSFER,44657.65,2024-04-15 21:30:54
405,406,6,DEPOSIT,16405.01,2023-04-19 13:42:23
406,407,7,WITHDRAWAL,15933.32,2024-04-21 04:25:05
407,408,8,TRANSFER,49530.88,2023-11-02 05:12:15
408,409,9,DEPOSIT,29690.3,2023-08-21 10:07:56
409,410,10,WITHDRAWAL,41416.19,2024-01-30 01:02:12
410,411,11,TRANSFER,24497.43,2024-02-18 11:32:01
411,412,12,DEPOSIT,14996.53,2024-03-13 05:40:07
412,413,13,WITHDRAWAL,18424.21,2023-01-13 22:08:07
413,414,14,TRANSFER,48995.1,2023-03-27 03:10:39
414,415,15,DEPOSIT,15390.81,2024-03-29 08:59:47
415,416,16,WITHDRAWAL,1342.09,2024-05-03 18:15:56
416,417,17,TRANSFER,13283.87,2024-01-04 15:00:10
417,418,18,DEPOSIT,39147.37,2024-05-24 05:06:05
418,419,19,WITHDRAWAL,28885.94,2024-03-25 07:32:35
419,420,20,TRANSFER,29180.33,2023-02-09 21:19:46
420,421,21,DEPOSIT,26216.37,2023-05-13 10:34:30
421,422,22,WITHDRAWAL,38732.56,2024-04-26 08:42:45
422,423,23,TRANSFER,7397.31,2023-10-23 07:15:41
423,424,24,DEPOSIT,1588.21,2023-07-08 02:52:16
424,425,25,WITHDRAWAL,9547.31,2023-03-27 08:36:03
425,426,26,TRANSFER,15691.49,2023-12-09 13:33:17
426,427,27,DEPOSIT,20653.88,2023-04-28 14:52:59
427,428,28,WITHDRAWAL,20524.77,2023-06-08 08:48:59
428,429,29,TRANSFER,46026.84,2024-04-19 22:46:37
429,430,30,DEPOSIT,35291.7,2023-02-18 09:00:26
430,431,31,WITHDRAWAL,10375.01,2024-02-07 20:57:21
431,432,32,TRANSFER,49906.16,2023-09-10 11:21:44
432,433,33,DEPOSIT,26278.6,2024-01-07 13:28:53
433,434,34,WITHDRAWAL,47834.71,2023-09-01 16:46:20
434,435,35,TRANSFER,45607.09,2023-12-24 00:44:57
435,436,36,DEPOSIT,27318.2,2023-09-23 21:26:17
436,437,37,WITHDRAWAL,40184.59,2024-05-14 16:09:02
437,438,38,TRANSFER,30507.73,2023-07-25 08:04:05
438,439,39,DEPOSIT,47867.3,2023-05-30 08:03:49
439,440,40,WITHDRAWAL,27908.75,2023-08-05 17:03:22
440,441,41,TRANSFER,47074.86,2023-06-24 15:49:31
441,442,42,DEPOSIT,38561.0,2023-08-20 03:56:15
442,443,43,WITHDRAWAL,34515.09,2023-06-10 23:56:17
443,444,44,TRANSFER,15858.87,2024-01-15 19:40:41
444,445,45,DEPOSIT,28028.77,2023-09-28 22:09:44
445,446,46,WITHDRAWAL,14396.59,2023-08-01 09:37:04
446,447,47,TRANSFER,33834.35,2024-03-21 10:22:56
447,448,48,DEPOSIT,44789.07,2023-10-22 22:00:45
448,449,49,WITHDRAWAL,40920.69,2023-11-03 10:37:04
449,450,50,TRANSFER,14529.73,2023-04-24 18:30:46
450,451,51,DEPOSIT,47766.13,2023-08-12 09:49:05
451,452,52,WITHDRAWAL,17324.71,2023-03-03 09:12:55
452,453,53,TRANSFER,32802.04,2023-12-10 14:29:18
453,454,54,DEPOSIT,10707.2,2024-01-08 02:41:05
454,455,55,WITHDRAWAL,13563.92,2024-02-23 07:49:12
455,456,56,TRANSFER,34811.6,2024-03-12 12:46:30
456,457,57,DEPOSIT,5470.24,2023-04-17 14:57:12
457,458,58,WITHDRAWAL,11971.71,2024-03-31 19:18:48
458,459,59,TRANSFER,33495.0,2023-02-09 10:20:10
459,460,60,DEPOSIT,11291.33,2024-02-17 11:19:51
460,461,61,WITHDRAWAL,2634.03,2023-06-30 20:23:17
461,462,62,TRANSFER,16521.38,2023-11-18 00:29:45
462,463,63,DEPOSIT,5036.24,2024-01-02 22:14:49
463,464,64,WITHDRAWAL,269.02,2023-04-17 18:34:16
464,465,65,TRANSFER,48895.76,2024-03-03 11:18:55
465,466,66,DEPOSIT,20351.3,2023-05-03 16:14:06
466,467,67,WITHDRAWAL,23877.65,2024-01-05 11:41:02
467,468,68,TRANSFER,37797.99,2023-06-04 22:07:43
468,469,69,DEPOSIT,16065.17,2023-08-12 02:38:08
469,470,70,WITHDRAWAL,2967.54,2024-05-16 16:24:35
470,471,71,TRANSFER,32618.41,2023-03-11 11:40:07
471,472,72,DEPOSIT,26762.26,2023-06-30 08:53:53
472,473,73,WITHDRAWAL,45662.35,2023-01-29 23:17:22
473,474,74,TRANSFER,20900.07,2023-05-16 23:26:38
474,475,75,DEPOSIT,46696.79,2023-05-17 12:56:20
475,476,76,WITHDRAWAL,49858.62,2023-01-29 05:25:25
476,477,77,TRANSFER,39400.15,2023-11-05 08:30:54
477,478,78,DEPOSIT,46831.07,2023-05-25 17:06:01
478,479,79,WITHDRAWAL,43838.39,2023-08-13 20:03:19
479,480,80,TRANSFER,14926.63,2023-01-08 04:45:09
480,481,81,DEPOSIT,5373.96,2024-04-13 04:41:20
481,482,82,WITHDRAWAL,14235.24,2023-09-18 05:38:15
482,483,83,TRANSFER,27169.59,2024-05-13 02:55:47
483,484,84,DEPOSIT,44464.11,2024-01-19 15:11:41
484,485,85,WITHDRAWAL,42554.48,2023-04-15 05:40:05
485,486,86,TRANSFER,13649.13,2023-12-30 12:32:22
486,487,87,DEPOSIT,16540.9,2023-03-29 11:53:16
487,488,88,WITHDRAWAL,32417.78,2023-12-23 10:47:08
488,489,89,TRANSFER,714.07,2023-05-25 15:00:08
489,490,90,DEPOSIT,39540.48,2023-09-19 20:13:35
490,491,91,WITHDRAWAL,33723.31,2024-03-17 00:12:32
491,492,92,TRANSFER,8782.99,2023-05-31 00:47:14
492,493,93,DEPOSIT,44853.17,2024-05-11 02:42:42
493,494,94,WITHDRAWAL,25768.88,2023-11-29 04:57:59
494,495,95,TRANSFER,20047.65,2023-03-09 08:54:33
495,496,96,DEPOSIT,9247.21,2023-03-16 02:06:26
496,497,97,WITHDRAWAL,23877.93,2023-04-20 05:11:43
497,498,98,TRANSFER,351.44,2023-07-12 15:55:58
498,499,99,DEPOSIT,11783.71,2023-10-25 22:20:41
499,500,100,WITHDRAWAL,47702.2,2023-07-27 09:08:05
500,501,101,TRANSFER,29127.21,2023-08-23 12:40:42
501,502,102,DEPOSIT,581.67,2024-03-20 23:12:28
502,503,103,WITHDRAWAL,17984.01,2024-05-22 17:32:28
503,504,104,TRANSFER,3115.6,2023-07-03 12:59:57
504,505,105,DEPOSIT,23275.1,2023-04-02 19:52:15
505,506,106,WITHDRAWAL,20276.78,2023-05-05 01:20:14
506,507,107,TRANSFER,46156.07,2024-01-26 07:39:37
507,508,108,DEPOSIT,34517.62,2023-08-30 13:02:56
508,509,109,WITHDRAWAL,45807.36,2024-05-11 02:26:31
509,510,110,TRANSFER,18383.52,2023-08-18 03:53:58
510,511,111,DEPOSIT,10964.24,2023-06-21 12:55:41
511,512,112,WITHDRAWAL,23914.31,2023-04-14 17:54:09
512,513,113,TRANSFER,37389.26,2023-12-20 09:25:01
513,514,114,DEPOSIT,18687.51,2024-04-15 11:47:32
514,515,115,WITHDRAWAL,45640.72,2024-03-02 14:28:23
515,516,116,TRANSFER,40101.73,2024-02-22 12:03:21
516,517,117,DEPOSIT,38095.36,2023-06-19 15:29:15
517,518,118,WITHDRAWAL,43658.02,2024-04-07 18:47:11
518,519,119,TRANSFER,26280.08,2023-03-05 14:10:23
519,520,120,DEPOSIT,35191.27,2024-02-15 05:51:38
520,521,121,WITHDRAWAL,45863.06,2023-03-02 15:56:24
521,522,122,TRANSFER,3097.28,2023-03-29 03:43:24
522,523,123,DEPOSIT,45145.38,2024-03-01 08:55:18
523,524,124,WITHDRAWAL,28639.36,2023-06-07 00:28:31
524,525,125,TRANSFER,8235.21,2023-04-27 09:27:03
525,526,126,DEPOSIT,22097.61,2024-02-09 03:52:09
526,527,127,WITHDRAWAL,35848.73,2023-06-09 12:57:40
527,528,128,TRANSFER,4556.17,2024-01-15 16:24:49
528,529,129,DEPOSIT,22279.68,2024-02-01 10:05:10
529,530,130,WITHDRAWAL,22677.08,2023-02-13 05:07:35
530,531,131,TRANSFER,20777.07,2024-02-03 15:37:59
531,532,132,DEPOSIT,2896.26,2024-03-14 00:03:59
532,533,133,WITHDRAWAL,33641.66,2023-12-26 03:21:22
533,534,134,TRANSFER,36166.77,2023-08-28 08:41:49
534,535,135,DEPOSIT,12730.32,2023-11-04 13:01:08
535,536,136,WITHDRAWAL,37292.77,2023-01-03 08:12:44
536,537,137,TRANSFER,3660.75,2024-03-25 04:30:12
537,538,138,DEPOSIT,17233.0,2023-11-26 02:17:30
538,539,139,WITHDRAWAL,27062.76,2023-02-19 12:34:15
539,540,140,TRANSFER,46729.79,2023-02-16 19:14:46
540,541,141,DEPOSIT,49307.0,2023-02-23 14:36:36
541,542,142,WITHDRAWAL,1596.43,2024-01-02 16:02:42
542,543,143,TRANSFER,9007.27,2023-11-14 13:49:55
543,544,144,DEPOSIT,38293.73,2023-04-16 04:34:37
544,545,145,WITHDRAWAL,48189.49,2024-05-16 16:05:27
545,546,146,TRANSFER,49642.9,2023-10-18 20:27:26
546,547,147,DEPOSIT,22432.37,2023-10-25 01:56:12
547,548,148,WITHDRAWAL,18788.52,2023-10-21 05:02:31
548,549,149,TRANSFER,43728.94,2024-05-29 00:42:25
549,550,150,DEPOSIT,32680.17,2023-04-14 07:06:34
550,551,151,WITHDRAWAL,5940.47,2023-09-28 02:54:02
551,552,152,TRANSFER,19659.0,2024-02-22 07:13:26
552,553,153,DEPOSIT,36395.63,2023-04-09 21:55:18
553,554,154,WITHDRAWAL,41742.73,2023-06-22 23:14:47
554,555,155,TRANSFER,48924.75,2023-01-18 15:49:01
555,556,156,DEPOSIT,33678.26,2023-12-26 15:01:05
556,557,157,WITHDRAWAL,21212.16,2024-02-27 21:11:48
557,558,158,TRANSFER,41169.79,2023-10-22 14:13:32
558,559,159,DEPOSIT,23036.66,2023-07-12 05:57:31
559,560,160,WITHDRAWAL,13789.73,2023-05-01 11:40:19
560,561,161,TRANSFER,1620.54,2023-03-29 15:34:35
561,562,162,DEPOSIT,20967.84,2024-05-27 18:58:36
562,563,163,WITHDRAWAL,12040.91,2023-01-13 03:39:31
563,564,164,TRANSFER,5053.83,2023-02-22 06:23:36
564,565,165,DEPOSIT,22327.59,2023-01-27 01:54:25
565,566,166,WITHDRAWAL,12244.26,2023-02-07 19:23:32
566,567,167,TRANSFER,20119.24,2023-02-04 08:37:56
567,568,168,DEPOSIT,26992.59,2023-07-02 00:24:02
568,569,169,WITHDRAWAL,7015.38,2023-02-13 20:11:35
569,570,170,TRANSFER,11715.73,2023-08-13 16:15:41
570,571,171,DEPOSIT,15952.0,2024-03-23 11:28:30
571,572,172,WITHDRAWAL,38629.19,2024-04-09 09:59:35
572,573,173,TRANSFER,11852.83,2023-09-07 01:37:51
573,574,174,DEPOSIT,49284.92,2023-04-22 06:34:04
574,575,175,WITHDRAWAL,11059.93,2024-02-09 20:49:26
575,576,176,TRANSFER,13764.94,2023-08-22 09:44:37
576,577,177,DEPOSIT,47426.53,2024-03-08 09:58:40
577,578,178,WITHDRAWAL,31303.4,2023-05-17 00:43:09
578,579,179,TRANSFER,27796.97,2023-11-28 19:35:45
579,580,180,DEPOSIT,48614.79,2023-02-06 09:58:58
580,581,181,WITHDRAWAL,33570.41,2024-05-14 16:16:50
581,582,182,TRANSFER,15943.54,2024-02-12 08:42:00
582,583,183,DEPOSIT,20418.88,2023-11-20 08:51:13
583,584,184,WITHDRAWAL,18829.24,2023-08-21 22:19:36
584,585,185,TRANSFER,23681.21,2024-02-22 19:42:34
585,586,186,DEPOSIT,15043.81,2023-06-25 00:43:36
586,587,187,WITHDRAWAL,40290.75,2023-04-23 02:54:41
587,588,188,TRANSFER,28123.67,2023-02-14 18:11:16
588,589,189,DEPOSIT,27868.77,2023-11-20 12:16:09
589,590,190,WITHDRAWAL,19427.07,2023-04-15 03:40:12
590,591,191,TRANSFER,10174.8,2023-07-18 01:27:48
591,592,192,DEPOSIT,3962.73,2024-05-17 07:28:15
592,593,193,WITHDRAWAL,42358.2,2023-12-16 08:38:02
593,594,194,TRANSFER,26786.42,2023-03-13 19:39:13
594,595,195,DEPOSIT,2586.32,2023-05-28 22:50:05
595,596,196,WITHDRAWAL,33686.86,2023-10-20 22:55:14
596,597,197,TRANSFER,1986.98,2024-04-13 07:16:53
597,598,198,DEPOSIT,9416.28,2023-02-26 12:47:53
598,599,199,WITHDRAWAL,36218.02,2024-04-01 09:21:13
599,600,200,TRANSFER,10858.66,2024-03-10 01:43:40
600,601,1,DEPOSIT,43475.0,2023-06-12 05:58:29
601,602,2,WITHDRAWAL,15166.37,2023-09-16 14:54:16
602,603,3,TRANSFER,10598.27,2023-01-12 21:50:27
603,604,4,DEPOSIT,48104.26,2023-05-28 14:17:54
604,605,5,WITHDRAWAL,37346.49,2023-04-02 02:55:56
605,606,6,TRANSFER,45722.92,2024-01-07 23:43:55
606,607,7,DEPOSIT,35191.39,2024-04-14 10:51:40
607,608,8,WITHDRAWAL,45757.17,2023-11-05 01:45:26
608,609,9,TRANSFER,16087.53,2024-03-04 19:30:14
609,610,10,DEPOSIT,19039.28,2023-08-08 20:36:21
610,611,11,WITHDRAWAL,32439.58,2024-02-19 11:57:33
611,612,12,TRANSFER,13085.47,2023-08-28 13:24:29
612,613,13,DEPOSIT,44141.77,2024-02-03 07:35:35
613,614,14,WITHDRAWAL,4939.43,2023-12-28 22:56:43
614,615,15,TRANSFER,38083.83,2023-12-31 15:56:08
615,616,16,DEPOSIT,45717.38,2023-09-06 17:34:51
616,617,17,WITHDRAWAL,15652.97,2023-10-15 22:26:26
617,618,18,TRANSFER,28130.61,2023-02-05 12:11:51
618,619,19,DEPOSIT,37065.21,2023-06-21 20:50:53
619,620,20,WITHDRAWAL,13046.1,2023-01-13 14:21:39
620,621,21,TRANSFER,28961.35,2024-03-29 15:08:37
621,622,22,DEPOSIT,14766.66,2023-11-21 08:13:10
622,623,23,WITHDRAWAL,16499.97,2023-06-02 09:16:47
623,624,24,TRANSFER,28493.78,2023-10-23 00:43:35
624,625,25,DEPOSIT,24970.08,2023-07-10 20:44:22
625,626,26,WITHDRAWAL,47173.79,2024-05-23 10:46:36
626,627,27,TRANSFER,12873.76,2023-09-20 04:39:15
627,628,28,DEPOSIT,48325.75,2024-01-15 12:33:26
628,629,29,WITHDRAWAL,36982.31,2024-05-13 10:03:05
629,630,30,TRANSFER,8420.0,2023-12-24 22:28:30
630,631,31,DEPOSIT,8471.59,2023-10-01 13:02:22
631,632,32,WITHDRAWAL,24420.93,2024-02-29 12:21:43
632,633,33,TRANSFER,49516.27,2024-02-26 02:09:48
633,634,34,DEPOSIT,26201.98,2023-02-15 14:50:41
634,635,35,WITHDRAWAL,47259.95,2023-02-27 17:37:09
635,636,36,TRANSFER,38219.3,2023-02-07 16:22:25
636,637,37,DEPOSIT,6883.2,2023-11-17 07:32:53
637,638,38,WITHDRAWAL,11579.36,2024-05-04 21:07:51
638,639,39,TRANSFER,466.98,2023-04-28 07:23:48
639,640,40,DEPOSIT,22805.92,2024-01-28 19:32:41
640,641,41,WITHDRAWAL,30895.58,2023-02-16 22:52:18
641,642,42,TRANSFER,45638.45,2024-04-23 20:45:13
642,643,43,DEPOSIT,24397.84,2024-05-27 01:57:03
643,644,44,WITHDRAWAL,26615.3,2023-01-06 03:15:47
644,645,45,TRANSFER,602.43,2023-11-16 11:54:20
645,646,46,DEPOSIT,36112.41,2024-02-16 05:03:36
646,647,47,WITHDRAWAL,48874.19,2024-02-21 02:52:55
647,648,48,TRANSFER,25115.78,2023-01-14 07:33:40
648,649,49,DEPOSIT,40310.32,2023-12-01 10:27:58
649,650,50,WITHDRAWAL,5359.75,2023-05-20 05:46:34
650,651,51,TRANSFER,26224.03,2023-03-16 19:25:15
651,652,52,DEPOSIT,9604.68,2023-07-07 03:59:04
652,653,53,WITHDRAWAL,12628.39,2024-02-13 21:51:03
653,654,54,TRANSFER,13373.56,2023-10-03 07:15:39
654,655,55,DEPOSIT,3960.17,2023-11-05 06:41:08
655,656,56,WITHDRAWAL,22955.3,2023-11-12 08:53:58
656,657,57,TRANSFER,49511.75,2023-07-08 21:43:25
657,658,58,DEPOSIT,15005.73,2023-06-25 10:17:03
658,659,59,WITHDRAWAL,32690.25,2023-03-04 14:48:29
659,660,60,TRANSFER,37981.7,2024-05-19 18:54:38
660,661,61,DEPOSIT,20269.86,2023-03-14 14:58:32
661,662,62,WITHDRAWAL,27639.54,2023-10-20 22:57:01
662,663,63,TRANSFER,31841.04,2023-02-13 14:03:29
663,664,64,DEPOSIT,4143.48,2023-05-14 02:49:17
664,665,65,WITHDRAWAL,32248.91,2023-12-04 00:39:43
665,666,66,TRANSFER,28297.17,2023-09-15 07:19:54
666,667,67,DEPOSIT,44740.61,2023-03-16 01:40:24
667,668,68,WITHDRAWAL,11496.03,2023-02-03 01:13:20
668,669,69,TRANSFER,23780.26,2024-03-16 05:37:20
669,670,70,DEPOSIT,46208.72,2023-02-06 03:58:40
670,671,71,WITHDRAWAL,44966.59,2023-08-06 18:31:54
671,672,72,TRANSFER,32908.88,2024-03-13 16:35:06
672,673,73,DEPOSIT,46439.03,2023-05-20 07:24:36
673,674,74,WITHDRAWAL,792.75,2023-09-02 06:25:10
674,675,75,TRANSFER,29355.93,2023-06-10 21:42:25
675,676,76,DEPOSIT,46444.46,2023-11-06 08:46:33
676,677,77,WITHDRAWAL,8130.89,2023-08-21 10:55:32
677,678,78,TRANSFER,28339.13,2023-07-06 18:43:35
678,679,79,DEPOSIT,33854.98,2023-10-30 06:24:17
679,680,80,WITHDRAWAL,16593.17,2024-02-24 20:48:50
680,681,81,TRANSFER,39527.0,2023-04-19 16:52:05
681,682,82,DEPOSIT,25044.63,2023-03-02 21:59:53
682,683,83,WITHDRAWAL,2694.28,2023-09-26 15:17:18
683,684,84,TRANSFER,11614.88,2023-12-06 11:54:56
684,685,85,DEPOSIT,17036.23,2023-03-01 01:04:58
685,686,86,WITHDRAWAL,47743.37,2024-04-21 19:16:38
686,687,87,TRANSFER,48446.34,2023-11-05 03:04:50
687,688,88,DEPOSIT,1490.99,2023-09-11 12:06:06
688,689,89,WITHDRAWAL,39179.57,2023-08-01 07:11:06
689,690,90,TRANSFER,24535.27,2023-12-16 22:51:51
690,691,91,DEPOSIT,27656.36,2023-10-04 08:48:05
691,692,92,WITHDRAWAL,21598.08,2023-10-19 14:27:59
692,693,93,TRANSFER,33036.99,2024-03-31 01:30:13
693,694,94,DEPOSIT,38610.65,2023-03-08 13:27:14
694,695,95,WITHDRAWAL,39904.78,2023-08-18 10:16:21
695,696,96,TRANSFER,4111.08,2023-02-27 02:15:50
696,697,97,DEPOSIT,19006.2,2023-04-30 18:53:13
697,698,98,WITHDRAWAL,7722.3,2024-05-07 08:46:08
698,699,99,TRANSFER,15840.74,2023-10-30 15:04:48
699,700,100,DEPOSIT,4585.11,2023-03-24 18:15:11
700,701,101,WITHDRAWAL,22242.35,2023-08-28 10:31:18
701,702,102,TRANSFER,5120.55,2023-07-29 12:48:39
702,703,103,DEPOSIT,9377.72,2023-03-09 19:20:18
703,704,104,WITHDRAWAL,27853.68,2023-12-15 15:03:09
704,705,105,TRANSFER,20408.13,2024-02-03 00:35:23
705,706,106,DEPOSIT,4490.05,2023-01-21 09:33:26
706,707,107,WITHDRAWAL,4662.28,2024-03-06 11:24:21
707,708,108,TRANSFER,39224.09,2024-04-09 12:20:39
708,709,109,DEPOSIT,626.91,2023-10-27 05:21:19
709,710,110,WITHDRAWAL,19396.1,2023-11-18 09:58:43
710,711,111,TRANSFER,36244.94,2023-03-07 18:54:48
711,712,112,DEPOSIT,45261.33,2024-03-10 14:31:01
712,713,113,WITHDRAWAL,28602.3,2023-07-08 13:02:54
713,714,114,TRANSFER,34268.95,2023-05-12 17:15:17
714,715,115,DEPOSIT,6950.61,2023-05-12 15:44:29
715,716,116,WITHDRAWAL,13427.66,2023-08-22 21:29:37
716,717,117,TRANSFER,3172.72,2023-04-24 08:25:20
717,718,118,DEPOSIT,13805.33,2023-12-04 14:57:10
718,719,119,WITHDRAWAL,24216.72,2023-08-21 19:47:13
719,720,120,TRANSFER,18062.63,2023-03-01 17:55:05
720,721,121,DEPOSIT,36047.76,2023-07-11 12:46:19
721,722,122,WITHDRAWAL,29694.38,2024-01-21 02:25:38
722,723,123,TRANSFER,22898.5,2023-06-01 21:16:59
723,724,124,DEPOSIT,15239.85,2023-04-16 05:42:28
724,725,125,WITHDRAWAL,16617.54,2023-11-04 08:13:59
725,726,126,TRANSFER,19000.7,2024-04-26 17:13:13
726,727,127,DEPOSIT,22016.74,2023-09-13 23:06:10
727,728,128,WITHDRAWAL,40775.62,2023-12-01 11:16:05
728,729,129,TRANSFER,48711.53,2024-05-20 16:12:23
729,730,130,DEPOSIT,15028.76,2023-04-16 17:32:38
730,731,131,WITHDRAWAL,47364.47,2024-04-13 12:40:22
731,732,132,TRANSFER,23955.7,2023-06-06 00:08:35
732,733,133,DEPOSIT,48229.09,2023-05-18 23:23:55
733,734,134,WITHDRAWAL,14579.49,2023-09-05 21:09:26
734,735,135,TRANSFER,24555.46,2024-05-06 14:09:25
735,736,136,DEPOSIT,39100.9,2024-03-23 07:10:04
736,737,137,WITHDRAWAL,18809.0,2023-09-11 02:57:35
737,738,138,TRANSFER,18257.13,2023-11-02 04:50:30
738,739,139,DEPOSIT,9998.0,2024-03-13 22:56:07
739,740,140,WITHDRAWAL,9004.56,2024-02-28 19:15:48
740,741,141,TRANSFER,1355.54,2024-03-03 06:35:29
741,742,142,DEPOSIT,47149.32,2023-12-25 13:15:42
742,743,143,WITHDRAWAL,21928.36,2023-06-12 20:07:45
743,744,144,TRANSFER,41565.78,2023-08-15 06:48:26
744,745,145,DEPOSIT,40950.09,2023-02-23 17:12:39
745,746,146,WITHDRAWAL,33652.15,2023-11-14 18:57:07
746,747,147,TRANSFER,31670.47,2023-04-19 02:29:12
747,748,148,DEPOSIT,12641.56,2023-07-07 23:36:05
748,749,149,WITHDRAWAL,35764.67,2023-04-30 17:26:17
749,750,150,TRANSFER,3707.52,2023-10-20 19:37:05
750,751,151,DEPOSIT,23966.94,2024-04-09 10:17:41
751,752,152,WITHDRAWAL,26723.03,2023-11-08 07:32:54
752,753,153,TRANSFER,27186.82,2023-11-21 21:41:24
753,754,154,DEPOSIT,35084.7,2023-10-07 06:06:55
754,755,155,WITHDRAWAL,29695.06,2024-02-22 00:39:10
755,756,156,TRANSFER,5477.38,2023-03-08 00:10:41
756,757,157,DEPOSIT,32883.51,2023-07-12 19:21:38
757,758,158,WITHDRAWAL,8325.26,2023-10-03 17:50:38
758,759,159,TRANSFER,2224.39,2024-04-20 21:08:38
759,760,160,DEPOSIT,33876.82,2024-05-16 00:15:11
760,761,161,WITHDRAWAL,48340.89,2023-11-07 09:24:52
761,762,162,TRANSFER,48286.18,2023-09-15 13:24:37
762,763,163,DEPOSIT,5306.17,2023-12-01 08:16:22
763,764,164,WITHDRAWAL,12944.33,2023-03-18 14:09:34
764,765,165,TRANSFER,37345.18,2024-02-01 15:41:42
765,766,166,DEPOSIT,29030.11,2024-03-09 09:45:04
766,767,167,WITHDRAWAL,11059.38,2024-03-22 19:09:54
767,768,168,TRANSFER,19562.8,2023-10-18 14:05:39
768,769,169,DEPOSIT,34524.96,2024-04-02 04:06:43
769,770,170,WITHDRAWAL,17254.92,2023-04-28 02:05:21
770,771,171,TRANSFER,24143.73,2023-01-20 01:52:51
771,772,172,DEPOSIT,20804.61,2023-08-18 11:15:20
772,773,173,WITHDRAWAL,5812.31,2023-03-08 16:26:58
773,774,174,TRANSFER,17422.95,2023-04-21 01:01:00
774,775,175,DEPOSIT,22772.08,2023-09-24 11:13:35
775,776,176,WITHDRAWAL,26060.53,2023-06-10 16:17:11
776,777,177,TRANSFER,23813.36,2023-09-28 12:47:17
777,778,178,DEPOSIT,36102.48,2023-12-07 08:00:18
778,779,179,WITHDRAWAL,15952.28,2023-12-18 10:13:37
779,780,180,TRANSFER,2243.71,2023-08-22 05:19:41
780,781,181,DEPOSIT,1139.03,2023-03-31 09:20:41
781,782,182,WITHDRAWAL,32402.02,2023-09-24 11:26:11
782,783,183,TRANSFER,46496.82,2023-05-08 15:46:56
783,784,184,DEPOSIT,25804.54,2023-07-09 10:52:00
784,785,185,WITHDRAWAL,8015.18,2024-03-04 16:21:12
785,786,186,TRANSFER,21324.21,2024-03-10 20:20:27
786,787,187,DEPOSIT,11600.46,2023-12-25 21:18:49
787,788,188,WITHDRAWAL,31491.72,2023-11-11 14:37:53
788,789,189,TRANSFER,32027.54,2023-05-25 18:30:14
789,790,190,DEPOSIT,19785.16,2023-12-02 15:34:12
790,791,191,WITHDRAWAL,44156.04,2024-04-21 23:46:58
791,792,192,TRANSFER,29614.24,2023-12-16 04:41:08
792,793,193,DEPOSIT,232.46,2023-10-30 00:25:27
793,794,194,WITHDRAWAL,10297.17,2023-06-16 20:05:22
794,795,195,TRANSFER,28871.62,2023-02-18 14:16:22
795,796,196,DEPOSIT,9356.12,2024-02-22 00:20:11
796,797,197,WITHDRAWAL,9861.74,2023-09-11 04:47:57
797,798,198,TRANSFER,13125.05,2023-03-30 12:16:28
798,799,199,DEPOSIT,26390.47,2024-01-16 04:38:33
799,800,200,WITHDRAWAL,15677.07,2024-05-11 09:50:51
800,801,1,TRANSFER,30569.31,2023-10-29 20:45:39
801,802,2,DEPOSIT,5720.46,2024-03-31 22:33:39
802,803,3,WITHDRAWAL,42277.43,2023-10-01 09:28:28
803,804,4,TRANSFER,8634.65,2024-04-24 12:28:28
804,805,5,DEPOSIT,45934.94,2023-08-20 00:46:24
805,806,6,WITHDRAWAL,4246.75,2024-04-03 09:32:08
806,807,7,TRANSFER,15666.16,2023-04-15 00:58:02
807,808,8,DEPOSIT,15275.95,2023-07-05 07:19:04
808,809,9,WITHDRAWAL,18671.57,2023-05-23 04:11:49
809,810,10,TRANSFER,25546.14,2023-04-20 19:06:51
810,811,11,DEPOSIT,29825.33,2023-11-21 20:32:31
811,812,12,WITHDRAWAL,19191.66,2024-03-22 11:09:40
812,813,13,TRANSFER,24338.64,2023-05-25 06:41:59
813,814,14,DEPOSIT,34674.71,2024-02-22 09:28:32
814,815,15,WITHDRAWAL,46535.44,2024-05-16 04:31:11
815,816,16,TRANSFER,27750.08,2023-05-15 13:19:50
816,817,17,DEPOSIT,14448.85,2024-01-16 07:35:20
817,818,18,WITHDRAWAL,15735.85,2023-05-26 07:46:13
818,819,19,TRANSFER,30974.3,2023-12-17 07:16:02
819,820,20,DEPOSIT,47592.58,2023-10-06 20:58:30
820,821,21,WITHDRAWAL,6835.37,2024-01-12 09:45:54
821,822,22,TRANSFER,48191.82,2023-10-26 05:14:17
822,823,23,DEPOSIT,32656.96,2024-01-28 14:02:51
823,824,24,WITHDRAWAL,34237.99,2023-11-14 18:49:01
824,825,25,TRANSFER,35510.02,2023-11-19 19:54:46
825,826,26,DEPOSIT,24440.09,2023-12-11 17:59:46
826,827,27,WITHDRAWAL,28274.24,2023-03-06 05:05:31
827,828,28,TRANSFER,14611.57,2023-06-21 06:58:04
828,829,29,DEPOSIT,11249.92,2023-08-02 11:37:47
829,830,30,WITHDRAWAL,8418.77,2023-08-13 05:12:16
830,831,31,TRANSFER,28286.87,2023-12-22 05:05:18
831,832,32,DEPOSIT,27490.81,2024-01-20 17:18:35
832,833,33,WITHDRAWAL,28639.98,2023-03-29 22:24:21
833,834,34,TRANSFER,38757.9,2023-07-28 01:48:40
834,835,35,DEPOSIT,27106.75,2023-10-12 22:47:56
835,836,36,WITHDRAWAL,38002.61,2023-02-02 07:40:34
836,837,37,TRANSFER,27322.2,2023-12-09 19:40:09
837,838,38,DEPOSIT,5129.8,2023-11-27 05:27:28
838,839,39,WITHDRAWAL,37569.76,2024-05-22 17:19:25
839,840,40,TRANSFER,43741.74,2023-08-20 05:41:48
840,841,41,DEPOSIT,22492.12,2023-01-26 00:49:05
841,842,42,WITHDRAWAL,43111.36,2023-09-28 17:56:44
842,843,43,TRANSFER,21959.1,2023-03-09 13:28:50
843,844,44,DEPOSIT,38783.83,2023-04-02 04:14:02
844,845,45,WITHDRAWAL,10501.81,2023-07-04 00:59:40
845,846,46,TRANSFER,34459.79,2024-04-01 15:41:44
846,847,47,DEPOSIT,31642.2,2024-04-19 00:06:16
847,848,48,WITHDRAWAL,30811.4,2023-05-09 22:07:17
848,849,49,TRANSFER,40678.36,2023-06-10 11:40:10
849,850,50,DEPOSIT,28508.02,2023-02-16 02:30:36
850,851,51,WITHDRAWAL,14061.44,2024-02-18 10:25:59
851,852,52,TRANSFER,8427.18,2024-02-23 11:22:25
852,853,53,DEPOSIT,14473.77,2023-08-16 07:06:22
853,854,54,WITHDRAWAL,47620.34,2023-07-27 15:38:09
854,855,55,TRANSFER,49274.56,2024-02-04 13:23:25
855,856,56,DEPOSIT,6788.09,2023-03-15 23:07:32
856,857,57,WITHDRAWAL,45939.25,2023-11-16 16:42:34
857,858,58,TRANSFER,43353.71,2023-08-04 09:41:07
858,859,59,DEPOSIT,35074.31,2023-04-09 13:22:00
859,860,60,WITHDRAWAL,12491.37,2023-04-14 01:32:12
860,861,61,TRANSFER,41425.81,2023-09-08 04:19:04
861,862,62,DEPOSIT,24478.04,2023-11-02 00:28:21
862,863,63,WITHDRAWAL,31623.78,2024-03-24 11:59:31
863,864,64,TRANSFER,20717.11,2024-05-02 15:16:45
864,865,65,DEPOSIT,3785.06,2023-12-18 01:44:11
865,866,66,WITHDRAWAL,20148.51,2023-03-14 07:24:45
866,867,67,TRANSFER,34738.23,2023-08-05 02:30:09
867,868,68,DEPOSIT,22740.24,2023-10-14 15:59:07
868,869,69,WITHDRAWAL,16371.19,2024-01-15 01:48:30
869,870,70,TRANSFER,43446.7,2023-01-02 22:06:05
870,871,71,DEPOSIT,36549.29,2023-03-14 08:17:10
871,872,72,WITHDRAWAL,31745.68,2023-12-23 02:06:48
872,873,73,TRANSFER,42506.81,2023-10-06 05:45:20
873,874,74,DEPOSIT,19891.82,2024-02-20 02:23:38
874,875,75,WITHDRAWAL,41244.13,2023-11-30 17:07:40
875,876,76,TRANSFER,13434.16,2024-01-20 06:09:18
876,877,77,DEPOSIT,16894.38,2023-08-09 06:33:29
877,878,78,WITHDRAWAL,6538.41,2024-03-24 21:27:50
878,879,79,TRANSFER,39417.3,2024-01-12 23:21:15
879,880,80,DEPOSIT,2306.69,2023-02-07 14:24:50
880,881,81,WITHDRAWAL,39196.65,2024-05-01 08:49:56
881,882,82,TRANSFER,823.9,2023-12-23 23:13:30
882,883,83,DEPOSIT,22069.88,2023-05-03 17:01:34
883,884,84,WITHDRAWAL,49591.99,2023-01-01 12:36:00
884,885,85,TRANSFER,10123.89,2023-11-29 06:45:25
885,886,86,DEPOSIT,44108.57,2023-04-13 11:02:17
886,887,87,WITHDRAWAL,7957.28,2023-08-23 11:10:51
887,888,88,TRANSFER,4676.07,2023-08-01 20:05:34
888,889,89,DEPOSIT,12526.96,2023-10-07 23:00:09
889,890,90,WITHDRAWAL,33228.8,2023-10-16 19:40:12
890,891,91,TRANSFER,8284.6,2024-05-19 00:34:54
891,892,92,DEPOSIT,31283.96,2023-11-04 20:20:32
892,893,93,WITHDRAWAL,21467.25,2023-07-01 20:45:27
893,894,94,TRANSFER,35187.87,2023-03-12 20:04:33
894,895,95,DEPOSIT,10678.92,2023-01-01 20:15:00
895,896,96,WITHDRAWAL,6643.66,2023-03-02 12:52:59
896,897,97,TRANSFER,25977.02,2023-06-25 16:30:11
897,898,98,DEPOSIT,474.25,2023-12-12 16:38:52
898,899,99,WITHDRAWAL,40857.28,2023-09-24 20:41:10
899,900,100,TRANSFER,34704.61,2023-11-25 00:30:08
900,901,101,DEPOSIT,3550.71,2024-01-07 00:58:40
901,902,102,WITHDRAWAL,4475.66,2023-10-25 12:56:27
902,903,103,TRANSFER,5169.04,2023-03-21 13:22:51
903,904,104,DEPOSIT,44050.64,2023-10-13 11:50:47
904,905,105,WITHDRAWAL,19142.23,2023-04-17 12:16:31
905,906,106,TRANSFER,32082.39,2023-04-14 10:01:32
906,907,107,DEPOSIT,3429.9,2023-04-21 22:58:27
907,908,108,WITHDRAWAL,433.65,2024-03-13 12:30:33
908,909,109,TRANSFER,8214.19,2024-05-19 21:15:18
909,910,110,DEPOSIT,36124.38,2023-09-30 18:36:48
910,911,111,WITHDRAWAL,37415.96,2024-05-02 20:15:37
911,912,112,TRANSFER,30807.64,2023-11-16 18:49:43
912,913,113,DEPOSIT,42999.53,2023-12-10 14:37:58
913,914,114,WITHDRAWAL,44830.68,2023-03-09 07:58:55
914,915,115,TRANSFER,37624.76,2023-04-19 18:02:02
915,916,116,DEPOSIT,36503.16,2024-04-02 22:27:15
916,917,117,WITHDRAWAL,48162.8,2023-10-01 01:05:57
917,918,118,TRANSFER,39555.92,2023-09-02 06:46:23
918,919,119,DEPOSIT,13855.61,2023-07-12 11:04:22
919,920,120,WITHDRAWAL,12415.87,2023-03-07 10:30:35
920,921,121,TRANSFER,30004.39,2024-04-11 19:26:04
921,922,122,DEPOSIT,14253.19,2024-04-16 22:21:22
922,923,123,WITHDRAWAL,42396.13,2023-01-21 20:02:35
923,924,124,TRANSFER,43792.6,2024-05-26 09:33:56
924,925,125,DEPOSIT,25892.28,2023-06-09 13:47:08
925,926,126,WITHDRAWAL,9440.44,2024-01-31 18:11:20
926,927,127,TRANSFER,14784.15,2023-11-01 06:46:05
927,928,128,DEPOSIT,39192.24,2023-02-12 09:14:32
928,929,129,WITHDRAWAL,24749.44,2023-07-05 21:38:27
929,930,130,TRANSFER,12061.68,2023-03-29 13:41:39
930,931,131,DEPOSIT,29700.55,2024-05-10 14:43:00
931,932,132,WITHDRAWAL,44437.34,2024-02-15 07:58:26
932,933,133,TRANSFER,49344.26,2023-01-10 08:56:43
933,934,134,DEPOSIT,6607.82,2023-09-03 19:28:40
934,935,135,WITHDRAWAL,21048.97,2024-03-17 11:22:42
935,936,136,TRANSFER,34150.27,2024-02-29 08:49:05
936,937,137,DEPOSIT,47723.1,2024-01-01 20:20:56
937,938,138,WITHDRAWAL,844.3,2023-02-26 16:39:59
938,939,139,TRANSFER,699.53,2023-02-22 10:53:54
939,940,140,DEPOSIT,2000.94,2023-06-17 13:44:23
940,941,141,WITHDRAWAL,47434.51,2023-02-16 23:13:16
941,942,142,TRANSFER,25335.46,2023-11-06 02:47:31
942,943,143,DEPOSIT,35634.33,2024-05-03 05:24:25
943,944,144,WITHDRAWAL,21184.53,2023-11-19 16:12:49
944,945,145,TRANSFER,4130.57,2023-11-09 10:59:40
945,946,146,DEPOSIT,26887.39,2024-02-21 18:17:35
946,947,147,WITHDRAWAL,13880.61,2023-04-29 14:10:11
947,948,148,TRANSFER,3960.29,2023-08-29 17:04:59
948,949,149,DEPOSIT,48715.93,2023-06-07 19:52:32
949,950,150,WITHDRAWAL,26824.14,2023-05-01 16:26:22
950,951,151,TRANSFER,29325.99,2023-10-31 11:45:47
951,952,152,DEPOSIT,34055.97,2024-05-19 17:53:12
952,953,153,WITHDRAWAL,15515.37,2023-02-21 08:28:28
953,954,154,TRANSFER,36500.62,2023-12-06 19:19:51
954,955,155,DEPOSIT,2904.72,2023-07-05 08:31:24
955,956,156,WITHDRAWAL,46232.14,2023-03-08 23:07:22
956,957,157,TRANSFER,22674.06,2023-04-01 02:08:47
957,958,158,DEPOSIT,2760.88,2024-04-17 21:27:31
958,959,159,WITHDRAWAL,37035.5,2024-05-26 02:59:06
959,960,160,TRANSFER,643.12,2023-04-03 18:34:44
960,961,161,DEPOSIT,35077.97,2023-04-17 13:48:47
961,962,162,WITHDRAWAL,24825.68,2023-05-08 06:03:41
962,963,163,TRANSFER,26155.04,2023-09-27 07:03:07
963,964,164,DEPOSIT,8356.48,2023-07-21 08:42:49
964,965,165,WITHDRAWAL,37491.32,2023-04-09 14:09:28
965,966,166,TRANSFER,36649.46,2023-07-28 18:07:59
966,967,167,DEPOSIT,38573.8,2023-04-02 16:44:12
967,968,168,WITHDRAWAL,16757.2,2023-01-23 19:14:24
968,969,169,TRANSFER,13606.31,2023-11-30 11:11:24
969,970,170,DEPOSIT,13154.85,2023-02-19 14:39:36
970,971,171,WITHDRAWAL,31380.37,2024-03-23 21:33:58
971,972,172,TRANSFER,22765.34,2024-01-21 08:51:39
972,973,173,DEPOSIT,2781.4,2023-10-07 17:11:45
973,974,174,WITHDRAWAL,8352.4,2024-03-16 07:31:24
974,975,175,TRANSFER,12763.25,2023-05-03 04:28:14
975,976,176,DEPOSIT,44714.48,2023-03-21 22:17:11
976,977,177,WITHDRAWAL,11427.94,2023-03-31 13:58:27
977,978,178,TRANSFER,138.4,2024-01-31 05:11:00
978,979,179,DEPOSIT,12235.13,2023-01-10 13:03:58
979,980,180,WITHDRAWAL,18205.19,2024-01-02 10:19:45
980,981,181,TRANSFER,8956.26,2023-04-27 13:46:51
981,982,182,DEPOSIT,27647.71,2023-01-28 11:13:29
982,983,183,WITHDRAWAL,20974.27,2024-05-24 07:11:43
983,984,184,TRANSFER,12420.68,2023-09-07 22:49:27
984,985,185,DEPOSIT,13570.19,2023-09-06 12:01:23
985,986,186,WITHDRAWAL,28581.08,2023-03-02 11:55:12
986,987,187,TRANSFER,25107.03,2023-04-03 17:47:40
987,988,188,DEPOSIT,8975.42,2023-02-10 21:52:48
988,989,189,WITHDRAWAL,49070.88,2024-02-05 14:43:35
989,990,190,TRANSFER,3455.63,2023-11-08 09:46:51
990,991,191,DEPOSIT,43302.95,2023-12-28 05:59:01
991,992,192,WITHDRAWAL,16371.77,2023-08-30 07:49:34
992,993,193,TRANSFER,22842.74,2024-03-05 14:22:15
993,994,194,DEPOSIT,10041.55,2023-10-14 13:09:19
994,995,195,WITHDRAWAL,39227.52,2024-03-13 22:07:09
995,996,196,TRANSFER,12136.77,2024-04-28 16:17:45
996,997,197,DEPOSIT,29588.63,2023-10-14 01:07:04
997,998,198,WITHDRAWAL,49889.38,2024-01-19 04:54:34
998,999,199,TRANSFER,36625.84,2023-06-01 18:56:16
999,1000,200,DEPOSIT,38026.51,2024-02-29 12:36:09
1000,1,1,WITHDRAWAL,7536.81,2023-07-10 09:29:46
1001,2,2,TRANSFER,1205.27,2023-11-15 11:37:37
1002,3,3,DEPOSIT,17327.72,2024-02-25 15:08:03
1003,4,4,WITHDRAWAL,47550.0,2023-01-08 10:51:37
1004,5,5,TRANSFER,37948.87,2023-01-02 03:15:15
1005,6,6,DEPOSIT,42451.81,2023-10-20 06:16:16
1006,7,7,WITHDRAWAL,5206.41,2023-08-27 20:24:49
1007,8,8,TRANSFER,49155.96,2024-02-16 12:27:28
1008,9,9,DEPOSIT,24606.52,2023-11-23 01:56:04
1009,10,10,WITHDRAWAL,48628.24,2023-02-16 12:31:30
1010,11,11,TRANSFER,35585.51,2023-04-21 14:02:02
1011,12,12,DEPOSIT,2204.57,2023-03-14 06:08:32
1012,13,13,WITHDRAWAL,44865.4,2023-06-29 18:57:41
1013,14,14,TRANSFER,20658.71,2024-02-08 17:00:50
1014,15,15,DEPOSIT,22928.32,2023-10-17 07:45:13
1015,16,16,WITHDRAWAL,29042.72,2023-03-07 22:41:44
1016,17,17,TRANSFER,6684.36,2024-01-28 13:51:23
1017,18,18,DEPOSIT,3750.78,2023-11-03 07:14:27
1018,19,19,WITHDRAWAL,3123.52,2024-03-17 00:56:44
1019,20,20,TRANSFER,48211.27,2024-05-29 12:50:59
1020,21,21,DEPOSIT,14590.88,2023-07-03 21:44:42
1021,22,22,WITHDRAWAL,46302.84,2023-09-02 16:11:30
1022,23,23,TRANSFER,35039.27,2023-11-02 05:10:07
1023,24,24,DEPOSIT,15909.71,2023-09-11 09:46:12
1024,25,25,WITHDRAWAL,11688.23,2023-07-31 05:37:29
1025,26,26,TRANSFER,6814.23,2023-06-07 10:50:14
1026,27,27,DEPOSIT,5457.55,2024-03-30 03:44:52
1027,28,28,WITHDRAWAL,8227.11,2023-03-24 01:36:11
1028,29,29,TRANSFER,15708.52,2023-12-28 23:53:49
1029,30,30,DEPOSIT,26800.87,2023-04-04 18:41:45
1030,31,31,WITHDRAWAL,22601.33,2023-06-11 06:37:11
1031,32,32,TRANSFER,13257.75,2023-12-26 21:24:23
1032,33,33,DEPOSIT,4530.14,2023-04-04 03:21:02
1033,34,34,WITHDRAWAL,41321.07,2023-08-25 06:58:41
1034,35,35,TRANSFER,2026.09,2024-04-13 14:22:24
1035,36,36,DEPOSIT,7424.71,2023-09-12 14:31:00
1036,37,37,WITHDRAWAL,48420.32,2023-07-12 19:08:00
1037,38,38,TRANSFER,25677.85,2023-11-04 18:31:55
1038,39,39,DEPOSIT,13015.74,2023-08-21 02:47:40
1039,40,40,WITHDRAWAL,1563.79,2023-05-16 01:07:46
1040,41,41,TRANSFER,42731.52,2023-11-11 02:25:02
1041,42,42,DEPOSIT,37406.44,2024-03-07 19:43:45
1042,43,43,WITHDRAWAL,4745.32,2023-07-14 01:35:26
1043,44,44,TRANSFER,40196.8,2023-03-21 03:41:26
1044,45,45,DEPOSIT,6081.45,2023-04-19 13:55:52
1045,46,46,WITHDRAWAL,41520.31,2023-02-17 21:35:48
1046,47,47,TRANSFER,6544.45,2023-06-22 15:45:04
1047,48,48,DEPOSIT,18618.26,2023-11-08 03:23:10
1048,49,49,WITHDRAWAL,46879.37,2024-05-04 13:35:52
1049,50,50,TRANSFER,29120.37,2023-03-07 06:36:30
1050,51,51,DEPOSIT,45872.25,2023-07-21 00:45:59
1051,52,52,WITHDRAWAL,1099.79,2023-02-28 05:51:44
1052,53,53,TRANSFER,9895.54,2023-02-20 01:50:45
1053,54,54,DEPOSIT,22177.13,2024-05-16 18:04:06
1054,55,55,WITHDRAWAL,4608.01,2023-04-11 00:50:54
1055,56,56,TRANSFER,6135.16,2023-09-15 12:32:16
1056,57,57,DEPOSIT,2541.38,2023-12-25 01:34:05
1057,58,58,WITHDRAWAL,21663.49,2024-03-21 17:58:36
1058,59,59,TRANSFER,24811.36,2023-11-03 19:18:33
1059,60,60,DEPOSIT,34163.81,2023-10-25 06:35:37
1060,61,61,WITHDRAWAL,17703.62,2023-05-15 05:21:35
1061,62,62,TRANSFER,13756.34,2023-05-26 08:44:58
1062,63,63,DEPOSIT,44172.36,2023-12-13 10:15:20
1063,64,64,WITHDRAWAL,30709.19,2023-01-27 21:54:44
1064,65,65,TRANSFER,12296.78,2024-04-24 05:17:16
1065,66,66,DEPOSIT,24949.59,2023-08-18 05:09:32
1066,67,67,WITHDRAWAL,23956.76,2024-03-03 17:34:50
1067,68,68,TRANSFER,13996.0,2023-03-10 03:14:53
1068,69,69,DEPOSIT,20967.55,2023-04-17 14:15:53
1069,70,70,WITHDRAWAL,44233.78,2024-05-14 03:54:40
1070,71,71,TRANSFER,12464.9,2024-02-13 09:53:04
1071,72,72,DEPOSIT,39744.36,2024-02-27 06:29:42
1072,73,73,WITHDRAWAL,39097.97,2023-10-25 02:16:51
1073,74,74,TRANSFER,23989.43,2023-10-06 22:20:05
1074,75,75,DEPOSIT,17208.27,2024-01-12 11:04:49
1075,76,76,WITHDRAWAL,25124.64,2024-03-15 08:30:03
1076,77,77,TRANSFER,13529.08,2023-10-29 15:57:06
1077,78,78,DEPOSIT,15950.69,2023-01-21 05:50:56
1078,79,79,WITHDRAWAL,1474.88,2023-06-20 02:49:56
1079,80,80,TRANSFER,2938.98,2023-08-07 04:57:52
1080,81,81,DEPOSIT,26476.32,2024-01-02 08:50:03
1081,82,82,WITHDRAWAL,49980.29,2024-03-29 14:20:32
1082,83,83,TRANSFER,5015.72,2023-05-04 23:37:19
1083,84,84,DEPOSIT,12065.23,2024-05-25 04:50:25
1084,85,85,WITHDRAWAL,40816.1,2024-02-19 12:41:40
1085,86,86,TRANSFER,38204.85,2023-02-13 10:12:46
1086,87,87,DEPOSIT,28788.85,2023-06-20 10:07:42
1087,88,88,WITHDRAWAL,17746.68,2023-10-29 16:43:14
1088,89,89,TRANSFER,8813.26,2023-05-15 22:13:37
1089,90,90,DEPOSIT,15907.04,2024-04-05 05:21:51
1090,91,91,WITHDRAWAL,45699.86,2023-10-06 16:12:08
1091,92,92,TRANSFER,35175.61,2023-01-22 21:48:30
1092,93,93,DEPOSIT,47378.46,2023-10-01 03:49:49
1093,94,94,WITHDRAWAL,7113.69,2024-03-13 18:23:11
1094,95,95,TRANSFER,41836.48,2023-05-27 04:55:47
1095,96,96,DEPOSIT,27110.81,2024-01-18 07:46:16
1096,97,97,WITHDRAWAL,24526.92,2023-05-17 08:36:55
1097,98,98,TRANSFER,2817.84,2023-03-12 02:31:10
1098,99,99,DEPOSIT,10948.26,2024-04-12 07:48:26
1099,100,100,WITHDRAWAL,23904.67,2024-02-13 21:42:41
1100,101,101,TRANSFER,45895.63,2023-09-15 15:58:11
1101,102,102,DEPOSIT,40324.21,2023-06-06 11:34:05
1102,103,103,WITHDRAWAL,35849.71,2023-09-22 16:12:32
1103,104,104,TRANSFER,2987.2,2023-09-09 08:07:57
1104,105,105,DEPOSIT,29334.59,2023-04-25 17:33:05
1105,106,106,WITHDRAWAL,38720.58,2023-04-21 00:35:49
1106,107,107,TRANSFER,43034.87,2024-02-13 18:50:51
1107,108,108,DEPOSIT,18685.8,2023-02-26 08:05:13
1108,109,109,WITHDRAWAL,19785.82,2024-05-29 07:10:33
1109,110,110,TRANSFER,16834.69,2023-03-20 11:22:34
1110,111,111,DEPOSIT,6831.22,2023-09-08 13:45:34
1111,112,112,WITHDRAWAL,36620.28,2023-05-03 08:05:06
1112,113,113,TRANSFER,39594.21,2023-12-06 07:49:00
1113,114,114,DEPOSIT,32462.52,2024-01-14 10:03:59
1114,115,115,WITHDRAWAL,35362.07,2023-05-16 07:22:23
1115,116,116,TRANSFER,34681.08,2024-03-12 12:00:58
1116,117,117,DEPOSIT,39351.72,2024-04-21 16:21:52
1117,118,118,WITHDRAWAL,33279.93,2023-06-23 09:26:35
1118,119,119,TRANSFER,18925.42,2023-05-17 04:47:28
1119,120,120,DEPOSIT,6376.14,2023-08-17 18:11:59
1120,121,121,WITHDRAWAL,47439.92,2023-01-02 09:30:55
1121,122,122,TRANSFER,19586.16,2024-03-20 22:24:52
1122,123,123,DEPOSIT,1628.81,2024-03-16 18:38:43
1123,124,124,WITHDRAWAL,15917.66,2024-04-12 21:20:19
1124,125,125,TRANSFER,11052.55,2024-04-19 20:58:14
1125,126,126,DEPOSIT,5214.47,2024-03-15 06:37:14
1126,127,127,WITHDRAWAL,7040.76,2024-01-21 09:33:35
1127,128,128,TRANSFER,11907.42,2023-03-02 10:25:15
1128,129,129,DEPOSIT,8402.69,2023-09-06 04:15:35
1129,130,130,WITHDRAWAL,41084.87,2023-03-10 21:58:21
1130,131,131,TRANSFER,36467.0,2024-05-11 09:44:15
1131,132,132,DEPOSIT,22337.03,2023-09-18 18:49:25
1132,133,133,WITHDRAWAL,10492.12,2023-07-25 23:55:05
1133,134,134,TRANSFER,17530.55,2023-02-22 15:47:10
1134,135,135,DEPOSIT,36023.48,2023-03-25 21:54:39
1135,136,136,WITHDRAWAL,19303.0,2023-02-07 09:32:01
1136,137,137,TRANSFER,48455.4,2023-11-22 22:54:11
1137,138,138,DEPOSIT,24659.17,2023-11-18 13:52:35
1138,139,139,WITHDRAWAL,17568.05,2023-10-22 03:42:50
1139,140,140,TRANSFER,5080.41,2023-10-19 12:59:09
1140,141,141,DEPOSIT,39438.61,2024-01-08 10:19:38
1141,142,142,WITHDRAWAL,32551.97,2024-03-24 23:44:07
1142,143,143,TRANSFER,8141.2,2023-06-25 05:10:00
1143,144,144,DEPOSIT,39961.74,2023-02-27 06:02:33
1144,145,145,WITHDRAWAL,14752.48,2023-01-26 22:51:34
1145,146,146,TRANSFER,13063.77,2023-09-05 13:18:49
1146,147,147,DEPOSIT,3719.28,2023-03-23 08:12:59
1147,148,148,WITHDRAWAL,44397.68,2023-05-13 02:59:26
1148,149,149,TRANSFER,36601.93,2023-05-05 23:28:37
1149,150,150,DEPOSIT,47092.29,2024-02-29 21:40:52
1150,151,151,WITHDRAWAL,16904.15,2023-03-14 07:35:49
1151,152,152,TRANSFER,44662.38,2024-04-21 15:10:00
1152,153,153,DEPOSIT,21571.85,2023-01-25 01:45:18
1153,154,154,WITHDRAWAL,8258.21,2024-05-22 16:38:34
1154,155,155,TRANSFER,7863.62,2023-12-04 06:04:54
1155,156,156,DEPOSIT,16561.42,2023-03-20 15:34:56
1156,157,157,WITHDRAWAL,20469.9,2023-05-28 13:33:47
1157,158,158,TRANSFER,36104.68,2024-03-06 09:24:15
1158,159,159,DEPOSIT,13270.59,2024-02-24 12:40:04
1159,160,160,WITHDRAWAL,14877.06,2023-08-07 15:58:13
1160,161,161,TRANSFER,2491.28,2023-03-16 12:00:08
1161,162,162,DEPOSIT,27487.64,2024-03-20 02:33:42
1162,163,163,WITHDRAWAL,7687.96,2024-01-17 07:56:21
1163,164,164,TRANSFER,200.74,2023-10-08 06:20:19
1164,165,165,DEPOSIT,14734.53,2023-03-10 01:30:39
1165,166,166,WITHDRAWAL,31258.3,2024-05-29 04:57:05
1166,167,167,TRANSFER,9991.74,2024-01-09 01:58:13
1167,168,168,DEPOSIT,10355.58,2023-01-20 23:44:53
1168,169,169,WITHDRAWAL,14597.66,2024-05-10 16:44:10
1169,170,170,TRANSFER,23683.8,2023-03-05 15:23:58
1170,171,171,DEPOSIT,15424.59,2023-03-31 17:14:32
1171,172,172,WITHDRAWAL,23552.51,2023-11-05 17:19:42
1172,173,173,TRANSFER,13257.57,2024-05-28 10:40:47
1173,174,174,DEPOSIT,27210.86,2024-05-13 13:15:23
1174,175,175,WITHDRAWAL,18557.32,2023-05-24 14:26:08
1175,176,176,TRANSFER,18476.39,2023-10-24 06:39:13
1176,177,177,DEPOSIT,2240.4,2023-12-13 05:51:12
1177,178,178,WITHDRAWAL,23258.25,2023-12-08 13:21:20
1178,179,179,TRANSFER,41855.57,2023-06-25 17:27:42
1179,180,180,DEPOSIT,3091.35,2024-03-14 06:19:07
1180,181,181,WITHDRAWAL,4294.51,2023-03-17 02:40:03
1181,182,182,TRANSFER,40410.93,2023-09-25 00:44:09
1182,183,183,DEPOSIT,48535.57,2023-11-18 13:16:13
1183,184,184,WITHDRAWAL,11383.36,2024-04-03 01:17:51
1184,185,185,TRANSFER,42041.45,2023-02-17 08:49:09
1185,186,186,DEPOSIT,20937.42,2024-02-10 21:38:22
1186,187,187,WITHDRAWAL,34356.53,2024-02-20 22:42:43
1187,188,188,TRANSFER,28639.99,2024-01-04 19:22:05
1188,189,189,DEPOSIT,23818.35,2023-07-03 00:41:08
1189,190,190,WITHDRAWAL,19746.27,2023-03-03 07:49:43
1190,191,191,TRANSFER,25110.05,2023-01-27 23:23:09
1191,192,192,DEPOSIT,40024.51,2024-02-06 10:10:28
1192,193,193,WITHDRAWAL,7380.91,2024-04-26 18:43:44
1193,194,194,TRANSFER,8652.22,2023-12-15 18:42:26
1194,195,195,DEPOSIT,48608.52,2023-05-10 20:10:38
1195,196,196,WITHDRAWAL,6318.04,2023-05-30 16:40:28
1196,197,197,TRANSFER,3927.64,2023-11-25 20:16:48
1197,198,198,DEPOSIT,10103.94,2023-12-05 04:19:06
1198,199,199,WITHDRAWAL,7402.43,2024-05-02 04:20:38
1199,200,200,TRANSFER,12901.74,2024-04-07 04:29:32
1200,201,1,DEPOSIT,4360.5,2023-02-22 01:11:36
1201,202,2,WITHDRAWAL,19873.78,2024-03-08 03:22:49
1202,203,3,TRANSFER,42832.64,2023-09-11 07:26:39
1203,204,4,DEPOSIT,22913.28,2024-02-08 15:41:23
1204,205,5,WITHDRAWAL,39329.67,2023-01-10 14:28:40
1205,206,6,TRANSFER,29382.93,2024-04-28 22:38:29
1206,207,7,DEPOSIT,5634.82,2023-11-22 21:47:45
1207,208,8,WITHDRAWAL,7418.51,2023-04-27 05:32:06
1208,209,9,TRANSFER,29138.03,2024-04-01 15:53:11
1209,210,10,DEPOSIT,46247.16,2023-03-19 19:56:16
1210,211,11,WITHDRAWAL,38979.44,2024-03-13 01:11:07
1211,212,12,TRANSFER,43375.09,2023-08-11 05:09:26
1212,213,13,DEPOSIT,43895.9,2023-09-25 02:11:09
1213,214,14,WITHDRAWAL,19158.34,2023-07-25 03:51:49
1214,215,15,TRANSFER,28605.44,2024-01-13 03:57:23
1215,216,16,DEPOSIT,1882.91,2024-01-03 10:13:41
1216,217,17,WITHDRAWAL,20154.67,2023-08-02 22:05:30
1217,218,18,TRANSFER,30436.68,2024-04-25 04:54:45
1218,219,19,DEPOSIT,1948.74,2023-11-09 00:36:06
1219,220,20,WITHDRAWAL,34528.78,2023-09-15 11:29:50
1220,221,21,TRANSFER,37290.03,2023-02-08 06:51:01
1221,222,22,DEPOSIT,44852.6,2023-07-28 14:46:30
1222,223,23,WITHDRAWAL,16899.93,2023-01-16 17:10:06
1223,224,24,TRANSFER,15554.36,2023-08-24 09:21:13
1224,225,25,DEPOSIT,42913.16,2024-01-17 20:26:46
1225,226,26,WITHDRAWAL,48625.11,2023-03-18 06:54:17
1226,227,27,TRANSFER,6727.93,2023-06-27 01:26:03
1227,228,28,DEPOSIT,38703.8,2023-12-11 04:10:49
1228,229,29,WITHDRAWAL,13478.3,2023-09-07 05:25:08
1229,230,30,TRANSFER,30252.91,2023-11-20 17:12:24
1230,231,31,DEPOSIT,9404.91,2023-03-11 08:25:39
1231,232,32,WITHDRAWAL,45672.51,2023-06-14 04:36:16
1232,233,33,TRANSFER,37049.83,2023-11-13 06:12:20
1233,234,34,DEPOSIT,43360.78,2024-02-06 04:17:03
1234,235,35,WITHDRAWAL,25768.33,2023-02-13 15:45:08
1235,236,36,TRANSFER,3290.19,2023-05-04 11:27:40
1236,237,37,DEPOSIT,20175.22,2024-01-29 15:20:55
1237,238,38,WITHDRAWAL,43967.84,2024-02-12 05:24:12
1238,239,39,TRANSFER,8695.13,2023-01-23 11:37:58
1239,240,40,DEPOSIT,41850.46,2023-06-05 21:49:05
1240,241,41,WITHDRAWAL,1663.22,2023-07-13 18:50:08
1241,242,42,TRANSFER,45902.37,2023-02-09 06:29:35
1242,243,43,DEPOSIT,13706.14,2023-06-04 15:40:30
1243,244,44,WITHDRAWAL,25261.27,2023-12-27 13:39:33
1244,245,45,TRANSFER,46154.45,2024-05-08 12:53:50
1245,246,46,DEPOSIT,12104.49,2023-01-24 17:44:21
1246,247,47,WITHDRAWAL,29706.24,2024-01-15 15:38:42
1247,248,48,TRANSFER,48026.41,2023-05-18 22:23:59
1248,249,49,DEPOSIT,29348.14,2024-01-04 14:51:18
1249,250,50,WITHDRAWAL,17219.01,2023-09-29 15:59:49
1250,251,51,TRANSFER,37450.57,2023-07-20 21:46:13
1251,252,52,DEPOSIT,14260.62,2023-03-12 05:01:39
1252,253,53,WITHDRAWAL,2492.06,2023-10-28 06:06:23
1253,254,54,TRANSFER,38993.71,2024-03-20 11:39:48
1254,255,55,DEPOSIT,42856.99,2023-06-16 11:11:16
1255,256,56,WITHDRAWAL,11263.35,2024-05-17 20:02:09
1256,257,57,TRANSFER,13461.49,2023-06-10 13:44:41
1257,258,58,DEPOSIT,25668.93,2023-11-15 01:46:02
1258,259,59,WITHDRAWAL,23710.12,2023-01-07 21:52:13
1259,260,60,TRANSFER,32372.1,2023-04-13 18:30:48
1260,261,61,DEPOSIT,40045.23,2024-04-11 22:05:53
1261,262,62,WITHDRAWAL,12627.0,2023-06-23 19:22:32
1262,263,63,TRANSFER,35639.9,2023-08-26 06:10:53
1263,264,64,DEPOSIT,13776.17,2024-05-14 05:32:52
1264,265,65,WITHDRAWAL,42580.79,2023-10-20 10:00:39
1265,266,66,TRANSFER,12607.42,2023-12-23 12:20:35
1266,267,67,DEPOSIT,15114.23,2023-12-29 11:52:53
1267,268,68,WITHDRAWAL,41217.3,2024-02-09 09:23:37
1268,269,69,TRANSFER,29228.51,2023-11-05 11:27:35
1269,270,70,DEPOSIT,25580.57,2023-01-06 16:58:07
1270,271,71,WITHDRAWAL,48324.61,2024-05-29 11:12:01
1271,272,72,TRANSFER,28077.24,2023-10-18 16:08:54
1272,273,73,DEPOSIT,30456.41,2024-04-06 04:43:20
1273,274,74,WITHDRAWAL,34223.81,2023-08-20 19:59:40
1274,275,75,TRANSFER,3201.21,2024-01-10 04:15:18
1275,276,76,DEPOSIT,32033.33,2023-08-03 18:01:16
1276,277,77,WITHDRAWAL,13064.73,2023-08-04 01:30:33
1277,278,78,TRANSFER,14946.57,2024-05-21 00:12:54
1278,279,79,DEPOSIT,25869.51,2023-04-27 10:53:04
1279,280,80,WITHDRAWAL,44985.36,2023-07-06 15:33:19
1280,281,81,TRANSFER,20210.88,2024-04-11 01:25:53
1281,282,82,DEPOSIT,34040.98,2023-09-06 05:30:35
1282,283,83,WITHDRAWAL,32773.47,2023-01-20 18:31:14
1283,284,84,TRANSFER,12978.72,2023-08-18 14:28:11
1284,285,85,DEPOSIT,20235.9,2023-11-22 02:37:47
1285,286,86,WITHDRAWAL,29155.35,2023-01-28 10:23:38
1286,287,87,TRANSFER,40802.57,2024-03-20 07:38:37
1287,288,88,DEPOSIT,36330.23,2023-09-24 13:05:50
1288,289,89,WITHDRAWAL,34319.04,2023-06-22 17:09:01
1289,290,90,TRANSFER,39247.0,2024-05-10 19:01:39
1290,291,91,DEPOSIT,25370.67,2023-10-06 10:52:15
1291,292,92,WITHDRAWAL,42033.53,2023-05-13 00:46:51
1292,293,93,TRANSFER,9064.98,2024-03-09 14:29:52
1293,294,94,DEPOSIT,23544.34,2023-03-17 19:27:10
1294,295,95,WITHDRAWAL,36262.08,2023-07-20 21:37:11
1295,296,96,TRANSFER,38148.28,2024-03-10 05:06:19
1296,297,97,DEPOSIT,47346.7,2023-05-23 04:38:29
1297,298,98,WITHDRAWAL,32725.19,2023-09-18 16:38:33
1298,299,99,TRANSFER,17770.62,2023-06-22 15:06:20
1299,300,100,DEPOSIT,21029.42,2023-08-27 12:29:03
1300,301,101,WITHDRAWAL,18590.4,2023-09-15 08:11:56
1301,302,102,TRANSFER,14709.62,2024-03-30 19:49:44
1302,303,103,DEPOSIT,23532.12,2023-04-02 11:36:20
1303,304,104,WITHDRAWAL,29182.9,2024-05-07 18:00:44
1304,305,105,TRANSFER,3570.07,2024-04-27 01:50:31
1305,306,106,DEPOSIT,25028.86,2023-06-01 02:33:33
1306,307,107,WITHDRAWAL,26496.63,2023-10-24 10:49:47
1307,308,108,TRANSFER,2712.56,2023-11-17 20:52:38
1308,309,109,DEPOSIT,6876.89,2023-04-28 02:42:50
1309,310,110,WITHDRAWAL,17140.07,2023-06-05 13:47:56
1310,311,111,TRANSFER,44643.33,2024-03-18 06:27:07
1311,312,112,DEPOSIT,7169.78,2023-12-22 09:44:59
1312,313,113,WITHDRAWAL,38949.27,2023-05-21 02:05:37
1313,314,114,TRANSFER,16638.15,2024-01-14 17:09:56
1314,315,115,DEPOSIT,15677.57,2023-05-18 08:14:35
1315,316,116,WITHDRAWAL,245.63,2023-02-15 01:27:06
1316,317,117,TRANSFER,10477.02,2023-08-01 10:55:44
1317,318,118,DEPOSIT,28818.18,2023-05-11 23:02:20
1318,319,119,WITHDRAWAL,24483.96,2023-05-04 01:26:40
1319,320,120,TRANSFER,6479.0,2023-03-10 09:12:34
1320,321,121,DEPOSIT,31678.04,2023-12-03 20:58:00
1321,322,122,WITHDRAWAL,21456.98,2023-11-10 07:47:58
1322,323,123,TRANSFER,19171.99,2024-01-06 19:23:10
1323,324,124,DEPOSIT,26693.79,2023-01-30 07:15:03
1324,325,125,WITHDRAWAL,47503.93,2023-10-17 19:06:51
1325,326,126,TRANSFER,37844.82,2023-09-08 06:29:17
1326,327,127,DEPOSIT,9536.93,2024-02-17 11:11:14
1327,328,128,WITHDRAWAL,31338.08,2023-01-04 04:52:25
1328,329,129,TRANSFER,11321.02,2023-07-13 06:23:57
1329,330,130,DEPOSIT,15611.49,2023-09-25 11:08:42
1330,331,131,WITHDRAWAL,19183.69,2023-03-21 18:37:12
1331,332,132,TRANSFER,15312.69,2024-04-02 05:37:01
1332,333,133,DEPOSIT,41193.95,2023-02-20 17:02:17
1333,334,134,WITHDRAWAL,47423.68,2023-08-20 14:53:34
1334,335,135,TRANSFER,36394.32,2023-12-21 03:04:56
1335,336,136,DEPOSIT,26210.64,2024-04-08 05:08:27
1336,337,137,WITHDRAWAL,44399.82,2023-12-03 20:06:20
1337,338,138,TRANSFER,17143.21,2023-04-14 22:00:56
1338,339,139,DEPOSIT,17968.95,2024-01-16 17:35:34
1339,340,140,WITHDRAWAL,8252.53,2023-05-27 08:30:57
1340,341,141,TRANSFER,966.05,2023-11-10 07:45:55
1341,342,142,DEPOSIT,36361.17,2023-06-24 05:39:11
1342,343,143,WITHDRAWAL,10567.4,2023-04-12 21:51:10
1343,344,144,TRANSFER,29488.74,2023-01-18 00:29:34
1344,345,145,DEPOSIT,6166.87,2023-05-12 06:06:14
1345,346,146,WITHDRAWAL,39608.44,2024-05-20 06:57:05
1346,347,147,TRANSFER,43828.44,2023-10-19 10:05:37
1347,348,148,DEPOSIT,38564.77,2023-07-18 16:15:20
1348,349,149,WITHDRAWAL,2438.86,2024-04-29 00:04:27
1349,350,150,TRANSFER,33101.88,2023-02-07 06:02:46
1350,351,151,DEPOSIT,41807.64,2024-05-22 15:23:00
1351,352,152,WITHDRAWAL,34490.59,2023-02-07 11:09:59
1352,353,153,TRANSFER,22221.27,2023-11-20 17:15:34
1353,354,154,DEPOSIT,27368.65,2023-04-06 23:58:44
1354,355,155,WITHDRAWAL,35096.39,2024-01-04 11:23:19
1355,356,156,TRANSFER,34762.65,2023-06-09 14:42:10
1356,357,157,DEPOSIT,475.13,2024-05-04 13:51:18
1357,358,158,WITHDRAWAL,33086.61,2023-11-23 21:36:45
1358,359,159,TRANSFER,26020.26,2024-05-29 13:34:39
1359,360,160,DEPOSIT,30285.66,2024-04-28 17:47:31
1360,361,161,WITHDRAWAL,20947.1,2023-04-17 12:54:48
1361,362,162,TRANSFER,25584.12,2023-03-23 11:44:35
1362,363,163,DEPOSIT,5895.55,2024-04-24 18:43:28
1363,364,164,WITHDRAWAL,39240.16,2023-03-30 13:20:52
1364,365,165,TRANSFER,9940.35,2024-01-22 14:31:43
1365,366,166,DEPOSIT,38900.17,2023-06-05 03:35:54
1366,367,167,WITHDRAWAL,48656.25,2024-02-11 08:09:00
1367,368,168,TRANSFER,35174.8,2023-10-06 00:08:47
1368,369,169,DEPOSIT,8027.08,2023-08-18 09:44:43
1369,370,170,WITHDRAWAL,24822.77,2024-03-01 18:02:49
1370,371,171,TRANSFER,34413.31,2023-06-11 07:41:47
1371,372,172,DEPOSIT,16536.87,2024-01-09 08:13:31
1372,373,173,WITHDRAWAL,647.34,2023-01-03 03:02:24
1373,374,174,TRANSFER,45344.93,2023-03-11 03:07:59
1374,375,175,DEPOSIT,33454.41,2024-03-21 22:58:59
1375,376,176,WITHDRAWAL,47472.81,2023-04-26 20:15:17
1376,377,177,TRANSFER,3761.66,2024-02-02 10:52:44
1377,378,178,DEPOSIT,45239.92,2023-03-20 16:11:28
1378,379,179,WITHDRAWAL,11565.7,2024-05-15 11:18:30
1379,380,180,TRANSFER,13213.61,2023-08-18 22:15:12
1380,381,181,DEPOSIT,4999.45,2023-02-08 21:33:45
1381,382,182,WITHDRAWAL,43708.28,2023-05-16 16:40:39
1382,383,183,TRANSFER,18017.13,2023-08-14 16:33:53
1383,384,184,DEPOSIT,21305.5,2023-08-31 21:16:58
1384,385,185,WITHDRAWAL,4758.97,2023-04-01 00:33:08
1385,386,186,TRANSFER,493.52,2023-02-05 15:26:04
1386,387,187,DEPOSIT,33171.12,2023-04-18 11:51:33
1387,388,188,WITHDRAWAL,16439.75,2023-05-13 10:34:45
1388,389,189,TRANSFER,47754.91,2023-12-06 23:35:23
1389,390,190,DEPOSIT,43924.99,2023-07-28 09:38:58
1390,391,191,WITHDRAWAL,18637.38,2023-03-14 04:44:17
1391,392,192,TRANSFER,9151.64,2023-09-24 04:48:52
1392,393,193,DEPOSIT,20018.51,2023-11-08 07:02:03
1393,394,194,WITHDRAWAL,13598.94,2023-12-21 14:29:52
1394,395,195,TRANSFER,34498.22,2023-10-27 14:15:28
1395,396,196,DEPOSIT,39996.96,2024-01-07 11:07:59
1396,397,197,WITHDRAWAL,44307.33,2024-05-18 23:22:30
1397,398,198,TRANSFER,5661.7,2023-05-10 12:58:51
1398,399,199,DEPOSIT,49078.64,2023-02-15 13:14:52
1399,400,200,WITHDRAWAL,5194.62,2023-05-04 19:20:44
1400,401,1,TRANSFER,24138.92,2024-04-03 20:23:01
1401,402,2,DEPOSIT,33922.87,2024-03-17 21:52:27
1402,403,3,WITHDRAWAL,30570.04,2023-05-21 18:56:30
1403,404,4,TRANSFER,30571.81,2023-10-06 12:46:05
1404,405,5,DEPOSIT,24159.15,2023-04-12 11:35:30
1405,406,6,WITHDRAWAL,5655.74,2024-01-15 03:16:05
1406,407,7,TRANSFER,22039.99,2023-11-16 10:53:39
1407,408,8,DEPOSIT,13088.03,2023-02-19 04:40:10
1408,409,9,WITHDRAWAL,627.89,2023-09-02 01:49:11
1409,410,10,TRANSFER,38378.76,2024-02-12 15:18:53
1410,411,11,DEPOSIT,36191.44,2024-03-23 21:30:59
1411,412,12,WITHDRAWAL,48895.0,2023-06-23 23:22:53
1412,413,13,TRANSFER,25959.79,2023-09-20 18:22:51
1413,414,14,DEPOSIT,4771.15,2024-04-25 04:48:38
1414,415,15,WITHDRAWAL,36335.33,2024-05-28 23:13:45
1415,416,16,TRANSFER,17294.02,2024-01-10 07:49:13
1416,417,17,DEPOSIT,19249.98,2024-05-13 04:38:44
1417,418,18,WITHDRAWAL,44604.17,2024-03-09 16:17:27
1418,419,19,TRANSFER,2737.76,2024-04-21 01:32:43
1419,420,20,DEPOSIT,46719.23,2024-05-14 17:49:16
1420,421,21,WITHDRAWAL,42443.79,2024-01-28 16:27:45
1421,422,22,TRANSFER,43472.09,2024-01-21 03:01:58
1422,423,23,DEPOSIT,37573.99,2023-02-28 03:35:21
1423,424,24,WITHDRAWAL,12052.18,2023-09-07 01:02:51
1424,425,25,TRANSFER,2527.03,2023-08-05 01:13:29
1425,426,26,DEPOSIT,27529.27,2023-06-22 23:33:01
1426,427,27,WITHDRAWAL,20169.82,2023-10-22 02:18:58
1427,428,28,TRANSFER,3950.74,2023-07-02 12:43:03
1428,429,29,DEPOSIT,40065.05,2023-12-12 00:16:50
1429,430,30,WITHDRAWAL,4410.11,2023-12-15 01:09:47
1430,431,31,TRANSFER,22358.94,2024-01-23 03:53:45
1431,432,32,DEPOSIT,49033.73,2023-04-03 04:51:21
1432,433,33,WITHDRAWAL,898.28,2024-05-22 11:45:20
1433,434,34,TRANSFER,20622.8,2023-11-10 08:39:37
1434,435,35,DEPOSIT,27459.45,2024-03-08 17:40:29
1435,436,36,WITHDRAWAL,39591.25,2023-03-12 14:24:56
1436,437,37,TRANSFER,31880.53,2024-04-25 20:13:46
1437,438,38,DEPOSIT,28121.01,2024-01-30 20:06:08
1438,439,39,WITHDRAWAL,33577.0,2024-05-23 10:33:12
1439,440,40,TRANSFER,18173.49,2023-09-22 17:58:58
1440,441,41,DEPOSIT,40831.27,2023-02-12 03:45:47
1441,442,42,WITHDRAWAL,16605.31,2023-12-19 23:44:53
1442,443,43,TRANSFER,30001.56,2024-04-26 09:07:33
1443,444,44,DEPOSIT,18171.09,2024-05-25 10:29:04
1444,445,45,WITHDRAWAL,5710.03,2023-12-18 11:48:59
1445,446,46,TRANSFER,11095.14,2024-05-26 18:58:38
1446,447,47,DEPOSIT,17763.4,2023-09-23 03:21:28
1447,448,48,WITHDRAWAL,48222.04,2024-05-07 04:18:01
1448,449,49,TRANSFER,27389.05,2023-08-15 18:58:05
1449,450,50,DEPOSIT,35107.78,2023-10-18 09:49:17
1450,451,51,WITHDRAWAL,44844.89,2023-02-05 13:21:56
1451,452,52,TRANSFER,7031.05,2024-01-18 11:24:50
1452,453,53,DEPOSIT,5357.01,2023-11-14 20:14:29
1453,454,54,WITHDRAWAL,9804.11,2024-04-19 11:06:08
1454,455,55,TRANSFER,46511.51,2023-04-04 18:51:53
1455,456,56,DEPOSIT,10787.32,2023-11-02 04:07:17
1456,457,57,WITHDRAWAL,35842.23,2023-05-29 00:38:44
1457,458,58,TRANSFER,37859.9,2023-03-25 16:53:56
1458,459,59,DEPOSIT,46332.06,2023-02-06 02:49:46
1459,460,60,WITHDRAWAL,6169.73,2024-04-02 08:14:04
1460,461,61,TRANSFER,22874.82,2023-12-16 22:00:51
1461,462,62,DEPOSIT,47809.95,2024-04-02 17:38:58
1462,463,63,WITHDRAWAL,48193.1,2023-04-15 13:47:49
1463,464,64,TRANSFER,26522.91,2023-01-04 08:51:33
1464,465,65,DEPOSIT,27665.78,2023-02-07 17:26:25
1465,466,66,WITHDRAWAL,41942.42,2023-12-03 04:10:12
1466,467,67,TRANSFER,46219.3,2024-01-11 02:30:15
1467,468,68,DEPOSIT,34593.97,2023-05-18 15:17:34
1468,469,69,WITHDRAWAL,36527.43,2023-05-15 21:04:32
1469,470,70,TRANSFER,5186.66,2023-04-10 17:12:35
1470,471,71,DEPOSIT,30031.3,2024-05-25 17:05:41
1471,472,72,WITHDRAWAL,25210.46,2023-09-07 23:36:09
1472,473,73,TRANSFER,20939.05,2023-10-26 18:37:52
1473,474,74,DEPOSIT,45796.35,2024-04-18 00:27:54
1474,475,75,WITHDRAWAL,13687.06,2023-07-12 19:30:23
1475,476,76,TRANSFER,48524.88,2023-09-24 07:21:04
1476,477,77,DEPOSIT,40241.79,2023-12-18 17:39:20
1477,478,78,WITHDRAWAL,20643.15,2023-04-18 07:51:43
1478,479,79,TRANSFER,14952.67,2024-02-02 21:51:50
1479,480,80,DEPOSIT,43036.77,2024-03-01 11:50:36
1480,481,81,WITHDRAWAL,31632.84,2024-03-05 23:30:29
1481,482,82,TRANSFER,10493.54,2023-06-06 00:50:38
1482,483,83,DEPOSIT,34333.7,2023-08-14 16:47:39
1483,484,84,WITHDRAWAL,49066.96,2023-04-14 01:10:48
1484,485,85,TRANSFER,48759.22,2024-05-19 22:29:18
1485,486,86,DEPOSIT,25199.63,2023-05-19 02:40:08
1486,487,87,WITHDRAWAL,16125.85,2024-05-09 16:15:21
1487,488,88,TRANSFER,38041.14,2023-03-31 15:18:35
1488,489,89,DEPOSIT,24023.69,2024-03-12 17:39:46
1489,490,90,WITHDRAWAL,47134.26,2024-03-19 05:28:00
1490,491,91,TRANSFER,33715.43,2023-11-21 06:21:09
1491,492,92,DEPOSIT,14303.54,2024-02-19 16:40:10
1492,493,93,WITHDRAWAL,40417.16,2023-11-25 01:51:09
1493,494,94,TRANSFER,5332.46,2024-02-11 00:23:35
1494,495,95,DEPOSIT,7274.88,2023-10-23 19:56:14
1495,496,96,WITHDRAWAL,10003.12,2023-02-13 23:11:22
1496,497,97,TRANSFER,49176.78,2023-05-06 00:03:11
1497,498,98,DEPOSIT,7329.96,2023-07-14 14:47:44
1498,499,99,WITHDRAWAL,34532.84,2023-02-18 04:22:32
1499,500,100,TRANSFER,10208.01,2023-08-18 05:49:08
1500,501,101,DEPOSIT,1625.0,2024-02-25 08:10:44
1501,502,102,WITHDRAWAL,5132.98,2023-12-18 12:58:23
1502,503,103,TRANSFER,43243.43,2024-03-12 10:17:42
1503,504,104,DEPOSIT,28067.91,2024-05-17 15:10:50
1504,505,105,WITHDRAWAL,25551.01,2023-07-04 13:06:02
1505,506,106,TRANSFER,34649.87,2023-08-12 09:58:23
1506,507,107,DEPOSIT,46324.98,2023-02-06 11:46:06
1507,508,108,WITHDRAWAL,20834.15,2023-10-29 00:32:32
1508,509,109,TRANSFER,48292.0,2023-08-31 20:17:33
1509,510,110,DEPOSIT,658.13,2023-02-11 18:56:44
1510,511,111,WITHDRAWAL,10162.33,2023-07-15 05:20:17
1511,512,112,TRANSFER,41500.87,2023-12-11 03:18:31
1512,513,113,DEPOSIT,35234.41,2024-05-07 06:40:25
1513,514,114,WITHDRAWAL,18393.38,2024-05-18 00:44:33
1514,515,115,TRANSFER,27335.29,2024-04-02 00:17:51
1515,516,116,DEPOSIT,9831.49,2024-04-13 15:56:54
1516,517,117,WITHDRAWAL,14715.94,2023-05-31 07:03:31
1517,518,118,TRANSFER,49172.83,2023-05-18 19:27:30
1518,519,119,DEPOSIT,9356.96,2023-02-27 20:12:09
1519,520,120,WITHDRAWAL,36756.62,2023-05-15 23:46:33
1520,521,121,TRANSFER,18866.14,2023-04-03 16:54:58
1521,522,122,DEPOSIT,13962.82,2023-11-29 19:57:52
1522,523,123,WITHDRAWAL,6512.03,2023-07-25 05:46:59
1523,524,124,TRANSFER,42302.25,2024-03-29 14:17:20
1524,525,125,DEPOSIT,16534.83,2023-01-05 09:13:58
1525,526,126,WITHDRAWAL,2006.63,2023-05-01 05:47:14
1526,527,127,TRANSFER,29848.05,2023-09-08 14:15:34
1527,528,128,DEPOSIT,30784.28,2024-04-30 17:40:46
1528,529,129,WITHDRAWAL,15064.73,2024-05-29 02:31:40
1529,530,130,TRANSFER,27512.51,2024-03-20 19:28:22
1530,531,131,DEPOSIT,39203.73,2023-02-26 14:35:47
1531,532,132,WITHDRAWAL,26274.5,2023-09-04 21:19:16
1532,533,133,TRANSFER,26035.11,2023-05-23 19:34:06
1533,534,134,DEPOSIT,7976.93,2024-01-28 08:29:55
1534,535,135,WITHDRAWAL,26856.43,2024-02-26 19:44:52
1535,536,136,TRANSFER,17476.65,2023-03-13 09:59:21
1536,537,137,DEPOSIT,33170.09,2023-06-15 17:12:11
1537,538,138,WITHDRAWAL,18046.28,2023-09-15 03:31:39
1538,539,139,TRANSFER,47515.91,2023-06-19 16:06:54
1539,540,140,DEPOSIT,26529.64,2024-04-25 05:35:08
1540,541,141,WITHDRAWAL,41186.18,2024-03-12 00:02:12
1541,542,142,TRANSFER,450.1,2024-05-19 07:49:53
1542,543,143,DEPOSIT,22288.91,2023-09-26 18:02:36
1543,544,144,WITHDRAWAL,30688.92,2024-05-13 20:40:31
1544,545,145,TRANSFER,12198.92,2024-04-27 10:44:02
1545,546,146,DEPOSIT,34130.74,2023-01-31 23:21:56
1546,547,147,WITHDRAWAL,19074.82,2023-09-07 06:41:58
1547,548,148,TRANSFER,19299.94,2023-03-30 01:26:42
1548,549,149,DEPOSIT,36201.54,2024-02-24 14:45:12
1549,550,150,WITHDRAWAL,45567.68,2023-01-20 04:32:53
1550,551,151,TRANSFER,25720.31,2023-10-19 05:43:28
1551,552,152,DEPOSIT,22283.39,2024-01-31 03:31:07
1552,553,153,WITHDRAWAL,14828.73,2023-02-04 01:27:15
1553,554,154,TRANSFER,9633.69,2024-05-21 01:21:57
1554,555,155,DEPOSIT,4126.45,2024-02-04 03:41:29
1555,556,156,WITHDRAWAL,8378.07,2023-03-16 12:45:27
1556,557,157,TRANSFER,26664.96,2024-02-22 20:34:39
1557,558,158,DEPOSIT,3282.94,2024-05-01 22:52:46
1558,559,159,WITHDRAWAL,38681.38,2024-05-03 23:00:01
1559,560,160,TRANSFER,41784.9,2023-11-26 11:50:14
1560,561,161,DEPOSIT,26892.33,2023-06-09 16:16:51
1561,562,162,WITHDRAWAL,32331.59,2023-12-05 01:25:11
1562,563,163,TRANSFER,37347.07,2023-02-26 00:25:24
1563,564,164,DEPOSIT,1197.41,2023-04-30 10:11:35
1564,565,165,WITHDRAWAL,1903.94,2023-09-15 15:37:22
1565,566,166,TRANSFER,2722.86,2023-02-26 21:26:32
1566,567,167,DEPOSIT,27908.63,2023-07-15 15:54:19
1567,568,168,WITHDRAWAL,41082.75,2024-03-22 14:04:26
1568,569,169,TRANSFER,20387.56,2023-07-20 21:32:50
1569,570,170,DEPOSIT,31514.56,2023-12-17 09:35:30
1570,571,171,WITHDRAWAL,15827.05,2023-12-03 08:10:18
1571,572,172,TRANSFER,33668.2,2023-10-30 12:50:27
1572,573,173,DEPOSIT,304.89,2024-02-20 10:02:07
1573,574,174,WITHDRAWAL,3171.25,2024-04-25 06:52:03
1574,575,175,TRANSFER,2285.39,2024-03-30 20:31:28
1575,576,176,DEPOSIT,17891.43,2023-02-26 09:09:55
1576,577,177,WITHDRAWAL,5315.72,2024-01-26 13:33:36
1577,578,178,TRANSFER,30332.23,2023-08-23 01:35:03
1578,579,179,DEPOSIT,38266.06,2023-08-07 15:51:55
1579,580,180,WITHDRAWAL,19076.86,2023-12-06 22:52:29
1580,581,181,TRANSFER,1550.65,2024-05-28 04:46:21
1581,582,182,DEPOSIT,26678.05,2023-05-02 10:04:50
1582,583,183,WITHDRAWAL,37340.23,2023-04-16 22:20:04
1583,584,184,TRANSFER,14755.97,2024-02-28 21:02:29
1584,585,185,DEPOSIT,7212.34,2024-05-07 11:28:04
1585,586,186,WITHDRAWAL,18662.79,2024-05-18 06:29:18
1586,587,187,TRANSFER,27680.67,2023-01-09 15:51:17
1587,588,188,DEPOSIT,7077.28,2024-03-07 03:15:00
1588,589,189,WITHDRAWAL,261.44,2023-02-02 10:42:28
1589,590,190,TRANSFER,19710.14,2024-04-08 10:27:11
1590,591,191,DEPOSIT,47349.5,2024-03-01 06:36:50
1591,592,192,WITHDRAWAL,10510.54,2023-08-25 15:51:17
1592,593,193,TRANSFER,10594.73,2023-09-25 01:51:33
1593,594,194,DEPOSIT,42574.43,2024-05-16 17:02:09
1594,595,195,WITHDRAWAL,8056.11,2023-04-21 15:33:21
1595,596,196,TRANSFER,30848.08,2023-06-21 11:47:09
1596,597,197,DEPOSIT,9724.37,2023-07-16 07:26:53
1597,598,198,WITHDRAWAL,33552.19,2023-05-21 20:45:28
1598,599,199,TRANSFER,42614.03,2024-03-16 15:06:04
1599,600,200,DEPOSIT,23068.65,2024-03-02 07:19:34
1600,601,1,WITHDRAWAL,3666.5,2024-03-02 22:29:27
1601,602,2,TRANSFER,12541.87,2023-02-22 07:43:58
1602,603,3,DEPOSIT,36282.21,2023-06-03 08:07:50
1603,604,4,WITHDRAWAL,47577.48,2024-01-14 09:53:14
1604,605,5,TRANSFER,6419.48,2023-10-05 09:32:29
1605,606,6,DEPOSIT,11734.3,2024-05-24 02:54:07
1606,607,7,WITHDRAWAL,30979.59,2023-08-10 11:20:29
1607,608,8,TRANSFER,15896.12,2023-05-31 07:04:29
1608,609,9,DEPOSIT,16424.02,2023-12-17 00:38:59
1609,610,10,WITHDRAWAL,15290.72,2024-05-27 04:31:18
1610,611,11,TRANSFER,7628.22,2024-03-29 17:43:00
1611,612,12,DEPOSIT,18231.03,2024-03-16 07:04:17
1612,613,13,WITHDRAWAL,47933.36,2023-09-03 16:52:38
1613,614,14,TRANSFER,251.55,2023-05-11 23:40:06
1614,615,15,DEPOSIT,39285.15,2023-07-11 05:02:13
1615,616,16,WITHDRAWAL,21811.84,2024-05-12 18:05:46
1616,617,17,TRANSFER,6723.95,2023-10-07 05:18:17
1617,618,18,DEPOSIT,43895.51,2023-09-15 12:46:52
1618,619,19,WITHDRAWAL,22273.45,2023-12-26 12:07:08
1619,620,20,TRANSFER,24353.7,2023-08-26 06:24:25
1620,621,21,DEPOSIT,8796.75,2023-03-26 12:47:14
1621,622,22,WITHDRAWAL,4107.86,2024-04-16 04:21:33
1622,623,23,TRANSFER,42937.1,2023-08-06 23:03:36
1623,624,24,DEPOSIT,44565.94,2023-04-19 17:49:12
1624,625,25,WITHDRAWAL,13169.1,2023-06-02 13:45:23
1625,626,26,TRANSFER,3832.35,2024-05-01 17:01:21
1626,627,27,DEPOSIT,44606.34,2023-02-28 13:33:25
1627,628,28,WITHDRAWAL,31585.01,2024-01-29 22:29:20
1628,629,29,TRANSFER,28949.25,2024-03-27 23:13:29
1629,630,30,DEPOSIT,10645.91,2024-04-03 07:04:26
1630,631,31,WITHDRAWAL,27584.18,2023-01-29 11:19:23
1631,632,32,TRANSFER,44700.36,2024-02-27 03:00:08
1632,633,33,DEPOSIT,23610.48,2024-02-24 04:18:38
1633,634,34,WITHDRAWAL,18297.27,2023-04-26 10:43:10
1634,635,35,TRANSFER,44572.96,2023-06-23 10:44:15
1635,636,36,DEPOSIT,36664.01,2024-04-02 22:57:16
1636,637,37,WITHDRAWAL,6702.72,2023-08-15 00:37:03
1637,638,38,TRANSFER,25525.5,2024-01-25 05:36:46
1638,639,39,DEPOSIT,18199.64,2023-11-05 04:36:41
1639,640,40,WITHDRAWAL,33137.3,2023-01-09 05:26:35
1640,641,41,TRANSFER,34211.24,2024-04-21 22:27:36
1641,642,42,DEPOSIT,7027.13,2024-02-04 08:12:08
1642,643,43,WITHDRAWAL,8965.47,2023-05-04 16:07:15
1643,644,44,TRANSFER,32974.07,2024-03-15 11:30:36
1644,645,45,DEPOSIT,36798.63,2023-04-24 13:20:52
1645,646,46,WITHDRAWAL,46959.37,2024-01-11 13:09:24
1646,647,47,TRANSFER,10948.77,2023-02-01 09:28:48
1647,648,48,DEPOSIT,11595.18,2024-01-14 18:18:30
1648,649,49,WITHDRAWAL,18478.06,2023-07-25 07:58:25
1649,650,50,TRANSFER,33432.59,2023-02-03 06:00:25
1650,651,51,DEPOSIT,45387.23,2024-02-07 06:04:49
1651,652,52,WITHDRAWAL,19410.77,2023-10-08 14:12:48
1652,653,53,TRANSFER,44078.78,2023-12-20 03:10:05
1653,654,54,DEPOSIT,49029.68,2023-01-31 23:52:38
1654,655,55,WITHDRAWAL,5170.22,2023-09-09 17:07:24
1655,656,56,TRANSFER,31682.01,2024-02-09 23:05:43
1656,657,57,DEPOSIT,41745.26,2023-08-01 10:19:19
1657,658,58,WITHDRAWAL,28935.79,2023-07-24 12:34:02
1658,659,59,TRANSFER,8700.75,2024-03-18 20:33:20
1659,660,60,DEPOSIT,18932.14,2024-05-22 17:23:27
1660,661,61,WITHDRAWAL,32670.29,2024-04-01 11:07:38
1661,662,62,TRANSFER,25837.98,2023-03-02 10:59:44
1662,663,63,DEPOSIT,48633.98,2023-10-20 07:16:36
1663,664,64,WITHDRAWAL,25823.43,2023-06-23 03:08:35
1664,665,65,TRANSFER,40863.67,2023-10-02 02:29:44
1665,666,66,DEPOSIT,24348.21,2023-09-25 23:52:07
1666,667,67,WITHDRAWAL,44359.73,2024-01-10 11:11:00
1667,668,68,TRANSFER,25096.83,2023-01-06 02:59:23
1668,669,69,DEPOSIT,22000.54,2023-04-18 22:33:25
1669,670,70,WITHDRAWAL,3863.64,2023-06-28 15:20:19
1670,671,71,TRANSFER,14047.67,2024-05-14 19:16:50
1671,672,72,DEPOSIT,9353.41,2023-04-27 16:41:03
1672,673,73,WITHDRAWAL,30104.99,2023-10-09 08:19:30
1673,674,74,TRANSFER,33058.87,2023-04-02 21:50:06
1674,675,75,DEPOSIT,40560.52,2023-11-19 00:57:33
1675,676,76,WITHDRAWAL,24081.02,2023-03-30 00:47:11
1676,677,77,TRANSFER,23956.27,2024-01-07 21:45:06
1677,678,78,DEPOSIT,8070.7,2024-04-03 21:08:26
1678,679,79,WITHDRAWAL,1132.08,2023-11-16 03:42:59
1679,680,80,TRANSFER,6402.98,2023-02-03 12:16:07
1680,681,81,DEPOSIT,8064.85,2024-04-05 02:09:38
1681,682,82,WITHDRAWAL,25637.01,2024-05-03 23:29:02
1682,683,83,TRANSFER,7351.79,2024-03-20 11:52:22
1683,684,84,DEPOSIT,12920.4,2023-05-10 04:49:40
1684,685,85,WITHDRAWAL,25836.87,2023-05-20 20:08:34
1685,686,86,TRANSFER,29971.88,2023-11-11 22:15:12
1686,687,87,DEPOSIT,31884.76,2024-03-13 18:21:11
1687,688,88,WITHDRAWAL,41066.95,2024-05-28 23:49:19
1688,689,89,TRANSFER,10837.5,2023-03-08 14:28:04
1689,690,90,DEPOSIT,49638.86,2024-04-16 02:27:43
1690,691,91,WITHDRAWAL,8536.63,2024-01-10 02:56:59
1691,692,92,TRANSFER,30045.93,2023-11-16 01:14:56
1692,693,93,DEPOSIT,41024.45,2024-03-28 13:18:40
1693,694,94,WITHDRAWAL,31164.35,2023-05-22 06:33:58
1694,695,95,TRANSFER,13233.39,2024-02-01 18:05:37
1695,696,96,DEPOSIT,46118.37,2023-09-24 03:51:19
1696,697,97,WITHDRAWAL,29533.89,2024-04-08 08:11:16
1697,698,98,TRANSFER,18916.79,2023-06-28 12:02:22
1698,699,99,DEPOSIT,5437.42,2023-04-13 16:37:57
1699,700,100,WITHDRAWAL,26140.34,2023-06-07 04:03:01
1700,701,101,TRANSFER,34221.55,2024-01-27 17:56:34
1701,702,102,DEPOSIT,30279.5,2023-04-27 04:01:21
1702,703,103,WITHDRAWAL,23798.7,2023-05-18 19:23:21
1703,704,104,TRANSFER,29994.69,2024-04-22 11:44:11
1704,705,105,DEPOSIT,25171.43,2024-02-17 18:34:20
1705,706,106,WITHDRAWAL,4668.57,2023-04-02 06:39:52
1706,707,107,TRANSFER,6525.14,2024-05-27 03:58:09
1707,708,108,DEPOSIT,26968.91,2024-04-13 17:34:58
1708,709,109,WITHDRAWAL,44849.48,2023-01-01 22:22:24
1709,710,110,TRANSFER,21580.53,2024-05-19 06:33:24
1710,711,111,DEPOSIT,18525.17,2023-11-23 18:07:06
1711,712,112,WITHDRAWAL,34885.16,2023-02-03 17:44:53
1712,713,113,TRANSFER,11482.02,2023-11-30 04:19:27
1713,714,114,DEPOSIT,39479.88,2024-01-10 11:25:56
1714,715,115,WITHDRAWAL,17532.39,2023-10-24 02:45:48
1715,716,116,TRANSFER,4894.87,2024-03-23 11:40:13
1716,717,117,DEPOSIT,12733.36,2023-04-14 23:45:43
1717,718,118,WITHDRAWAL,45505.17,2023-06-30 14:21:15
1718,719,119,TRANSFER,14170.5,2023-03-07 02:28:22
1719,720,120,DEPOSIT,20438.25,2024-02-27 07:52:51
1720,721,121,WITHDRAWAL,283.42,2023-05-27 19:36:25
1721,722,122,TRANSFER,28903.58,2023-01-06 12:36:57
1722,723,123,DEPOSIT,25992.89,2023-04-02 12:29:03
1723,724,124,WITHDRAWAL,32730.76,2023-10-19 07:03:49
1724,725,125,TRANSFER,20448.17,2023-09-03 08:50:05
1725,726,126,DEPOSIT,7747.38,2023-03-24 18:51:18
1726,727,127,WITHDRAWAL,29272.66,2024-05-21 02:15:20
1727,728,128,TRANSFER,42750.3,2023-07-22 23:02:20
1728,729,129,DEPOSIT,28237.87,2023-11-25 23:45:34
1729,730,130,WITHDRAWAL,13785.27,2024-04-20 06:16:57
1730,731,131,TRANSFER,37751.05,2023-11-05 17:04:56
1731,732,132,DEPOSIT,27609.73,2023-11-17 23:07:52
1732,733,133,WITHDRAWAL,24128.56,2024-03-09 01:43:17
1733,734,134,TRANSFER,27959.1,2023-10-15 13:16:11
1734,735,135,DEPOSIT,12696.34,2024-01-11 17:56:34
1735,736,136,WITHDRAWAL,28886.78,2023-08-27 04:25:40
1736,737,137,TRANSFER,36791.76,2023-11-06 05:40:35
1737,738,138,DEPOSIT,5963.1,2024-05-27 01:55:23
1738,739,139,WITHDRAWAL,22335.28,2023-06-28 11:14:51
1739,740,140,TRANSFER,5022.93,2023-05-06 16:04:46
1740,741,141,DEPOSIT,20034.04,2024-01-30 20:12:37
1741,742,142,WITHDRAWAL,40044.68,2023-09-20 20:56:19
1742,743,143,TRANSFER,34855.9,2024-04-21 22:15:44
1743,744,144,DEPOSIT,8045.29,2023-02-10 10:20:04
1744,745,145,WITHDRAWAL,274.48,2024-05-08 21:35:57
1745,746,146,TRANSFER,41164.54,2023-03-12 18:00:51
1746,747,147,DEPOSIT,46293.83,2024-01-02 08:32:27
1747,748,148,WITHDRAWAL,4416.15,2023-12-05 04:01:25
1748,749,149,TRANSFER,11096.29,2023-07-24 08:23:25
1749,750,150,DEPOSIT,30455.35,2023-03-04 04:02:55
1750,751,151,WITHDRAWAL,46534.94,2023-10-26 12:21:21
1751,752,152,TRANSFER,30702.14,2023-11-08 04:33:41
1752,753,153,DEPOSIT,14330.6,2024-02-09 16:14:50
1753,754,154,WITHDRAWAL,2882.58,2024-04-09 01:41:45
1754,755,155,TRANSFER,32018.16,2023-05-17 03:17:26
1755,756,156,DEPOSIT,545.41,2023-12-07 23:01:55
1756,757,157,WITHDRAWAL,46538.62,2024-05-25 05:12:33
1757,758,158,TRANSFER,14307.47,2024-02-07 11:04:38
1758,759,159,DEPOSIT,39200.13,2023-01-27 02:31:25
1759,760,160,WITHDRAWAL,25795.52,2024-02-01 13:18:06
1760,761,161,TRANSFER,30763.35,2023-06-29 22:39:35
1761,762,162,DEPOSIT,17993.4,2023-01-29 00:13:41
1762,763,163,WITHDRAWAL,24.36,2024-05-23 18:26:29
1763,764,164,TRANSFER,4351.27,2023-05-03 06:58:59
1764,765,165,DEPOSIT,38985.85,2023-08-03 07:50:09
1765,766,166,WITHDRAWAL,33486.41,2023-10-02 06:46:36
1766,767,167,TRANSFER,29308.15,2023-11-11 22:09:13
1767,768,168,DEPOSIT,778.17,2024-02-07 03:25:24
1768,769,169,WITHDRAWAL,45959.68,2023-02-23 07:07:00
1769,770,170,TRANSFER,14231.84,2024-03-02 21:08:58
1770,771,171,DEPOSIT,45751.3,2024-03-10 06:38:16
1771,772,172,WITHDRAWAL,17380.28,2023-09-28 08:57:56
1772,773,173,TRANSFER,11322.51,2023-08-03 18:28:47
1773,774,174,DEPOSIT,22743.4,2023-06-01 02:12:44
1774,775,175,WITHDRAWAL,28749.59,2023-11-10 18:17:39
1775,776,176,TRANSFER,8759.99,2023-07-22 19:23:48
1776,777,177,DEPOSIT,5332.18,2024-01-29 04:57:43
1777,778,178,WITHDRAWAL,25163.43,2023-02-26 05:22:20
1778,779,179,TRANSFER,47351.3,2023-09-22 01:25:24
1779,780,180,DEPOSIT,47835.9,2024-02-03 16:21:26
1780,781,181,WITHDRAWAL,40659.24,2024-02-22 19:14:45
1781,782,182,TRANSFER,12514.57,2024-03-22 12:47:55
1782,783,183,DEPOSIT,48303.11,2023-12-10 21:48:20
1783,784,184,WITHDRAWAL,24186.66,2024-03-13 10:13:25
1784,785,185,TRANSFER,37876.09,2023-07-08 22:56:31
1785,786,186,DEPOSIT,34082.92,2023-12-23 09:33:16
1786,787,187,WITHDRAWAL,43102.54,2024-03-31 19:14:20
1787,788,188,TRANSFER,5822.25,2024-01-10 08:34:30
1788,789,189,DEPOSIT,19139.84,2023-02-22 11:18:09
1789,790,190,WITHDRAWAL,33848.88,2023-06-21 04:13:27
1790,791,191,TRANSFER,40010.07,2023-06-28 14:12:30
1791,792,192,DEPOSIT,47772.73,2023-11-17 08:10:38
1792,793,193,WITHDRAWAL,26787.24,2024-02-06 04:20:11
1793,794,194,TRANSFER,12420.4,2023-07-24 13:11:38
1794,795,195,DEPOSIT,19952.54,2023-03-14 05:49:17
1795,796,196,WITHDRAWAL,3810.68,2023-09-23 15:12:33
1796,797,197,TRANSFER,23833.01,2023-05-19 15:12:55
1797,798,198,DEPOSIT,10936.12,2023-10-02 14:25:28
1798,799,199,WITHDRAWAL,13461.1,2024-03-21 14:46:42
1799,800,200,TRANSFER,24954.98,2023-05-28 16:58:44
1800,801,1,DEPOSIT,11750.72,2023-06-05 02:03:14
1801,802,2,WITHDRAWAL,43638.4,2023-07-08 00:15:37
1802,803,3,TRANSFER,11468.08,2023-06-10 14:37:59
1803,804,4,DEPOSIT,41818.37,2023-07-13 22:39:36
1804,805,5,WITHDRAWAL,7808.22,2023-10-04 12:49:52
1805,806,6,TRANSFER,6002.73,2023-03-24 20:49:57
1806,807,7,DEPOSIT,33793.85,2023-03-02 23:06:51
1807,808,8,WITHDRAWAL,24638.32,2024-05-30 07:07:16
1808,809,9,TRANSFER,38214.57,2023-01-06 03:28:27
1809,810,10,DEPOSIT,47900.07,2024-02-25 13:48:21
1810,811,11,WITHDRAWAL,18566.11,2024-01-10 14:34:33
1811,812,12,TRANSFER,24622.1,2023-09-02 23:47:50
1812,813,13,DEPOSIT,43439.75,2024-03-22 05:49:02
1813,814,14,WITHDRAWAL,9151.76,2024-01-17 05:16:29
1814,815,15,TRANSFER,14020.53,2024-02-02 00:13:17
1815,816,16,DEPOSIT,37510.97,2023-06-22 12:06:34
1816,817,17,WITHDRAWAL,2716.87,2023-04-10 14:40:40
1817,818,18,TRANSFER,23921.22,2023-11-25 16:34:11
1818,819,19,DEPOSIT,1637.81,2024-02-25 00:38:42
1819,820,20,WITHDRAWAL,19691.91,2023-09-27 17:56:07
1820,821,21,TRANSFER,22865.23,2023-05-16 18:30:53
1821,822,22,DEPOSIT,34915.25,2023-04-04 11:49:31
1822,823,23,WITHDRAWAL,15789.41,2023-12-24 08:20:14
1823,824,24,TRANSFER,600.88,2023-01-07 12:56:03
1824,825,25,DEPOSIT,18977.61,2023-06-13 16:42:33
1825,826,26,WITHDRAWAL,16278.56,2023-03-20 06:04:32
1826,827,27,TRANSFER,43093.48,2024-04-20 23:00:41
1827,828,28,DEPOSIT,27432.68,2023-05-26 08:46:27
1828,829,29,WITHDRAWAL,13477.72,2023-07-04 04:35:39
1829,830,30,TRANSFER,17161.39,2024-04-21 04:42:53
1830,831,31,DEPOSIT,24943.51,2023-05-23 20:23:57
1831,832,32,WITHDRAWAL,20960.46,2023-06-13 12:36:35
1832,833,33,TRANSFER,18260.25,2023-10-17 04:21:16
1833,834,34,DEPOSIT,13988.68,2023-11-08 03:35:14
1834,835,35,WITHDRAWAL,28574.77,2023-05-20 17:22:41
1835,836,36,TRANSFER,34303.74,2024-03-23 07:25:06
1836,837,37,DEPOSIT,36043.56,2023-03-19 13:42:24
1837,838,38,WITHDRAWAL,27771.45,2023-07-03 03:43:37
1838,839,39,TRANSFER,9811.2,2023-10-23 20:10:51
1839,840,40,DEPOSIT,23654.62,2023-04-27 03:46:40
1840,841,41,WITHDRAWAL,8838.6,2023-01-08 13:36:34
1841,842,42,TRANSFER,6732.24,2024-01-24 01:10:42
1842,843,43,DEPOSIT,25855.18,2024-05-04 20:12:18
1843,844,44,WITHDRAWAL,39268.79,2023-09-03 05:34:56
1844,845,45,TRANSFER,12556.19,2023-08-22 01:02:33
1845,846,46,DEPOSIT,2394.99,2024-03-17 01:12:09
1846,847,47,WITHDRAWAL,34530.25,2023-03-18 21:01:26
1847,848,48,TRANSFER,10781.21,2023-02-16 15:09:33
1848,849,49,DEPOSIT,23832.21,2023-07-17 12:18:11
1849,850,50,WITHDRAWAL,4824.13,2024-05-04 05:28:57
1850,851,51,TRANSFER,12995.86,2023-09-17 22:27:00
1851,852,52,DEPOSIT,28021.9,2023-10-07 20:36:05
1852,853,53,WITHDRAWAL,17213.57,2023-07-20 04:09:09
1853,854,54,TRANSFER,6070.66,2023-11-16 19:46:46
1854,855,55,DEPOSIT,9955.92,2024-04-15 08:45:19
1855,856,56,WITHDRAWAL,32496.78,2024-03-23 07:27:02
1856,857,57,TRANSFER,8735.2,2024-02-23 05:12:59
1857,858,58,DEPOSIT,17761.9,2023-08-10 01:29:28
1858,859,59,WITHDRAWAL,24379.81,2024-02-01 11:22:32
1859,860,60,TRANSFER,44482.73,2023-12-14 03:22:52
1860,861,61,DEPOSIT,30687.05,2023-10-23 23:40:41
1861,862,62,WITHDRAWAL,31589.29,2023-12-27 04:57:55
1862,863,63,TRANSFER,43414.2,2023-04-23 12:10:07
1863,864,64,DEPOSIT,40387.78,2024-05-12 13:17:19
1864,865,65,WITHDRAWAL,21096.61,2023-09-20 01:22:26
1865,866,66,TRANSFER,28586.16,2024-04-20 14:17:17
1866,867,67,DEPOSIT,3964.81,2023-02-25 09:57:00
1867,868,68,WITHDRAWAL,11418.61,2023-09-24 21:38:36
1868,869,69,TRANSFER,32654.12,2023-09-04 03:02:18
1869,870,70,DEPOSIT,30273.19,2023-07-27 18:02:48
1870,871,71,WITHDRAWAL,13569.69,2023-11-04 03:49:17
1871,872,72,TRANSFER,39050.89,2023-12-12 13:30:25
1872,873,73,DEPOSIT,37397.3,2023-10-10 01:52:59
1873,874,74,WITHDRAWAL,48276.65,2024-02-09 14:56:42
1874,875,75,TRANSFER,8374.23,2023-11-18 13:18:55
1875,876,76,DEPOSIT,6260.75,2023-01-18 22:38:08
1876,877,77,WITHDRAWAL,33104.51,2023-07-02 05:46:04
1877,878,78,TRANSFER,10536.47,2023-03-04 04:30:53
1878,879,79,DEPOSIT,5159.44,2023-11-05 09:27:58
1879,880,80,WITHDRAWAL,46840.32,2023-02-19 13:10:35
1880,881,81,TRANSFER,27426.2,2024-01-03 12:49:21
1881,882,82,DEPOSIT,38548.98,2023-01-21 11:28:39
1882,883,83,WITHDRAWAL,38252.17,2024-02-11 23:44:49
1883,884,84,TRANSFER,5205.38,2023-03-06 15:54:53
1884,885,85,DEPOSIT,7772.17,2024-04-25 02:15:34
1885,886,86,WITHDRAWAL,46580.16,2024-05-23 14:57:56
1886,887,87,TRANSFER,15475.44,2023-10-30 19:15:36
1887,888,88,DEPOSIT,36882.29,2023-07-12 03:48:19
1888,889,89,WITHDRAWAL,31327.77,2023-12-11 05:06:32
1889,890,90,TRANSFER,26341.85,2023-04-12 23:10:57
1890,891,91,DEPOSIT,1438.28,2023-05-13 12:21:48
1891,892,92,WITHDRAWAL,17848.49,2024-05-30 09:27:08
1892,893,93,TRANSFER,43213.41,2023-09-10 14:11:30
1893,894,94,DEPOSIT,48749.33,2023-12-29 21:07:03
1894,895,95,WITHDRAWAL,46743.53,2024-02-24 21:13:08
1895,896,96,TRANSFER,22247.8,2024-03-02 01:37:30
1896,897,97,DEPOSIT,8860.06,2024-02-23 21:02:56
1897,898,98,WITHDRAWAL,22832.61,2024-04-09 03:46:36
1898,899,99,TRANSFER,43865.91,2024-05-08 21:07:27
1899,900,100,DEPOSIT,26177.76,2023-12-04 20:33:57
1900,901,101,WITHDRAWAL,26693.87,2024-05-11 17:40:14
1901,902,102,TRANSFER,24087.77,2023-09-27 15:41:10
1902,903,103,DEPOSIT,40237.34,2023-06-26 09:58:51
1903,904,104,WITHDRAWAL,15400.33,2023-12-10 04:52:23
1904,905,105,TRANSFER,12997.75,2023-11-17 04:02:09
1905,906,106,DEPOSIT,537.69,2023-08-24 19:00:33
1906,907,107,WITHDRAWAL,40770.84,2024-02-11 11:19:18
1907,908,108,TRANSFER,17200.81,2023-04-16 20:49:28
1908,909,109,DEPOSIT,26759.59,2023-12-31 10:29:01
1909,910,110,WITHDRAWAL,47348.41,2024-01-18 02:16:14
1910,911,111,TRANSFER,14987.53,2024-01-06 13:10:29
1911,912,112,DEPOSIT,39900.26,2023-12-01 07:53:44
1912,913,113,WITHDRAWAL,11568.46,2024-04-08 16:57:23
1913,914,114,TRANSFER,27415.13,2023-01-06 14:33:10
1914,915,115,DEPOSIT,20592.68,2023-05-27 11:13:04
1915,916,116,WITHDRAWAL,21860.95,2024-03-11 09:29:26
1916,917,117,TRANSFER,8171.84,2023-07-14 02:24:04
1917,918,118,DEPOSIT,19492.27,2024-05-16 18:08:28
1918,919,119,WITHDRAWAL,11037.42,2023-10-21 21:06:19
1919,920,120,TRANSFER,21117.75,2023-03-03 12:34:35
1920,921,121,DEPOSIT,25835.34,2023-07-06 01:45:21
1921,922,122,WITHDRAWAL,40380.67,2024-04-21 07:10:43
1922,923,123,TRANSFER,14241.0,2023-07-31 03:55:59
1923,924,124,DEPOSIT,40442.34,2024-02-18 04:09:35
1924,925,125,WITHDRAWAL,9408.15,2023-11-17 17:05:10
1925,926,126,TRANSFER,9128.53,2023-02-23 04:15:38
1926,927,127,DEPOSIT,5526.71,2023-08-13 22:26:51
1927,928,128,WITHDRAWAL,30890.29,2023-12-20 16:12:32
1928,929,129,TRANSFER,35026.63,2023-07-31 08:56:52
1929,930,130,DEPOSIT,9397.59,2024-01-18 03:28:13
1930,931,131,WITHDRAWAL,7615.94,2023-01-16 01:33:23
1931,932,132,TRANSFER,1116.32,2024-02-20 12:34:39
1932,933,133,DEPOSIT,14112.91,2023-03-21 10:30:57
1933,934,134,WITHDRAWAL,35762.65,2023-04-08 02:53:58
1934,935,135,TRANSFER,11648.2,2023-01-07 08:56:07
1935,936,136,DEPOSIT,746.1,2023-04-28 00:56:51
1936,937,137,WITHDRAWAL,17102.22,2023-06-18 16:40:45
1937,938,138,TRANSFER,39288.41,2023-08-31 00:12:37
1938,939,139,DEPOSIT,49898.19,2024-01-23 02:46:12
1939,940,140,WITHDRAWAL,34849.77,2023-12-27 03:42:17
1940,941,141,TRANSFER,16519.13,2023-01-25 15:37:22
1941,942,142,DEPOSIT,2811.36,2023-04-24 11:16:28
1942,943,143,WITHDRAWAL,3578.52,2023-11-01 19:16:19
1943,944,144,TRANSFER,9088.37,2024-01-01 04:10:16
1944,945,145,DEPOSIT,40864.36,2023-07-14 05:49:08
1945,946,146,WITHDRAWAL,6106.86,2023-01-10 19:10:11
1946,947,147,TRANSFER,19246.05,2023-07-13 08:59:41
1947,948,148,DEPOSIT,12365.64,2023-12-11 01:23:25
1948,949,149,WITHDRAWAL,9967.0,2023-01-27 00:40:37
1949,950,150,TRANSFER,26061.74,2023-03-14 23:32:49
1950,951,151,DEPOSIT,23646.55,2023-06-11 21:44:10
1951,952,152,WITHDRAWAL,46811.4,2023-08-31 10:08:24
1952,953,153,TRANSFER,31461.92,2023-05-04 04:43:53
1953,954,154,DEPOSIT,37238.78,2023-02-02 18:24:08
1954,955,155,WITHDRAWAL,26051.1,2024-03-02 20:54:45
1955,956,156,TRANSFER,24066.67,2023-07-16 18:05:30
1956,957,157,DEPOSIT,9944.19,2023-08-21 02:16:46
1957,958,158,WITHDRAWAL,43184.25,2023-02-10 10:58:53
1958,959,159,TRANSFER,48663.97,2023-06-19 03:52:01
1959,960,160,DEPOSIT,31649.12,2023-07-03 06:43:19
1960,961,161,WITHDRAWAL,763.23,2023-09-10 01:22:11
1961,962,162,TRANSFER,29239.0,2023-08-03 10:52:40
1962,963,163,DEPOSIT,39459.3,2023-11-04 10:24:05
1963,964,164,WITHDRAWAL,48442.06,2023-01-07 22:27:52
1964,965,165,TRANSFER,39175.93,2024-03-27 08:03:38
1965,966,166,DEPOSIT,34423.44,2024-01-05 03:41:15
1966,967,167,WITHDRAWAL,18576.22,2023-05-01 09:15:33
1967,968,168,TRANSFER,12443.63,2023-03-11 12:01:34
1968,969,169,DEPOSIT,4579.16,2024-01-24 07:10:10
1969,970,170,WITHDRAWAL,16927.72,2024-04-25 12:22:33
1970,971,171,TRANSFER,3012.02,2024-04-30 13:18:40
1971,972,172,DEPOSIT,32232.3,2023-10-04 03:19:47
1972,973,173,WITHDRAWAL,39575.4,2024-02-21 14:21:02
1973,974,174,TRANSFER,24397.27,2023-04-08 17:35:37
1974,975,175,DEPOSIT,49083.97,2023-09-04 00:27:11
1975,976,176,WITHDRAWAL,37837.31,2024-05-15 17:04:19
1976,977,177,TRANSFER,36662.11,2023-12-07 18:18:46
1977,978,178,DEPOSIT,34465.61,2023-01-17 14:02:44
1978,979,179,WITHDRAWAL,36222.71,2023-10-06 04:43:33
1979,980,180,TRANSFER,44934.17,2023-07-14 17:18:59
1980,981,181,DEPOSIT,35334.23,2024-01-12 22:41:14
1981,982,182,WITHDRAWAL,14742.78,2024-03-10 04:58:38
1982,983,183,TRANSFER,9496.89,2024-01-16 15:58:37
1983,984,184,DEPOSIT,27185.59,2023-05-25 22:58:27
1984,985,185,WITHDRAWAL,36622.8,2023-09-09 09:50:55
1985,986,186,TRANSFER,43384.42,2023-08-02 20:25:11
1986,987,187,DEPOSIT,45724.56,2024-04-10 00:12:10
1987,988,188,WITHDRAWAL,8025.57,2024-03-06 17:00:28
1988,989,189,TRANSFER,7759.72,2024-02-17 13:07:09
1989,990,190,DEPOSIT,40972.73,2023-08-18 15:44:16
1990,991,191,WITHDRAWAL,18361.96,2024-02-25 16:16:00
1991,992,192,TRANSFER,38798.14,2023-01-01 13:25:06
1992,993,193,DEPOSIT,18958.39,2024-01-28 23:44:08
1993,994,194,WITHDRAWAL,44147.79,2023-05-25 02:36:35
1994,995,195,TRANSFER,42842.9,2024-04-26 08:41:25
1995,996,196,DEPOSIT,11946.94,2024-04-26 17:18:57
1996,997,197,WITHDRAWAL,32917.89,2023-02-19 04:46:33
1997,998,198,TRANSFER,40954.3,2024-02-23 14:52:39
1998,999,199,DEPOSIT,26208.25,2023-05-28 11:25:23
1999,1000,200,WITHDRAWAL,38289.05,2024-01-22 10:59:18
2000,1,1,TRANSFER,30655.83,2023-04-30 17:13:10
2001,2,2,DEPOSIT,20496.13,2023-09-08 13:42:02
2002,3,3,WITHDRAWAL,5532.1,2023-09-08 02:57:48
2003,4,4,TRANSFER,32947.96,2024-02-11 09:09:53
2004,5,5,DEPOSIT,41761.32,2023-02-04 00:04:02
2005,6,6,WITHDRAWAL,8940.15,2023-04-11 19:10:03
2006,7,7,TRANSFER,10111.93,2023-01-25 06:59:06
2007,8,8,DEPOSIT,9588.92,2024-01-12 23:57:28
2008,9,9,WITHDRAWAL,28554.9,2023-01-25 17:06:52
2009,10,10,TRANSFER,32899.48,2023-10-29 20:00:25
2010,11,11,DEPOSIT,31202.28,2024-02-13 10:01:14
2011,12,12,WITHDRAWAL,12804.37,2024-04-03 12:00:23
2012,13,13,TRANSFER,11043.93,2023-10-12 13:20:02
2013,14,14,DEPOSIT,664.17,2023-02-25 01:11:11
2014,15,15,WITHDRAWAL,32790.91,2023-06-12 03:09:36
2015,16,16,TRANSFER,23408.28,2023-03-04 02:30:10
2016,17,17,DEPOSIT,3044.4,2024-05-11 06:16:15
2017,18,18,WITHDRAWAL,37176.44,2024-03-09 10:14:40
2018,19,19,TRANSFER,41103.11,2023-11-20 01:55:46
2019,20,20,DEPOSIT,41183.91,2023-02-15 06:47:28
2020,21,21,WITHDRAWAL,26455.75,2023-07-26 11:09:45
2021,22,22,TRANSFER,41724.48,2023-02-24 16:07:47
2022,23,23,DEPOSIT,47230.73,2023-03-02 12:49:14
2023,24,24,WITHDRAWAL,4864.99,2024-02-08 11:54:26
2024,25,25,TRANSFER,26587.74,2023-06-29 10:29:15
2025,26,26,DEPOSIT,9664.04,2023-05-28 03:47:53
2026,27,27,WITHDRAWAL,12445.66,2024-05-25 05:03:56
2027,28,28,TRANSFER,47375.69,2024-04-30 16:54:13
2028,29,29,DEPOSIT,37462.23,2024-03-09 17:46:05
2029,30,30,WITHDRAWAL,37307.96,2023-11-19 11:36:06
2030,31,31,TRANSFER,28832.42,2024-05-11 00:49:11
2031,32,32,DEPOSIT,35130.5,2023-12-23 07:10:17
2032,33,33,WITHDRAWAL,44142.37,2023-11-28 17:15:17
2033,34,34,TRANSFER,39625.16,2023-05-10 13:33:03
2034,35,35,DEPOSIT,20083.84,2024-03-03 04:05:57
2035,36,36,WITHDRAWAL,32880.02,2023-09-20 03:41:45
2036,37,37,TRANSFER,49921.69,2024-02-19 16:37:34
2037,38,38,DEPOSIT,46676.66,2023-12-11 02:20:43
2038,39,39,WITHDRAWAL,27508.57,2023-09-02 18:54:53
2039,40,40,TRANSFER,42244.25,2023-09-10 03:59:28
2040,41,41,DEPOSIT,38211.58,2023-11-17 06:38:09
2041,42,42,WITHDRAWAL,41309.49,2023-12-01 10:44:36
2042,43,43,TRANSFER,30424.58,2023-09-09 05:33:43
2043,44,44,DEPOSIT,27285.86,2024-03-13 09:46:41
2044,45,45,WITHDRAWAL,38287.75,2023-10-19 07:40:56
2045,46,46,TRANSFER,18006.83,2023-07-17 08:33:52
2046,47,47,DEPOSIT,22380.51,2023-12-18 09:24:43
2047,48,48,WITHDRAWAL,19.78,2023-11-05 10:18:16
2048,49,49,TRANSFER,49147.99,2023-01-27 22:09:47
2049,50,50,DEPOSIT,824.96,2024-04-07 17:49:26
2050,51,51,WITHDRAWAL,49670.67,2023-04-15 22:10:48
2051,52,52,TRANSFER,338.38,2023-08-23 10:44:10
2052,53,53,DEPOSIT,10748.99,2023-06-22 08:16:04
2053,54,54,WITHDRAWAL,1094.85,2023-09-02 14:14:55
2054,55,55,TRANSFER,45956.41,2023-08-03 08:12:49
2055,56,56,DEPOSIT,27820.59,2024-02-02 02:47:28
2056,57,57,WITHDRAWAL,7744.19,2024-03-19 23:37:00
2057,58,58,TRANSFER,23023.89,2023-01-30 07:27:20
2058,59,59,DEPOSIT,6929.03,2023-05-02 06:02:50
2059,60,60,WITHDRAWAL,44482.37,2023-10-13 02:55:15
2060,61,61,TRANSFER,11657.38,2023-07-14 01:40:13
2061,62,62,DEPOSIT,4604.34,2023-08-22 06:02:35
2062,63,63,WITHDRAWAL,28457.56,2023-11-07 12:46:46
2063,64,64,TRANSFER,36715.96,2023-06-18 21:19:28
2064,65,65,DEPOSIT,39647.28,2023-09-10 04:41:54
2065,66,66,WITHDRAWAL,24418.94,2023-05-15 07:08:09
2066,67,67,TRANSFER,40977.57,2024-03-23 13:45:05
2067,68,68,DEPOSIT,29765.61,2023-03-16 01:42:53
2068,69,69,WITHDRAWAL,1878.21,2023-08-22 07:44:10
2069,70,70,TRANSFER,19083.49,2024-03-23 14:42:24
2070,71,71,DEPOSIT,46094.36,2023-02-13 10:28:29
2071,72,72,WITHDRAWAL,17403.03,2023-09-17 17:28:29
2072,73,73,TRANSFER,20831.92,2023-12-04 08:01:14
2073,74,74,DEPOSIT,43490.63,2023-04-04 15:02:17
2074,75,75,WITHDRAWAL,37386.46,2023-06-26 02:19:25
2075,76,76,TRANSFER,46433.37,2024-04-12 19:42:58
2076,77,77,DEPOSIT,38873.16,2024-05-07 08:30:43
2077,78,78,WITHDRAWAL,2715.86,2023-10-25 02:04:25
2078,79,79,TRANSFER,2068.7,2024-02-12 07:12:51
2079,80,80,DEPOSIT,28250.0,2024-02-24 09:01:10
2080,81,81,WITHDRAWAL,25125.06,2023-09-11 20:34:59
2081,82,82,TRANSFER,7668.34,2023-06-21 11:57:27
2082,83,83,DEPOSIT,48552.3,2023-11-02 03:51:51
2083,84,84,WITHDRAWAL,28766.99,2024-04-07 06:04:05
2084,85,85,TRANSFER,11112.06,2023-03-11 23:16:04
2085,86,86,DEPOSIT,39320.55,2023-08-14 01:56:49
2086,87,87,WITHDRAWAL,6618.13,2023-04-25 23:09:04
2087,88,88,TRANSFER,23797.97,2023-03-06 02:45:08
2088,89,89,DEPOSIT,27412.14,2023-02-08 07:13:31
2089,90,90,WITHDRAWAL,4263.1,2023-07-23 22:26:07
2090,91,91,TRANSFER,21730.21,2024-01-25 18:39:39
2091,92,92,DEPOSIT,38104.03,2023-04-12 06:22:09
2092,93,93,WITHDRAWAL,27969.22,2024-01-09 13:02:42
2093,94,94,TRANSFER,19771.99,2024-01-14 22:23:24
2094,95,95,DEPOSIT,9813.0,2024-03-19 18:22:33
2095,96,96,WITHDRAWAL,49853.97,2024-04-23 11:00:47
2096,97,97,TRANSFER,12319.83,2024-02-12 04:41:13
2097,98,98,DEPOSIT,13320.19,2023-02-25 15:32:26
2098,99,99,WITHDRAWAL,16177.35,2023-12-01 01:00:22
2099,100,100,TRANSFER,4488.84,2024-03-23 09:45:29
2100,101,101,DEPOSIT,21182.79,2023-11-18 05:43:41
2101,102,102,WITHDRAWAL,9532.58,2023-09-28 12:55:44
2102,103,103,TRANSFER,29697.92,2023-09-25 14:24:35
2103,104,104,DEPOSIT,38486.37,2023-01-19 19:14:52
2104,105,105,WITHDRAWAL,49382.72,2023-05-12 11:08:48
2105,106,106,TRANSFER,41080.99,2024-04-23 15:11:30
2106,107,107,DEPOSIT,31162.88,2023-12-10 11:23:37
2107,108,108,WITHDRAWAL,2253.43,2023-12-09 02:50:00
2108,109,109,TRANSFER,9992.26,2023-07-01 08:33:41
2109,110,110,DEPOSIT,7808.0,2023-10-18 08:31:28
2110,111,111,WITHDRAWAL,5627.46,2023-03-08 15:41:49
2111,112,112,TRANSFER,12159.99,2023-02-12 08:39:44
2112,113,113,DEPOSIT,46337.22,2024-04-27 08:19:28
2113,114,114,WITHDRAWAL,696.53,2023-08-12 10:50:19
2114,115,115,TRANSFER,15262.85,2023-03-28 10:22:19
2115,116,116,DEPOSIT,1147.18,2024-01-01 23:37:26
2116,117,117,WITHDRAWAL,37003.25,2023-06-12 08:13:12
2117,118,118,TRANSFER,10198.03,2023-06-14 13:38:31
2118,119,119,DEPOSIT,37520.25,2024-02-11 10:22:58
2119,120,120,WITHDRAWAL,24156.49,2024-03-02 06:22:28
2120,121,121,TRANSFER,34756.61,2023-04-20 18:54:24
2121,122,122,DEPOSIT,18836.57,2023-01-15 06:47:12
2122,123,123,WITHDRAWAL,26344.69,2024-05-30 09:03:53
2123,124,124,TRANSFER,8524.28,2023-07-18 10:03:05
2124,125,125,DEPOSIT,10042.8,2023-08-09 14:23:46
2125,126,126,WITHDRAWAL,13571.36,2024-04-24 23:41:54
2126,127,127,TRANSFER,32741.35,2023-12-28 03:29:52
2127,128,128,DEPOSIT,3339.22,2023-01-07 11:21:37
2128,129,129,WITHDRAWAL,13572.81,2024-05-27 22:14:30
2129,130,130,TRANSFER,18017.35,2024-05-27 17:09:46
2130,131,131,DEPOSIT,963.73,2023-03-25 19:14:31
2131,132,132,WITHDRAWAL,19332.3,2024-05-19 09:54:04
2132,133,133,TRANSFER,25431.93,2023-10-23 16:47:05
2133,134,134,DEPOSIT,45194.56,2023-03-19 08:44:51
2134,135,135,WITHDRAWAL,43339.97,2024-01-12 10:45:26
2135,136,136,TRANSFER,4410.15,2024-02-17 21:00:31
2136,137,137,DEPOSIT,25037.53,2023-06-04 11:18:08
2137,138,138,WITHDRAWAL,28038.77,2023-12-22 17:28:57
2138,139,139,TRANSFER,1997.22,2023-01-17 16:34:26
2139,140,140,DEPOSIT,15253.33,2024-02-16 05:01:03
2140,141,141,WITHDRAWAL,19676.06,2024-01-16 13:00:36
2141,142,142,TRANSFER,928.43,2023-05-02 22:47:24
2142,143,143,DEPOSIT,17775.35,2023-10-01 08:08:07
2143,144,144,WITHDRAWAL,11817.88,2023-08-23 19:46:08
2144,145,145,TRANSFER,13801.16,2024-01-25 08:00:16
2145,146,146,DEPOSIT,31293.36,2023-02-18 03:56:40
2146,147,147,WITHDRAWAL,44521.2,2023-10-28 17:22:58
2147,148,148,TRANSFER,47207.39,2023-01-23 21:17:02
2148,149,149,DEPOSIT,11286.88,2023-08-06 15:11:30
2149,150,150,WITHDRAWAL,44859.79,2023-09-23 11:21:20
2150,151,151,TRANSFER,6871.66,2024-05-25 06:05:44
2151,152,152,DEPOSIT,26040.69,2023-10-24 20:51:25
2152,153,153,WITHDRAWAL,43636.35,2024-04-20 16:51:55
2153,154,154,TRANSFER,20872.49,2023-06-26 15:33:53
2154,155,155,DEPOSIT,7645.93,2024-03-20 23:36:11
2155,156,156,WITHDRAWAL,45487.67,2023-08-31 15:14:12
2156,157,157,TRANSFER,22463.97,2023-09-13 18:18:44
2157,158,158,DEPOSIT,10345.8,2023-04-13 08:24:38
2158,159,159,WITHDRAWAL,29055.72,2023-04-18 15:15:13
2159,160,160,TRANSFER,43130.76,2023-06-07 03:20:09
2160,161,161,DEPOSIT,34429.72,2023-08-29 00:08:51
2161,162,162,WITHDRAWAL,45479.04,2024-02-11 20:26:30
2162,163,163,TRANSFER,49784.33,2023-12-01 00:58:46
2163,164,164,DEPOSIT,32815.03,2023-04-23 17:50:12
2164,165,165,WITHDRAWAL,45856.43,2024-03-14 17:27:38
2165,166,166,TRANSFER,3400.02,2023-09-04 14:33:30
2166,167,167,DEPOSIT,47430.59,2024-02-18 23:07:23
2167,168,168,WITHDRAWAL,9214.92,2023-04-02 22:53:56
2168,169,169,TRANSFER,36356.71,2023-04-24 00:44:31
2169,170,170,DEPOSIT,44007.79,2023-09-05 12:45:52
2170,171,171,WITHDRAWAL,48060.2,2023-11-18 14:16:04
2171,172,172,TRANSFER,22155.79,2023-08-24 14:49:06
2172,173,173,DEPOSIT,46663.17,2024-05-09 15:41:45
2173,174,174,WITHDRAWAL,7606.33,2023-08-01 15:55:49
2174,175,175,TRANSFER,5347.5,2023-05-26 23:20:10
2175,176,176,DEPOSIT,1319.65,2023-05-24 11:55:27
2176,177,177,WITHDRAWAL,30851.16,2024-04-20 08:09:49
2177,178,178,TRANSFER,28356.48,2024-04-15 09:17:10
2178,179,179,DEPOSIT,29822.07,2023-06-29 08:29:58
2179,180,180,WITHDRAWAL,34372.02,2023-06-29 08:31:07
2180,181,181,TRANSFER,3982.98,2023-10-07 01:07:00
2181,182,182,DEPOSIT,6712.99,2024-01-06 04:30:33
2182,183,183,WITHDRAWAL,23443.49,2024-04-14 16:38:39
2183,184,184,TRANSFER,18704.23,2024-05-19 12:50:07
2184,185,185,DEPOSIT,24577.37,2023-10-28 22:46:59
2185,186,186,WITHDRAWAL,8197.68,2023-04-17 19:25:22
2186,187,187,TRANSFER,1621.16,2023-06-25 18:02:08
2187,188,188,DEPOSIT,46272.5,2023-01-12 15:53:09
2188,189,189,WITHDRAWAL,11135.49,2023-11-17 19:41:55
2189,190,190,TRANSFER,37891.25,2023-06-07 13:05:30
2190,191,191,DEPOSIT,8862.14,2023-02-21 08:52:13
2191,192,192,WITHDRAWAL,43357.78,2023-12-08 04:52:10
2192,193,193,TRANSFER,34396.26,2024-01-16 13:11:51
2193,194,194,DEPOSIT,44380.47,2023-12-22 09:15:20
2194,195,195,WITHDRAWAL,20249.29,2023-11-29 02:12:56
2195,196,196,TRANSFER,30400.42,2023-02-02 11:41:53
2196,197,197,DEPOSIT,36012.84,2023-10-23 10:41:18
2197,198,198,WITHDRAWAL,30579.13,2023-11-03 03:30:06
2198,199,199,TRANSFER,29694.35,2024-03-20 05:37:51
2199,200,200,DEPOSIT,32073.28,2024-02-12 23:00:24
2200,201,1,WITHDRAWAL,26037.25,2023-01-30 21:54:54
2201,202,2,TRANSFER,22850.45,2023-12-17 18:36:46
2202,203,3,DEPOSIT,43890.22,2023-02-02 22:41:23
2203,204,4,WITHDRAWAL,25939.95,2023-07-10 20:35:00
2204,205,5,TRANSFER,49191.69,2023-11-04 06:43:37
2205,206,6,DEPOSIT,27889.47,2023-01-31 11:42:11
2206,207,7,WITHDRAWAL,38260.34,2024-02-05 21:17:55
2207,208,8,TRANSFER,9500.62,2023-02-08 06:56:01
2208,209,9,DEPOSIT,19908.01,2023-12-08 09:52:41
2209,210,10,WITHDRAWAL,38686.11,2023-08-25 13:18:02
2210,211,11,TRANSFER,23072.74,2023-08-11 01:50:03
2211,212,12,DEPOSIT,14728.04,2023-11-25 03:15:57
2212,213,13,WITHDRAWAL,34500.75,2023-02-12 08:49:24
2213,214,14,TRANSFER,23184.31,2023-04-21 11:32:19
2214,215,15,DEPOSIT,22590.39,2024-05-16 20:12:18
2215,216,16,WITHDRAWAL,5667.45,2024-01-24 20:56:15
2216,217,17,TRANSFER,46892.74,2024-03-30 17:32:11
2217,218,18,DEPOSIT,6773.98,2024-02-29 09:46:00
2218,219,19,WITHDRAWAL,16179.81,2023-11-18 05:18:15
2219,220,20,TRANSFER,8952.14,2023-01-20 08:23:43
2220,221,21,DEPOSIT,44831.91,2024-04-03 12:16:40
2221,222,22,WITHDRAWAL,44128.6,2023-06-06 20:17:07
2222,223,23,TRANSFER,12511.61,2023-03-12 01:04:14
2223,224,24,DEPOSIT,45359.05,2024-05-18 18:20:27
2224,225,25,WITHDRAWAL,35921.55,2023-05-08 09:04:12
2225,226,26,TRANSFER,4568.65,2023-04-06 23:01:52
2226,227,27,DEPOSIT,31707.28,2023-12-16 01:23:37
2227,228,28,WITHDRAWAL,26195.63,2023-03-08 06:13:45
2228,229,29,TRANSFER,36346.42,2023-10-26 07:54:27
2229,230,30,DEPOSIT,30607.51,2024-02-02 10:09:14
2230,231,31,WITHDRAWAL,18940.14,2023-05-05 04:44:45
2231,232,32,TRANSFER,2204.87,2023-10-23 15:01:44
2232,233,33,DEPOSIT,45613.52,2023-05-13 17:31:36
2233,234,34,WITHDRAWAL,43566.56,2024-03-15 05:31:37
2234,235,35,TRANSFER,8114.58,2023-04-27 13:52:31
2235,236,36,DEPOSIT,8951.55,2023-04-23 07:40:36
2236,237,37,WITHDRAWAL,20984.89,2023-02-09 20:29:48
2237,238,38,TRANSFER,36510.79,2023-08-29 09:50:21
2238,239,39,DEPOSIT,14446.14,2023-12-13 14:51:23
2239,240,40,WITHDRAWAL,5886.52,2023-05-21 08:25:05
2240,241,41,TRANSFER,48022.09,2023-04-13 04:39:42
2241,242,42,DEPOSIT,31131.79,2023-01-03 17:51:28
2242,243,43,WITHDRAWAL,620.27,2023-07-16 14:19:50
2243,244,44,TRANSFER,42772.0,2024-01-22 12:27:03
2244,245,45,DEPOSIT,40374.65,2024-02-27 03:35:45
2245,246,46,WITHDRAWAL,44136.32,2024-04-17 05:38:30
2246,247,47,TRANSFER,10851.52,2023-07-04 18:22:26
2247,248,48,DEPOSIT,23790.84,2024-05-27 05:25:24
2248,249,49,WITHDRAWAL,22099.35,2023-11-15 13:46:32
2249,250,50,TRANSFER,30009.1,2024-04-11 23:29:20
2250,251,51,DEPOSIT,44109.57,2023-07-10 01:47:02
2251,252,52,WITHDRAWAL,30992.1,2023-08-05 00:24:03
2252,253,53,TRANSFER,41007.87,2024-03-09 01:27:36
2253,254,54,DEPOSIT,2455.45,2023-06-11 06:38:43
2254,255,55,WITHDRAWAL,2762.65,2023-04-26 03:41:43
2255,256,56,TRANSFER,1845.69,2023-09-29 02:12:04
2256,257,57,DEPOSIT,33353.16,2023-01-26 04:34:40
2257,258,58,WITHDRAWAL,14929.09,2024-04-13 14:03:22
2258,259,59,TRANSFER,2461.08,2023-03-10 02:53:47
2259,260,60,DEPOSIT,49686.82,2023-11-20 20:38:25
2260,261,61,WITHDRAWAL,33607.8,2023-05-06 07:30:23
2261,262,62,TRANSFER,33049.62,2024-04-19 15:32:19
2262,263,63,DEPOSIT,28618.41,2024-04-07 03:01:32
2263,264,64,WITHDRAWAL,8879.19,2024-03-12 15:44:33
2264,265,65,TRANSFER,37469.25,2023-12-20 16:06:44
2265,266,66,DEPOSIT,46574.68,2023-10-07 18:24:10
2266,267,67,WITHDRAWAL,38427.91,2023-03-14 07:59:59
2267,268,68,TRANSFER,18434.79,2023-09-08 17:50:07
2268,269,69,DEPOSIT,41015.03,2023-10-22 07:56:29
2269,270,70,WITHDRAWAL,42167.05,2023-11-28 21:53:37
2270,271,71,TRANSFER,14648.71,2023-02-20 10:18:21
2271,272,72,DEPOSIT,6109.94,2023-04-15 12:06:55
2272,273,73,WITHDRAWAL,16467.13,2023-08-02 03:31:56
2273,274,74,TRANSFER,26237.06,2023-11-18 09:00:23
2274,275,75,DEPOSIT,30606.57,2023-06-12 08:59:33
2275,276,76,WITHDRAWAL,28572.64,2023-03-26 21:32:28
2276,277,77,TRANSFER,26452.04,2024-05-03 13:00:39
2277,278,78,DEPOSIT,24188.31,2023-03-10 02:16:56
2278,279,79,WITHDRAWAL,46695.24,2024-04-14 17:52:45
2279,280,80,TRANSFER,21358.41,2023-08-12 01:33:33
2280,281,81,DEPOSIT,12990.41,2023-09-03 19:46:27
2281,282,82,WITHDRAWAL,49751.27,2024-03-22 17:26:12
2282,283,83,TRANSFER,46356.0,2023-10-02 20:18:15
2283,284,84,DEPOSIT,28136.09,2024-04-22 03:11:42
2284,285,85,WITHDRAWAL,36461.95,2024-02-08 16:01:05
2285,286,86,TRANSFER,24630.3,2024-01-22 14:34:00
2286,287,87,DEPOSIT,44184.35,2023-05-20 17:42:49
2287,288,88,WITHDRAWAL,35432.27,2023-06-30 18:14:44
2288,289,89,TRANSFER,89.03,2023-05-31 08:08:05
2289,290,90,DEPOSIT,23249.63,2023-01-19 15:08:46
2290,291,91,WITHDRAWAL,36876.04,2023-04-02 14:17:41
2291,292,92,TRANSFER,39980.22,2023-06-11 00:55:36
2292,293,93,DEPOSIT,20707.92,2023-11-19 01:18:08
2293,294,94,WITHDRAWAL,17489.01,2023-09-17 06:20:19
2294,295,95,TRANSFER,10624.77,2024-05-10 03:55:38
2295,296,96,DEPOSIT,10067.35,2024-05-12 13:59:27
2296,297,97,WITHDRAWAL,12728.33,2023-08-07 17:54:08
2297,298,98,TRANSFER,15395.55,2023-02-22 16:33:21
2298,299,99,DEPOSIT,27504.18,2024-01-29 13:22:45
2299,300,100,WITHDRAWAL,5700.7,2023-01-05 18:17:42
2300,301,101,TRANSFER,17074.67,2023-09-16 20:50:36
2301,302,102,DEPOSIT,30803.51,2024-03-17 21:27:58
2302,303,103,WITHDRAWAL,41603.82,2023-01-23 14:47:14
2303,304,104,TRANSFER,16532.44,2023-05-31 16:42:45
2304,305,105,DEPOSIT,46114.77,2023-09-20 11:35:58
2305,306,106,WITHDRAWAL,45808.99,2024-01-08 03:13:31
2306,307,107,TRANSFER,32286.15,2023-01-28 14:51:13
2307,308,108,DEPOSIT,7777.76,2024-01-09 23:43:37
2308,309,109,WITHDRAWAL,44604.0,2023-12-24 18:32:26
2309,310,110,TRANSFER,44797.47,2024-02-22 01:48:01
2310,311,111,DEPOSIT,39201.61,2023-12-26 05:04:01
2311,312,112,WITHDRAWAL,46390.22,2023-11-18 12:38:39
2312,313,113,TRANSFER,41756.94,2023-02-13 12:19:51
2313,314,114,DEPOSIT,28251.48,2023-08-21 12:10:18
2314,315,115,WITHDRAWAL,27763.31,2023-09-03 01:23:57
2315,316,116,TRANSFER,10421.04,2023-01-15 12:56:12
2316,317,117,DEPOSIT,39978.77,2023-09-15 15:41:44
2317,318,118,WITHDRAWAL,3319.99,2023-10-02 15:29:55
2318,319,119,TRANSFER,14030.2,2023-04-26 23:14:42
2319,320,120,DEPOSIT,16964.23,2023-01-25 05:06:35
2320,321,121,WITHDRAWAL,31329.28,2023-10-19 10:59:42
2321,322,122,TRANSFER,28553.37,2023-05-09 21:53:43
2322,323,123,DEPOSIT,9377.07,2023-10-30 14:02:30
2323,324,124,WITHDRAWAL,43231.04,2023-04-01 18:08:30
2324,325,125,TRANSFER,35266.26,2023-08-28 10:46:55
2325,326,126,DEPOSIT,35494.9,2023-09-02 06:41:37
2326,327,127,WITHDRAWAL,20699.34,2023-07-30 21:04:43
2327,328,128,TRANSFER,43853.67,2024-01-22 01:45:58
2328,329,129,DEPOSIT,22600.8,2023-10-16 14:49:11
2329,330,130,WITHDRAWAL,10814.83,2023-08-24 01:24:28
2330,331,131,TRANSFER,8758.89,2023-08-23 19:37:17
2331,332,132,DEPOSIT,39249.35,2023-10-18 15:53:09
2332,333,133,WITHDRAWAL,45668.56,2023-06-06 23:23:14
2333,334,134,TRANSFER,25304.67,2023-12-11 16:32:55
2334,335,135,DEPOSIT,45248.74,2024-01-10 21:29:38
2335,336,136,WITHDRAWAL,9518.68,2023-04-30 16:13:04
2336,337,137,TRANSFER,36624.73,2024-01-11 12:34:12
2337,338,138,DEPOSIT,15524.83,2024-02-11 17:07:57
2338,339,139,WITHDRAWAL,7173.32,2023-09-12 06:01:18
2339,340,140,TRANSFER,41108.7,2023-03-18 07:32:30
2340,341,141,DEPOSIT,33839.1,2024-02-05 21:40:13
2341,342,142,WITHDRAWAL,10267.3,2023-04-14 02:01:37
2342,343,143,TRANSFER,22973.83,2023-01-29 09:23:19
2343,344,144,DEPOSIT,5800.64,2024-02-10 17:12:51
2344,345,145,WITHDRAWAL,46617.54,2023-08-30 13:06:42
2345,346,146,TRANSFER,43595.04,2024-04-06 14:19:24
2346,347,147,DEPOSIT,23349.13,2023-09-16 20:58:16
2347,348,148,WITHDRAWAL,5164.11,2023-02-05 20:06:27
2348,349,149,TRANSFER,37280.28,2024-05-26 20:21:26
2349,350,150,DEPOSIT,28882.22,2023-01-18 11:03:44
2350,351,151,WITHDRAWAL,31946.15,2023-08-31 10:45:55
2351,352,152,TRANSFER,16050.81,2023-06-12 23:48:25
2352,353,153,DEPOSIT,14335.5,2023-05-30 13:18:39
2353,354,154,WITHDRAWAL,15964.3,2024-02-18 10:20:24
2354,355,155,TRANSFER,33559.49,2023-12-09 14:59:28
2355,356,156,DEPOSIT,7474.54,2023-07-31 18:38:34
2356,357,157,WITHDRAWAL,5731.88,2023-08-01 12:57:40
2357,358,158,TRANSFER,27985.69,2024-04-28 20:32:08
2358,359,159,DEPOSIT,10336.8,2023-03-21 12:24:49
2359,360,160,WITHDRAWAL,27472.79,2023-09-30 02:24:12
2360,361,161,TRANSFER,7086.43,2023-07-30 12:46:38
2361,362,162,DEPOSIT,28708.41,2023-08-09 00:29:33
2362,363,163,WITHDRAWAL,3571.43,2023-05-14 00:47:49
2363,364,164,TRANSFER,44613.23,2024-04-21 08:02:55
2364,365,165,DEPOSIT,22187.95,2024-02-24 21:05:15
2365,366,166,WITHDRAWAL,1459.34,2023-04-12 00:45:18
2366,367,167,TRANSFER,5305.29,2023-02-09 04:34:05
2367,368,168,DEPOSIT,4315.12,2023-02-11 18:54:08
2368,369,169,WITHDRAWAL,8957.36,2023-11-01 09:51:28
2369,370,170,TRANSFER,44564.88,2024-04-08 00:30:27
2370,371,171,DEPOSIT,41810.36,2024-05-03 22:11:02
2371,372,172,WITHDRAWAL,30819.6,2023-12-13 06:59:25
2372,373,173,TRANSFER,16623.28,2023-08-31 16:18:57
2373,374,174,DEPOSIT,35647.81,2023-06-03 21:43:49
2374,375,175,WITHDRAWAL,3936.49,2024-02-19 08:52:47
2375,376,176,TRANSFER,28393.79,2023-12-28 17:11:26
2376,377,177,DEPOSIT,40644.42,2023-03-14 04:04:58
2377,378,178,WITHDRAWAL,4872.18,2023-12-30 17:17:44
2378,379,179,TRANSFER,34227.05,2023-08-30 02:07:13
2379,380,180,DEPOSIT,23532.59,2023-12-28 11:37:14
2380,381,181,WITHDRAWAL,7194.65,2023-06-23 19:49:51
2381,382,182,TRANSFER,12910.06,2024-04-24 04:38:02
2382,383,183,DEPOSIT,19609.93,2023-10-10 07:11:12
2383,384,184,WITHDRAWAL,39441.05,2023-09-14 13:45:33
2384,385,185,TRANSFER,22669.62,2023-09-10 05:59:07
2385,386,186,DEPOSIT,3277.61,2023-01-24 12:09:51
2386,387,187,WITHDRAWAL,17578.53,2023-03-29 16:22:02
2387,388,188,TRANSFER,42289.86,2023-12-25 06:10:05
2388,389,189,DEPOSIT,38399.4,2023-08-08 05:39:31
2389,390,190,WITHDRAWAL,28738.17,2024-04-14 11:34:57
2390,391,191,TRANSFER,5155.58,2024-01-30 12:52:05
2391,392,192,DEPOSIT,16300.23,2023-03-25 02:16:33
2392,393,193,WITHDRAWAL,3555.49,2024-05-19 10:39:06
2393,394,194,TRANSFER,26641.95,2023-08-23 15:53:24
2394,395,195,DEPOSIT,29530.89,2023-11-08 07:45:38
2395,396,196,WITHDRAWAL,31047.53,2023-07-05 07:21:56
2396,397,197,TRANSFER,7959.42,2024-03-01 14:30:36
2397,398,198,DEPOSIT,19196.98,2024-01-10 16:06:55
2398,399,199,WITHDRAWAL,10419.82,2023-09-22 15:22:20
2399,400,200,TRANSFER,21563.11,2024-04-04 00:28:58
2400,401,1,DEPOSIT,28364.89,2023-12-05 03:34:52
2401,402,2,WITHDRAWAL,27230.9,2023-09-23 19:05:09
2402,403,3,TRANSFER,8662.54,2023-07-03 10:14:08
2403,404,4,DEPOSIT,36970.96,2023-03-02 12:03:24
2404,405,5,WITHDRAWAL,41839.04,2024-03-21 23:38:43
2405,406,6,TRANSFER,29612.24,2023-03-30 19:07:57
2406,407,7,DEPOSIT,16275.65,2023-12-26 13:14:19
2407,408,8,WITHDRAWAL,41102.93,2023-03-17 20:24:02
2408,409,9,TRANSFER,15408.71,2023-05-17 20:07:17
2409,410,10,DEPOSIT,3489.69,2023-11-12 04:32:34
2410,411,11,WITHDRAWAL,34278.58,2023-03-26 11:08:48
2411,412,12,TRANSFER,38569.46,2024-04-08 05:48:09
2412,413,13,DEPOSIT,16377.14,2023-10-22 07:24:47
2413,414,14,WITHDRAWAL,33011.64,2024-05-15 23:28:06
2414,415,15,TRANSFER,10888.41,2023-03-12 07:39:27
2415,416,16,DEPOSIT,44364.2,2023-04-18 21:35:44
2416,417,17,WITHDRAWAL,40493.87,2024-05-09 02:22:30
2417,418,18,TRANSFER,33047.46,2023-04-24 23:09:31
2418,419,19,DEPOSIT,26567.48,2023-12-18 20:03:18
2419,420,20,WITHDRAWAL,30782.45,2023-10-30 21:48:13
2420,421,21,TRANSFER,9791.37,2023-12-14 07:39:44
2421,422,22,DEPOSIT,14993.77,2023-09-03 21:48:33
2422,423,23,WITHDRAWAL,45925.9,2023-08-25 13:13:33
2423,424,24,TRANSFER,35892.38,2023-12-04 15:53:57
2424,425,25,DEPOSIT,49514.56,2023-09-25 09:33:27
2425,426,26,WITHDRAWAL,415.88,2024-03-28 14:49:05
2426,427,27,TRANSFER,20215.83,2024-02-01 10:59:26
2427,428,28,DEPOSIT,42626.73,2023-04-10 01:48:37
2428,429,29,WITHDRAWAL,18467.45,2023-02-18 11:25:01
2429,430,30,TRANSFER,48395.3,2024-03-02 07:57:37
2430,431,31,DEPOSIT,35170.67,2023-01-01 15:43:13
2431,432,32,WITHDRAWAL,5493.82,2023-10-07 00:48:19
2432,433,33,TRANSFER,43285.33,2023-08-08 04:45:41
2433,434,34,DEPOSIT,21591.46,2023-07-02 17:12:47
2434,435,35,WITHDRAWAL,19719.47,2024-04-03 09:27:07
2435,436,36,TRANSFER,35591.56,2023-09-05 02:19:22
2436,437,37,DEPOSIT,19084.44,2023-11-12 08:59:50
2437,438,38,WITHDRAWAL,10568.69,2024-02-28 09:45:02
2438,439,39,TRANSFER,23748.82,2023-05-15 16:35:55
2439,440,40,DEPOSIT,27775.52,2023-05-27 04:48:09
2440,441,41,WITHDRAWAL,41999.73,2023-10-07 20:15:10
2441,442,42,TRANSFER,14430.66,2023-04-30 19:45:02
2442,443,43,DEPOSIT,6722.53,2023-04-08 12:24:21
2443,444,44,WITHDRAWAL,32422.98,2023-02-25 17:26:32
2444,445,45,TRANSFER,36069.75,2023-04-22 20:16:40
2445,446,46,DEPOSIT,32899.76,2024-01-14 00:46:13
2446,447,47,WITHDRAWAL,4242.33,2023-04-16 11:02:36
2447,448,48,TRANSFER,40299.02,2024-05-13 20:16:31
2448,449,49,DEPOSIT,44680.19,2023-12-21 04:59:24
2449,450,50,WITHDRAWAL,46516.25,2024-04-14 11:22:57
2450,451,51,TRANSFER,8998.07,2024-04-29 02:11:37
2451,452,52,DEPOSIT,21211.99,2024-01-31 16:10:56
2452,453,53,WITHDRAWAL,19241.89,2023-12-16 13:27:40
2453,454,54,TRANSFER,9297.69,2023-06-25 08:06:56
2454,455,55,DEPOSIT,381.43,2024-04-14 14:03:44
2455,456,56,WITHDRAWAL,42341.73,2024-01-22 22:19:07
2456,457,57,TRANSFER,35609.38,2023-07-03 21:20:21
2457,458,58,DEPOSIT,20547.78,2023-07-29 03:11:31
2458,459,59,WITHDRAWAL,28821.85,2024-02-29 05:16:37
2459,460,60,TRANSFER,48911.89,2023-01-26 23:46:28
2460,461,61,DEPOSIT,24168.57,2024-03-17 07:04:32
2461,462,62,WITHDRAWAL,5667.09,2023-10-14 06:48:11
2462,463,63,TRANSFER,48087.27,2024-01-10 00:25:26
2463,464,64,DEPOSIT,7112.95,2023-03-04 04:29:04
2464,465,65,WITHDRAWAL,49179.12,2024-02-13 20:57:26
2465,466,66,TRANSFER,23252.17,2023-08-06 00:46:23
2466,467,67,DEPOSIT,26172.61,2023-03-02 18:23:55
2467,468,68,WITHDRAWAL,4431.43,2024-04-18 20:32:25
2468,469,69,TRANSFER,31536.84,2024-01-02 23:08:08
2469,470,70,DEPOSIT,48020.95,2024-05-30 12:57:11
2470,471,71,WITHDRAWAL,34206.86,2023-03-02 15:33:08
2471,472,72,TRANSFER,39906.93,2024-02-23 19:21:52
2472,473,73,DEPOSIT,30655.83,2023-08-31 17:25:01
2473,474,74,WITHDRAWAL,26756.31,2023-09-24 20:09:53
2474,475,75,TRANSFER,23448.75,2023-01-09 09:01:01
2475,476,76,DEPOSIT,45303.69,2024-02-03 04:43:58
2476,477,77,WITHDRAWAL,36693.39,2024-03-21 19:29:19
2477,478,78,TRANSFER,17652.2,2023-11-24 00:18:32
2478,479,79,DEPOSIT,14467.53,2023-08-17 20:04:35
2479,480,80,WITHDRAWAL,34755.61,2023-01-28 10:31:43
2480,481,81,TRANSFER,37473.77,2024-04-09 04:45:07
2481,482,82,DEPOSIT,13029.55,2024-03-13 20:14:47
2482,483,83,WITHDRAWAL,23663.29,2024-05-03 19:00:11
2483,484,84,TRANSFER,28647.27,2023-05-12 07:51:55
2484,485,85,DEPOSIT,49518.34,2024-05-24 18:41:21
2485,486,86,WITHDRAWAL,1374.63,2024-04-29 22:06:45
2486,487,87,TRANSFER,4134.68,2024-01-12 12:35:05
2487,488,88,DEPOSIT,3852.34,2024-01-28 16:59:40
2488,489,89,WITHDRAWAL,12610.03,2023-08-04 19:28:37
2489,490,90,TRANSFER,14055.79,2024-04-23 07:18:08
2490,491,91,DEPOSIT,720.01,2023-07-19 14:00:06
2491,492,92,WITHDRAWAL,30195.04,2023-03-28 15:25:53
2492,493,93,TRANSFER,36950.97,2024-04-04 15:23:40
2493,494,94,DEPOSIT,22338.19,2024-05-26 23:33:06
2494,495,95,WITHDRAWAL,13070.02,2023-05-17 05:40:52
2495,496,96,TRANSFER,24251.08,2023-07-03 11:00:37
2496,497,97,DEPOSIT,43102.1,2024-02-14 15:14:26
2497,498,98,WITHDRAWAL,49203.74,2023-09-24 07:08:59
2498,499,99,TRANSFER,29781.25,2023-04-23 16:18:19
2499,500,100,DEPOSIT,41882.33,2023-04-30 17:34:11
2500,501,101,WITHDRAWAL,38520.69,2023-11-17 17:54:22
2501,502,102,TRANSFER,33036.76,2023-07-04 19:39:42
2502,503,103,DEPOSIT,8372.49,2024-05-10 05:15:11
2503,504,104,WITHDRAWAL,36720.71,2024-03-24 18:10:42
2504,505,105,TRANSFER,2725.75,2023-09-26 00:40:39
2505,506,106,DEPOSIT,37776.64,2023-07-25 08:41:21
2506,507,107,WITHDRAWAL,2635.63,2023-04-01 02:17:30
2507,508,108,TRANSFER,19943.25,2023-12-27 09:51:54
2508,509,109,DEPOSIT,23818.55,2023-08-23 01:53:25
2509,510,110,WITHDRAWAL,11690.73,2024-02-18 14:54:28
2510,511,111,TRANSFER,23734.73,2023-10-30 23:26:27
2511,512,112,DEPOSIT,26526.8,2023-04-23 17:47:20
2512,513,113,WITHDRAWAL,603.03,2023-12-04 16:02:07
2513,514,114,TRANSFER,19106.38,2023-12-15 14:37:22
2514,515,115,DEPOSIT,48088.52,2023-09-03 04:51:44
2515,516,116,WITHDRAWAL,4877.24,2023-02-01 20:37:25
2516,517,117,TRANSFER,31874.83,2024-02-17 16:01:33
2517,518,118,DEPOSIT,30528.17,2023-12-02 09:04:19
2518,519,119,WITHDRAWAL,42919.2,2024-05-21 11:23:23
2519,520,120,TRANSFER,13523.6,2023-09-18 04:14:42
2520,521,121,DEPOSIT,12774.64,2023-03-18 08:00:43
2521,522,122,WITHDRAWAL,19563.78,2024-03-29 17:50:43
2522,523,123,TRANSFER,36718.33,2023-07-07 19:25:19
2523,524,124,DEPOSIT,38527.16,2024-04-02 06:36:58
2524,525,125,WITHDRAWAL,16876.96,2024-02-08 20:36:49
2525,526,126,TRANSFER,15670.36,2023-05-20 17:53:22
2526,527,127,DEPOSIT,33643.36,2023-01-09 05:11:16
2527,528,128,WITHDRAWAL,607.95,2023-02-22 18:42:58
2528,529,129,TRANSFER,26267.96,2023-03-17 21:14:12
2529,530,130,DEPOSIT,17582.31,2023-12-13 08:57:54
2530,531,131,WITHDRAWAL,12602.29,2023-08-09 01:02:21
2531,532,132,TRANSFER,1194.79,2023-01-27 10:35:04
2532,533,133,DEPOSIT,2853.53,2023-03-13 09:54:35
2533,534,134,WITHDRAWAL,32833.71,2024-04-06 11:32:45
2534,535,135,TRANSFER,47524.94,2023-06-18 09:54:20
2535,536,136,DEPOSIT,6098.29,2024-05-10 14:43:37
2536,537,137,WITHDRAWAL,4328.45,2023-04-04 04:32:07
2537,538,138,TRANSFER,6504.06,2024-04-14 16:09:36
2538,539,139,DEPOSIT,38195.25,2024-05-24 20:04:57
2539,540,140,WITHDRAWAL,28307.78,2024-05-18 05:50:24
2540,541,141,TRANSFER,44801.12,2023-05-24 12:20:11
2541,542,142,DEPOSIT,12674.25,2023-05-24 02:54:40
2542,543,143,WITHDRAWAL,33027.29,2023-12-29 16:40:58
2543,544,144,TRANSFER,31942.64,2023-02-28 19:24:52
2544,545,145,DEPOSIT,38470.26,2023-08-03 16:09:46
2545,546,146,WITHDRAWAL,12874.26,2023-09-09 04:41:23
2546,547,147,TRANSFER,13871.6,2023-02-27 11:24:18
2547,548,148,DEPOSIT,19146.12,2023-02-18 10:59:06
2548,549,149,WITHDRAWAL,49797.97,2023-09-16 09:08:01
2549,550,150,TRANSFER,47780.73,2023-07-20 13:54:59
2550,551,151,DEPOSIT,8904.7,2023-07-25 13:42:37
2551,552,152,WITHDRAWAL,24591.17,2023-02-23 21:40:53
2552,553,153,TRANSFER,30518.99,2023-06-05 20:44:36
2553,554,154,DEPOSIT,32277.7,2023-05-19 14:24:11
2554,555,155,WITHDRAWAL,7202.19,2023-03-26 05:17:25
2555,556,156,TRANSFER,10927.14,2023-12-01 23:08:57
2556,557,157,DEPOSIT,5321.42,2024-05-14 16:41:33
2557,558,158,WITHDRAWAL,35772.86,2023-12-09 23:40:46
2558,559,159,TRANSFER,1752.7,2023-03-22 05:24:41
2559,560,160,DEPOSIT,28571.51,2023-02-24 16:34:51
2560,561,161,WITHDRAWAL,38864.09,2023-07-14 15:27:16
2561,562,162,TRANSFER,44826.65,2023-01-15 13:48:03
2562,563,163,DEPOSIT,32646.74,2023-04-26 14:50:41
2563,564,164,WITHDRAWAL,46645.36,2023-01-01 16:10:26
2564,565,165,TRANSFER,13329.16,2023-10-31 07:08:45
2565,566,166,DEPOSIT,45231.83,2023-09-14 04:29:34
2566,567,167,WITHDRAWAL,195.15,2024-03-22 08:04:14
2567,568,168,TRANSFER,23912.19,2024-01-17 02:55:40
2568,569,169,DEPOSIT,42204.02,2023-11-10 17:28:45
2569,570,170,WITHDRAWAL,27011.03,2023-02-24 10:45:10
2570,571,171,TRANSFER,19227.35,2023-01-03 13:39:13
2571,572,172,DEPOSIT,6068.97,2024-01-10 10:22:04
2572,573,173,WITHDRAWAL,46752.76,2024-02-20 18:47:28
2573,574,174,TRANSFER,16678.65,2023-10-06 18:43:21
2574,575,175,DEPOSIT,20036.73,2023-08-24 05:07:28
2575,576,176,WITHDRAWAL,49850.82,2024-05-06 02:24:50
2576,577,177,TRANSFER,4542.44,2024-05-17 14:20:28
2577,578,178,DEPOSIT,42668.57,2024-02-20 06:09:23
2578,579,179,WITHDRAWAL,4032.03,2023-09-22 03:13:47
2579,580,180,TRANSFER,38025.05,2023-12-24 00:17:54
2580,581,181,DEPOSIT,32393.15,2023-08-14 05:13:16
2581,582,182,WITHDRAWAL,27728.23,2023-05-18 04:24:13
2582,583,183,TRANSFER,33040.1,2023-10-26 09:19:47
2583,584,184,DEPOSIT,34797.16,2023-08-21 03:20:49
2584,585,185,WITHDRAWAL,31534.55,2023-03-24 22:18:00
2585,586,186,TRANSFER,24330.31,2023-10-07 01:06:45
2586,587,187,DEPOSIT,21904.81,2024-05-06 12:05:03
2587,588,188,WITHDRAWAL,7005.75,2023-05-28 03:52:27
2588,589,189,TRANSFER,1277.98,2023-05-30 23:30:33
2589,590,190,DEPOSIT,11931.87,2024-04-05 13:18:14
2590,591,191,WITHDRAWAL,3159.0,2023-10-29 23:09:07
2591,592,192,TRANSFER,32173.95,2024-02-24 20:37:13
2592,593,193,DEPOSIT,26701.66,2024-01-24 02:47:15
2593,594,194,WITHDRAWAL,48329.04,2023-12-15 23:41:40
2594,595,195,TRANSFER,1861.76,2023-01-13 18:03:32
2595,596,196,DEPOSIT,16892.55,2023-02-13 12:55:50
2596,597,197,WITHDRAWAL,20281.34,2023-02-03 06:07:14
2597,598,198,TRANSFER,40357.11,2023-06-14 09:58:01
2598,599,199,DEPOSIT,22923.93,2024-02-11 07:39:24
2599,600,200,WITHDRAWAL,7456.19,2024-02-21 18:13:45
2600,601,1,TRANSFER,11656.95,2024-03-25 23:47:12
2601,602,2,DEPOSIT,1853.51,2023-02-25 22:48:04
2602,603,3,WITHDRAWAL,24449.85,2023-04-20 23:26:15
2603,604,4,TRANSFER,23566.27,2023-01-15 19:21:36
2604,605,5,DEPOSIT,2299.63,2024-04-25 07:17:28
2605,606,6,WITHDRAWAL,6535.58,2024-05-18 22:15:19
2606,607,7,TRANSFER,31636.75,2023-05-14 18:57:15
2607,608,8,DEPOSIT,41038.75,2023-08-27 17:10:59
2608,609,9,WITHDRAWAL,22814.67,2023-03-17 13:39:31
2609,610,10,TRANSFER,41769.25,2023-05-13 13:52:50
2610,611,11,DEPOSIT,40891.83,2023-02-19 16:15:22
2611,612,12,WITHDRAWAL,5717.84,2023-03-24 14:09:26
2612,613,13,TRANSFER,39960.77,2024-04-07 03:10:57
2613,614,14,DEPOSIT,3164.87,2023-06-21 07:46:11
2614,615,15,WITHDRAWAL,21316.31,2023-06-07 09:30:16
2615,616,16,TRANSFER,16218.5,2023-11-09 05:59:01
2616,617,17,DEPOSIT,27298.78,2024-03-23 08:48:11
2617,618,18,WITHDRAWAL,41822.99,2023-09-07 18:52:11
2618,619,19,TRANSFER,38213.75,2023-06-15 14:55:46
2619,620,20,DEPOSIT,8680.65,2024-04-05 15:54:37
2620,621,21,WITHDRAWAL,6046.07,2023-02-19 02:32:29
2621,622,22,TRANSFER,37879.93,2023-04-20 16:50:41
2622,623,23,DEPOSIT,34817.83,2023-05-11 12:41:41
2623,624,24,WITHDRAWAL,8258.66,2024-03-05 20:16:04
2624,625,25,TRANSFER,46284.52,2023-07-09 05:51:52
2625,626,26,DEPOSIT,6677.21,2023-02-01 14:40:56
2626,627,27,WITHDRAWAL,30625.95,2024-05-06 00:57:42
2627,628,28,TRANSFER,791.36,2023-05-03 12:44:29
2628,629,29,DEPOSIT,4045.32,2024-01-14 05:43:54
2629,630,30,WITHDRAWAL,8978.85,2023-01-06 14:39:54
2630,631,31,TRANSFER,35340.0,2023-03-11 05:42:47
2631,632,32,DEPOSIT,44346.89,2024-04-06 03:56:20
2632,633,33,WITHDRAWAL,34678.24,2023-11-20 06:56:41
2633,634,34,TRANSFER,34620.99,2024-01-05 17:30:56
2634,635,35,DEPOSIT,7162.96,2023-06-10 03:06:18
2635,636,36,WITHDRAWAL,26159.11,2023-07-30 10:52:09
2636,637,37,TRANSFER,11970.3,2023-11-17 00:49:14
2637,638,38,DEPOSIT,30530.79,2023-05-16 13:49:40
2638,639,39,WITHDRAWAL,29817.64,2023-01-30 05:18:36
2639,640,40,TRANSFER,30606.37,2024-01-24 06:34:51
2640,641,41,DEPOSIT,31363.31,2023-03-10 08:50:02
2641,642,42,WITHDRAWAL,17399.2,2023-08-22 22:46:14
2642,643,43,TRANSFER,27889.94,2023-01-04 13:11:30
2643,644,44,DEPOSIT,5884.22,2023-05-30 01:19:43
2644,645,45,WITHDRAWAL,48839.81,2024-02-16 19:37:33
2645,646,46,TRANSFER,18101.45,2024-04-25 17:31:21
2646,647,47,DEPOSIT,25381.96,2024-02-24 05:09:45
2647,648,48,WITHDRAWAL,38518.86,2023-12-27 13:36:48
2648,649,49,TRANSFER,10413.35,2024-05-27 02:44:56
2649,650,50,DEPOSIT,9694.01,2023-02-11 05:16:41
2650,651,51,WITHDRAWAL,34265.34,2023-04-26 21:36:51
2651,652,52,TRANSFER,24880.77,2024-01-04 11:41:46
2652,653,53,DEPOSIT,33510.43,2023-05-05 02:08:04
2653,654,54,WITHDRAWAL,2710.84,2023-02-03 11:43:59
2654,655,55,TRANSFER,14260.38,2023-10-10 21:03:03
2655,656,56,DEPOSIT,12576.58,2023-12-04 14:52:00
2656,657,57,WITHDRAWAL,40259.63,2024-04-24 02:20:45
2657,658,58,TRANSFER,2175.44,2023-12-18 23:17:02
2658,659,59,DEPOSIT,46243.82,2023-02-10 17:51:41
2659,660,60,WITHDRAWAL,7910.7,2023-05-17 14:46:57
2660,661,61,TRANSFER,24258.22,2023-01-23 13:48:54
2661,662,62,DEPOSIT,3552.27,2023-04-01 03:36:36
2662,663,63,WITHDRAWAL,36072.94,2023-07-02 18:18:24
2663,664,64,TRANSFER,28992.29,2024-04-05 08:51:10
2664,665,65,DEPOSIT,9945.58,2023-11-22 11:57:41
2665,666,66,WITHDRAWAL,11510.86,2023-09-10 23:12:27
2666,667,67,TRANSFER,16313.35,2023-03-27 13:01:31
2667,668,68,DEPOSIT,11863.55,2023-03-18 04:02:52
2668,669,69,WITHDRAWAL,43495.62,2023-11-17 11:20:12
2669,670,70,TRANSFER,44569.34,2023-10-19 16:25:51
2670,671,71,DEPOSIT,23554.8,2023-02-27 02:41:35
2671,672,72,WITHDRAWAL,2726.42,2024-01-12 06:00:51
2672,673,73,TRANSFER,7255.61,2023-12-05 13:06:49
2673,674,74,DEPOSIT,22754.99,2024-04-18 08:39:53
2674,675,75,WITHDRAWAL,18680.52,2023-10-28 20:21:36
2675,676,76,TRANSFER,35993.86,2023-12-22 12:53:44
2676,677,77,DEPOSIT,17935.92,2024-05-05 21:43:39
2677,678,78,WITHDRAWAL,10118.52,2023-07-29 11:28:13
2678,679,79,TRANSFER,1614.41,2023-04-09 19:23:57
2679,680,80,DEPOSIT,2991.99,2024-03-17 16:41:58
2680,681,81,WITHDRAWAL,5564.35,2023-04-17 00:34:20
2681,682,82,TRANSFER,22934.36,2023-12-28 14:11:17
2682,683,83,DEPOSIT,38019.38,2023-05-13 23:25:25
2683,684,84,WITHDRAWAL,44321.58,2023-06-20 18:22:02
2684,685,85,TRANSFER,7847.84,2024-04-13 20:35:25
2685,686,86,DEPOSIT,47638.48,2024-05-10 13:10:02
2686,687,87,WITHDRAWAL,28910.29,2023-05-12 23:49:37
2687,688,88,TRANSFER,42751.65,2024-03-05 08:06:42
2688,689,89,DEPOSIT,20590.69,2023-03-09 03:59:54
2689,690,90,WITHDRAWAL,24465.78,2024-02-10 06:28:30
2690,691,91,TRANSFER,29583.13,2023-06-18 02:46:57
2691,692,92,DEPOSIT,13965.75,2023-12-26 10:31:33
2692,693,93,WITHDRAWAL,36811.58,2023-11-29 12:33:20
2693,694,94,TRANSFER,12399.09,2023-07-11 13:58:01
2694,695,95,DEPOSIT,28977.56,2023-12-04 06:58:58
2695,696,96,WITHDRAWAL,47313.16,2024-04-04 15:25:21
2696,697,97,TRANSFER,44913.61,2024-03-21 14:33:27
2697,698,98,DEPOSIT,49009.4,2023-11-21 11:49:54
2698,699,99,WITHDRAWAL,49563.76,2023-02-01 02:44:52
2699,700,100,TRANSFER,1690.69,2024-01-27 15:16:25
2700,701,101,DEPOSIT,19722.06,2024-02-17 12:49:35
2701,702,102,WITHDRAWAL,22627.54,2023-03-18 02:50:15
2702,703,103,TRANSFER,4163.75,2023-07-06 19:27:33
2703,704,104,DEPOSIT,34661.06,2023-01-10 15:34:52
2704,705,105,WITHDRAWAL,47497.2,2023-11-12 19:54:37
2705,706,106,TRANSFER,17926.7,2023-04-14 01:55:51
2706,707,107,DEPOSIT,32385.53,2023-07-05 16:26:45
2707,708,108,WITHDRAWAL,806.35,2023-03-12 11:19:14
2708,709,109,TRANSFER,8098.52,2023-08-25 18:33:58
2709,710,110,DEPOSIT,42897.53,2023-12-23 17:39:09
2710,711,111,WITHDRAWAL,1230.43,2024-03-29 08:12:47
2711,712,112,TRANSFER,23193.39,2023-12-20 06:50:49
2712,713,113,DEPOSIT,43711.21,2023-04-18 16:08:13
2713,714,114,WITHDRAWAL,9255.44,2023-11-11 20:27:54
2714,715,115,TRANSFER,31344.28,2023-10-15 17:08:16
2715,716,116,DEPOSIT,78.17,2024-05-06 23:28:29
2716,717,117,WITHDRAWAL,3544.22,2024-05-02 05:48:47
2717,718,118,TRANSFER,26550.71,2023-09-16 13:49:12
2718,719,119,DEPOSIT,21300.85,2023-08-19 08:50:16
2719,720,120,WITHDRAWAL,34905.77,2023-07-29 13:14:18
2720,721,121,TRANSFER,27126.33,2024-04-20 17:51:02
2721,722,122,DEPOSIT,39386.72,2023-06-10 21:29:21
2722,723,123,WITHDRAWAL,31026.56,2023-03-04 21:11:09
2723,724,124,TRANSFER,36790.68,2023-09-18 17:48:08
2724,725,125,DEPOSIT,25741.68,2023-02-12 13:45:49
2725,726,126,WITHDRAWAL,44400.02,2023-10-10 17:16:30
2726,727,127,TRANSFER,19153.92,2023-03-28 04:33:58
2727,728,128,DEPOSIT,30960.48,2023-12-28 10:48:22
2728,729,129,WITHDRAWAL,18327.99,2023-10-11 22:44:24
2729,730,130,TRANSFER,27943.93,2024-05-18 10:48:50
2730,731,131,DEPOSIT,28042.3,2023-02-22 01:04:50
2731,732,132,WITHDRAWAL,6928.91,2023-06-09 00:07:09
2732,733,133,TRANSFER,11939.25,2023-09-18 03:32:30
2733,734,134,DEPOSIT,32455.43,2023-03-30 04:52:06
2734,735,135,WITHDRAWAL,43557.86,2024-03-26 14:12:32
2735,736,136,TRANSFER,37661.14,2023-06-12 22:50:35
2736,737,137,DEPOSIT,16029.99,2023-06-25 02:27:16
2737,738,138,WITHDRAWAL,25183.26,2023-07-27 15:54:41
2738,739,139,TRANSFER,13864.5,2023-11-25 11:58:13
2739,740,140,DEPOSIT,18646.96,2023-02-19 05:17:13
2740,741,141,WITHDRAWAL,24316.48,2023-12-18 09:32:44
2741,742,142,TRANSFER,41479.7,2024-02-14 02:04:30
2742,743,143,DEPOSIT,35494.17,2024-01-01 04:29:21
2743,744,144,WITHDRAWAL,44973.57,2024-02-18 21:08:44
2744,745,145,TRANSFER,31051.35,2023-12-18 01:29:15
2745,746,146,DEPOSIT,9425.8,2023-02-20 23:23:13
2746,747,147,WITHDRAWAL,4374.56,2023-12-22 15:23:32
2747,748,148,TRANSFER,44898.31,2023-10-31 10:50:58
2748,749,149,DEPOSIT,47913.24,2023-08-12 23:39:23
2749,750,150,WITHDRAWAL,5477.15,2023-03-01 18:24:06
2750,751,151,TRANSFER,5610.11,2023-08-03 07:56:43
2751,752,152,DEPOSIT,24821.47,2023-04-25 22:03:47
2752,753,153,WITHDRAWAL,26039.18,2023-06-08 15:36:38
2753,754,154,TRANSFER,1144.29,2024-05-02 05:16:33
2754,755,155,DEPOSIT,48479.03,2023-11-20 12:48:21
2755,756,156,WITHDRAWAL,46586.76,2024-02-25 13:04:44
2756,757,157,TRANSFER,17341.55,2024-01-04 02:13:40
2757,758,158,DEPOSIT,36888.09,2023-12-11 18:09:03
2758,759,159,WITHDRAWAL,14582.92,2023-01-17 16:27:32
2759,760,160,TRANSFER,1111.61,2023-02-18 21:27:50
2760,761,161,DEPOSIT,41749.03,2023-06-30 10:54:32
2761,762,162,WITHDRAWAL,32237.15,2024-02-08 14:25:40
2762,763,163,TRANSFER,28939.44,2023-11-16 18:29:24
2763,764,164,DEPOSIT,32306.1,2024-05-24 08:15:42
2764,765,165,WITHDRAWAL,24312.56,2023-09-11 10:47:32
2765,766,166,TRANSFER,42096.97,2024-02-16 19:00:53
2766,767,167,DEPOSIT,22905.77,2023-12-12 20:10:44
2767,768,168,WITHDRAWAL,6606.39,2024-03-16 14:20:14
2768,769,169,TRANSFER,8595.14,2023-08-27 01:28:51
2769,770,170,DEPOSIT,11346.83,2023-07-21 22:53:25
2770,771,171,WITHDRAWAL,48536.5,2023-10-16 20:45:41
2771,772,172,TRANSFER,7425.43,2023-02-06 18:05:20
2772,773,173,DEPOSIT,22801.77,2023-08-09 21:15:55
2773,774,174,WITHDRAWAL,30935.33,2023-05-10 05:13:56
2774,775,175,TRANSFER,35593.49,2023-05-05 21:20:26
2775,776,176,DEPOSIT,9122.2,2023-08-10 13:22:54
2776,777,177,WITHDRAWAL,41968.19,2023-05-17 04:56:06
2777,778,178,TRANSFER,8071.12,2023-04-30 05:09:50
2778,779,179,DEPOSIT,2067.16,2023-04-01 19:29:49
2779,780,180,WITHDRAWAL,28730.51,2023-09-03 22:20:00
2780,781,181,TRANSFER,13027.76,2023-12-09 10:45:35
2781,782,182,DEPOSIT,10265.72,2023-05-24 07:15:56
2782,783,183,WITHDRAWAL,33281.01,2023-01-27 22:39:05
2783,784,184,TRANSFER,7405.73,2023-09-25 01:46:22
2784,785,185,DEPOSIT,26997.93,2023-12-15 07:19:27
2785,786,186,WITHDRAWAL,26686.81,2023-05-07 07:02:20
2786,787,187,TRANSFER,46022.49,2023-04-05 08:44:17
2787,788,188,DEPOSIT,46554.14,2023-11-11 05:35:18
2788,789,189,WITHDRAWAL,47389.97,2023-04-23 22:09:07
2789,790,190,TRANSFER,7811.1,2023-09-06 17:17:41
2790,791,191,DEPOSIT,48780.3,2024-02-29 04:53:29
2791,792,192,WITHDRAWAL,32365.73,2023-09-15 07:31:07
2792,793,193,TRANSFER,23700.79,2023-08-18 13:34:45
2793,794,194,DEPOSIT,48480.58,2023-08-14 02:46:12
2794,795,195,WITHDRAWAL,33347.72,2024-03-21 15:03:26
2795,796,196,TRANSFER,36429.9,2024-03-15 00:40:44
2796,797,197,DEPOSIT,16940.83,2023-12-10 09:26:40
2797,798,198,WITHDRAWAL,36584.71,2023-03-29 05:42:53
2798,799,199,TRANSFER,6979.77,2023-02-01 03:09:44
2799,800,200,DEPOSIT,5852.64,2024-03-03 22:38:19
2800,801,1,WITHDRAWAL,20087.48,2023-01-20 06:13:24
2801,802,2,TRANSFER,22304.17,2023-06-21 03:53:51
2802,803,3,DEPOSIT,16325.06,2023-03-13 19:58:23
2803,804,4,WITHDRAWAL,32069.22,2024-04-17 08:45:36
2804,805,5,TRANSFER,26326.43,2024-03-29 03:57:01
2805,806,6,DEPOSIT,9793.83,2023-08-04 20:56:16
2806,807,7,WITHDRAWAL,26925.23,2023-03-06 22:13:19
2807,808,8,TRANSFER,33856.4,2023-12-12 23:56:25
2808,809,9,DEPOSIT,48792.22,2023-03-09 20:49:26
2809,810,10,WITHDRAWAL,9730.56,2023-11-03 08:35:20
2810,811,11,TRANSFER,30162.56,2023-09-04 19:26:05
2811,812,12,DEPOSIT,47170.67,2024-02-02 08:05:31
2812,813,13,WITHDRAWAL,19883.92,2023-10-08 10:44:13
2813,814,14,TRANSFER,18487.8,2023-11-29 03:47:46
2814,815,15,DEPOSIT,619.42,2023-10-17 14:04:35
2815,816,16,WITHDRAWAL,17574.24,2023-09-25 21:46:43
2816,817,17,TRANSFER,43716.34,2023-12-13 02:08:21
2817,818,18,DEPOSIT,10792.6,2023-03-10 00:57:24
2818,819,19,WITHDRAWAL,37078.97,2023-12-12 00:52:03
2819,820,20,TRANSFER,40186.24,2023-11-19 19:31:39
2820,821,21,DEPOSIT,8197.88,2023-08-13 04:31:41
2821,822,22,WITHDRAWAL,36432.99,2023-11-26 04:48:17
2822,823,23,TRANSFER,6986.99,2023-11-18 17:07:54
2823,824,24,DEPOSIT,29900.81,2024-04-01 01:49:47
2824,825,25,WITHDRAWAL,10397.11,2023-04-22 13:37:49
2825,826,26,TRANSFER,49419.24,2024-01-04 15:25:47
2826,827,27,DEPOSIT,49332.05,2024-02-13 00:19:16
2827,828,28,WITHDRAWAL,46658.32,2023-02-21 08:29:14
2828,829,29,TRANSFER,37808.14,2024-04-03 19:03:09
2829,830,30,DEPOSIT,340.88,2023-03-10 16:47:43
2830,831,31,WITHDRAWAL,45721.38,2024-05-11 04:12:24
2831,832,32,TRANSFER,8752.9,2023-11-18 23:06:04
2832,833,33,DEPOSIT,35515.25,2023-12-25 22:32:25
2833,834,34,WITHDRAWAL,9970.89,2023-04-17 08:30:18
2834,835,35,TRANSFER,14480.26,2023-10-24 12:41:59
2835,836,36,DEPOSIT,2121.22,2024-01-17 01:10:43
2836,837,37,WITHDRAWAL,41730.91,2023-08-23 13:33:20
2837,838,38,TRANSFER,24710.08,2023-08-25 01:22:28
2838,839,39,DEPOSIT,11233.77,2023-12-26 23:22:06
2839,840,40,WITHDRAWAL,7709.66,2023-01-02 21:36:33
2840,841,41,TRANSFER,47801.77,2023-08-22 03:33:47
2841,842,42,DEPOSIT,23632.33,2024-05-09 10:21:14
2842,843,43,WITHDRAWAL,33299.01,2024-05-22 19:57:25
2843,844,44,TRANSFER,20863.67,2023-08-12 10:54:44
2844,845,45,DEPOSIT,45340.59,2024-01-18 01:25:44
2845,846,46,WITHDRAWAL,12245.07,2024-05-15 19:40:45
2846,847,47,TRANSFER,38238.27,2023-04-03 16:55:55
2847,848,48,DEPOSIT,49716.7,2024-01-18 23:07:20
2848,849,49,WITHDRAWAL,29948.58,2023-02-21 19:50:27
2849,850,50,TRANSFER,29057.48,2023-10-08 23:41:09
2850,851,51,DEPOSIT,21809.06,2024-03-15 07:04:28
2851,852,52,WITHDRAWAL,31403.52,2023-07-20 07:49:10
2852,853,53,TRANSFER,48713.19,2024-01-05 18:02:31
2853,854,54,DEPOSIT,18666.38,2023-04-03 21:12:05
2854,855,55,WITHDRAWAL,887.08,2024-03-22 19:41:32
2855,856,56,TRANSFER,8150.73,2023-07-21 14:07:25
2856,857,57,DEPOSIT,7315.39,2023-02-15 10:42:46
2857,858,58,WITHDRAWAL,43917.08,2023-12-25 02:28:56
2858,859,59,TRANSFER,17875.7,2023-04-16 05:51:16
2859,860,60,DEPOSIT,13640.79,2023-02-11 01:54:35
2860,861,61,WITHDRAWAL,31815.99,2023-11-22 20:18:28
2861,862,62,TRANSFER,2445.26,2023-10-04 12:01:43
2862,863,63,DEPOSIT,26485.32,2023-08-15 13:00:46
2863,864,64,WITHDRAWAL,25698.19,2023-03-01 16:09:11
2864,865,65,TRANSFER,9170.54,2024-05-02 19:19:36
2865,866,66,DEPOSIT,29942.14,2023-03-15 09:46:08
2866,867,67,WITHDRAWAL,27190.18,2023-05-10 19:38:21
2867,868,68,TRANSFER,41342.83,2023-09-03 14:35:22
2868,869,69,DEPOSIT,13580.23,2023-08-22 20:23:40
2869,870,70,WITHDRAWAL,4800.71,2023-10-09 13:54:45
2870,871,71,TRANSFER,17587.95,2024-03-26 12:51:11
2871,872,72,DEPOSIT,654.75,2023-04-22 15:05:19
2872,873,73,WITHDRAWAL,14078.07,2024-02-07 11:24:10
2873,874,74,TRANSFER,20605.61,2024-01-12 15:10:22
2874,875,75,DEPOSIT,5129.87,2023-05-07 15:05:00
2875,876,76,WITHDRAWAL,25174.11,2023-05-01 01:06:44
2876,877,77,TRANSFER,39757.39,2023-05-27 08:20:36
2877,878,78,DEPOSIT,30675.28,2024-03-09 22:05:16
2878,879,79,WITHDRAWAL,42305.03,2024-02-13 06:52:43
2879,880,80,TRANSFER,35116.22,2024-03-04 01:29:15
2880,881,81,DEPOSIT,20873.14,2023-03-30 12:29:38
2881,882,82,WITHDRAWAL,5837.12,2023-03-01 08:12:19
2882,883,83,TRANSFER,46171.25,2023-04-12 22:20:40
2883,884,84,DEPOSIT,17417.01,2024-01-08 10:52:03
2884,885,85,WITHDRAWAL,6959.31,2023-10-09 14:46:04
2885,886,86,TRANSFER,44487.42,2023-12-10 06:19:10
2886,887,87,DEPOSIT,26160.82,2024-04-09 04:58:41
2887,888,88,WITHDRAWAL,8618.64,2023-09-23 16:11:00
2888,889,89,TRANSFER,1447.69,2023-08-25 15:43:34
2889,890,90,DEPOSIT,11125.67,2023-04-03 02:48:22
2890,891,91,WITHDRAWAL,34405.48,2023-04-21 13:46:13
2891,892,92,TRANSFER,6275.96,2023-08-27 18:52:45
2892,893,93,DEPOSIT,49055.67,2023-04-12 03:26:38
2893,894,94,WITHDRAWAL,34544.0,2023-11-26 22:56:25
2894,895,95,TRANSFER,3895.99,2023-03-28 18:39:09
2895,896,96,DEPOSIT,37869.13,2024-01-12 03:09:55
2896,897,97,WITHDRAWAL,9825.59,2023-02-03 00:34:23
2897,898,98,TRANSFER,39654.83,2023-01-26 11:18:01
2898,899,99,DEPOSIT,29662.88,2024-02-03 19:56:45
2899,900,100,WITHDRAWAL,5954.92,2023-12-31 08:19:43
2900,901,101,TRANSFER,2173.64,2023-07-16 12:29:39
2901,902,102,DEPOSIT,33382.65,2023-08-23 07:05:07
2902,903,103,WITHDRAWAL,39120.72,2023-03-16 22:57:26
2903,904,104,TRANSFER,10278.01,2024-04-12 10:12:55
2904,905,105,DEPOSIT,9247.24,2023-06-05 08:43:32
2905,906,106,WITHDRAWAL,1472.66,2023-10-01 01:03:45
2906,907,107,TRANSFER,42294.62,2023-04-24 01:22:43
2907,908,108,DEPOSIT,47440.09,2023-08-04 10:39:25
2908,909,109,WITHDRAWAL,17616.64,2023-09-28 04:08:35
2909,910,110,TRANSFER,39042.3,2024-01-24 20:30:06
2910,911,111,DEPOSIT,12098.71,2024-04-21 02:20:09
2911,912,112,WITHDRAWAL,3426.17,2024-03-18 21:57:27
2912,913,113,TRANSFER,38164.57,2024-03-25 01:11:34
2913,914,114,DEPOSIT,10857.73,2024-02-15 18:16:07
2914,915,115,WITHDRAWAL,48213.55,2023-05-29 18:42:16
2915,916,116,TRANSFER,45084.0,2023-05-14 10:05:21
2916,917,117,DEPOSIT,226.4,2024-02-22 04:45:48
2917,918,118,WITHDRAWAL,46212.36,2023-03-18 15:38:06
2918,919,119,TRANSFER,42566.33,2024-01-27 14:52:51
2919,920,120,DEPOSIT,18329.49,2024-01-04 17:20:18
2920,921,121,WITHDRAWAL,9264.44,2024-04-02 18:51:00
2921,922,122,TRANSFER,9050.62,2023-03-25 08:40:25
2922,923,123,DEPOSIT,49065.24,2023-10-03 14:22:04
2923,924,124,WITHDRAWAL,10721.56,2023-11-26 09:38:42
2924,925,125,TRANSFER,20384.82,2023-06-26 17:55:04
2925,926,126,DEPOSIT,6189.53,2023-09-02 02:36:32
2926,927,127,WITHDRAWAL,25991.18,2023-03-27 16:26:32
2927,928,128,TRANSFER,38116.06,2024-01-21 02:40:49
2928,929,129,DEPOSIT,27861.03,2023-08-12 21:45:56
2929,930,130,WITHDRAWAL,4121.57,2023-02-01 12:59:54
2930,931,131,TRANSFER,5794.97,2024-01-19 11:28:25
2931,932,132,DEPOSIT,22852.72,2023-08-09 06:54:01
2932,933,133,WITHDRAWAL,34355.46,2023-08-31 08:13:49
2933,934,134,TRANSFER,11301.41,2023-12-11 19:56:14
2934,935,135,DEPOSIT,14536.56,2023-11-13 08:17:27
2935,936,136,WITHDRAWAL,9447.36,2023-11-29 09:47:01
2936,937,137,TRANSFER,44738.78,2023-02-24 01:36:31
2937,938,138,DEPOSIT,46954.71,2024-01-05 11:15:29
2938,939,139,WITHDRAWAL,8973.07,2023-10-13 09:36:14
2939,940,140,TRANSFER,33608.05,2024-01-17 20:59:23
2940,941,141,DEPOSIT,21908.54,2023-11-04 20:52:04
2941,942,142,WITHDRAWAL,33829.17,2024-05-26 12:13:45
2942,943,143,TRANSFER,7176.94,2023-04-03 14:22:54
2943,944,144,DEPOSIT,34754.91,2023-11-08 04:10:40
2944,945,145,WITHDRAWAL,37074.19,2023-03-21 00:14:18
2945,946,146,TRANSFER,3244.87,2023-05-12 01:13:43
2946,947,147,DEPOSIT,16938.2,2023-06-04 15:14:21
2947,948,148,WITHDRAWAL,42203.03,2024-04-07 02:52:25
2948,949,149,TRANSFER,6146.88,2023-11-11 00:29:37
2949,950,150,DEPOSIT,36262.77,2023-11-26 21:03:36
2950,951,151,WITHDRAWAL,38243.2,2023-08-05 07:57:28
2951,952,152,TRANSFER,29686.56,2024-03-27 23:44:57
2952,953,153,DEPOSIT,47161.82,2024-05-15 01:52:58
2953,954,154,WITHDRAWAL,23796.56,2023-10-04 14:08:05
2954,955,155,TRANSFER,47507.44,2024-04-13 11:49:06
2955,956,156,DEPOSIT,25575.61,2024-01-12 08:20:49
2956,957,157,WITHDRAWAL,38402.3,2023-04-25 11:15:08
2957,958,158,TRANSFER,6118.28,2023-03-25 21:56:58
2958,959,159,DEPOSIT,24868.72,2024-01-16 01:59:04
2959,960,160,WITHDRAWAL,47120.73,2024-05-03 01:41:05
2960,961,161,TRANSFER,4989.17,2023-01-24 02:05:11
2961,962,162,DEPOSIT,41517.32,2023-02-11 01:14:25
2962,963,163,WITHDRAWAL,33908.59,2024-01-22 21:54:27
2963,964,164,TRANSFER,19137.82,2023-05-20 02:35:08
2964,965,165,DEPOSIT,7645.31,2023-09-11 22:53:58
2965,966,166,WITHDRAWAL,31165.4,2024-04-28 02:18:02
2966,967,167,TRANSFER,33057.42,2023-03-01 10:23:06
2967,968,168,DEPOSIT,38380.93,2024-02-08 20:33:00
2968,969,169,WITHDRAWAL,10104.57,2023-12-28 23:16:35
2969,970,170,TRANSFER,24899.97,2024-05-29 06:18:44
2970,971,171,DEPOSIT,13090.65,2024-01-28 02:03:22
2971,972,172,WITHDRAWAL,40475.99,2023-09-24 21:27:35
2972,973,173,TRANSFER,27335.54,2024-02-24 20:11:26
2973,974,174,DEPOSIT,49535.67,2023-01-25 13:02:20
2974,975,175,WITHDRAWAL,19187.66,2023-04-03 12:49:14
2975,976,176,TRANSFER,42645.19,2023-09-02 07:48:30
2976,977,177,DEPOSIT,22988.22,2023-12-10 17:50:40
2977,978,178,WITHDRAWAL,8851.69,2023-01-26 12:33:03
2978,979,179,TRANSFER,43019.43,2024-05-27 04:18:44
2979,980,180,DEPOSIT,44236.16,2023-08-24 09:09:36
2980,981,181,WITHDRAWAL,24579.07,2023-05-08 11:52:13
2981,982,182,TRANSFER,15629.86,2023-04-15 11:02:33
2982,983,183,DEPOSIT,24377.87,2023-10-30 04:59:09
2983,984,184,WITHDRAWAL,28447.07,2023-03-26 23:01:41
2984,985,185,TRANSFER,33007.33,2024-01-17 00:35:02
2985,986,186,DEPOSIT,28614.79,2024-02-23 23:00:10
2986,987,187,WITHDRAWAL,28117.15,2024-01-05 15:37:30
2987,988,188,TRANSFER,25339.19,2023-05-02 09:50:50
2988,989,189,DEPOSIT,13176.92,2023-10-31 23:56:30
2989,990,190,WITHDRAWAL,48543.83,2024-04-04 01:52:46
2990,991,191,TRANSFER,33827.62,2024-04-24 04:35:20
2991,992,192,DEPOSIT,16030.93,2023-08-09 22:18:00
2992,993,193,WITHDRAWAL,29527.27,2023-01-22 20:41:52
2993,994,194,TRANSFER,41848.34,2023-04-10 13:47:06
2994,995,195,DEPOSIT,40479.58,2023-09-28 23:32:04
2995,996,196,WITHDRAWAL,1354.72,2024-03-29 13:56:00
2996,997,197,TRANSFER,17069.41,2024-04-30 13:41:47
2997,998,198,DEPOSIT,21413.13,2023-03-17 14:44:11
2998,999,199,WITHDRAWAL,20602.36,2023-10-05 13:47:11
2999,1000,200,TRANSFER,33065.39,2023-02-13 20:17:24
3000,1,1,DEPOSIT,11738.76,2023-07-12 07:51:29
3001,2,2,WITHDRAWAL,29630.66,2023-08-31 09:57:24
3002,3,3,TRANSFER,43448.31,2023-02-20 21:00:46
3003,4,4,DEPOSIT,16886.34,2023-03-30 21:53:58
3004,5,5,WITHDRAWAL,26925.46,2023-01-16 07:27:29
3005,6,6,TRANSFER,23050.86,2023-01-30 00:46:09
3006,7,7,DEPOSIT,28406.79,2023-11-25 03:28:05
3007,8,8,WITHDRAWAL,13338.28,2023-11-24 03:13:36
3008,9,9,TRANSFER,29403.58,2023-12-31 19:50:26
3009,10,10,DEPOSIT,18893.1,2023-09-03 20:15:17
3010,11,11,WITHDRAWAL,16127.84,2023-10-31 03:44:02
3011,12,12,TRANSFER,40418.25,2023-03-17 21:44:18
3012,13,13,DEPOSIT,34546.29,2023-03-19 17:11:30
3013,14,14,WITHDRAWAL,16805.01,2023-06-09 22:24:33
3014,15,15,TRANSFER,40574.74,2024-01-26 12:17:04
3015,16,16,DEPOSIT,8339.69,2023-09-21 17:28:25
3016,17,17,WITHDRAWAL,18173.08,2023-08-21 15:28:27
3017,18,18,TRANSFER,10095.91,2023-12-05 15:27:49
3018,19,19,DEPOSIT,42368.23,2024-05-08 13:32:18
3019,20,20,WITHDRAWAL,42020.62,2023-02-28 12:05:18
3020,21,21,TRANSFER,10711.86,2024-02-21 04:40:12
3021,22,22,DEPOSIT,2386.09,2023-07-25 22:50:57
3022,23,23,WITHDRAWAL,20107.35,2024-03-21 11:12:02
3023,24,24,TRANSFER,31232.37,2023-06-25 10:49:11
3024,25,25,DEPOSIT,35888.17,2023-03-13 10:13:05
3025,26,26,WITHDRAWAL,4745.73,2024-03-25 02:18:12
3026,27,27,TRANSFER,13675.51,2023-09-19 15:06:59
3027,28,28,DEPOSIT,40061.27,2024-03-15 22:59:19
3028,29,29,WITHDRAWAL,21361.02,2024-01-05 03:38:40
3029,30,30,TRANSFER,39784.63,2023-09-27 18:26:54
3030,31,31,DEPOSIT,41188.71,2024-05-21 01:31:35
3031,32,32,WITHDRAWAL,40208.29,2024-01-27 23:09:45
3032,33,33,TRANSFER,33176.2,2023-12-03 06:02:10
3033,34,34,DEPOSIT,10011.85,2023-09-01 09:19:21
3034,35,35,WITHDRAWAL,12570.73,2023-11-09 11:26:00
3035,36,36,TRANSFER,22666.9,2024-02-05 07:10:43
3036,37,37,DEPOSIT,9038.24,2024-03-01 07:18:16
3037,38,38,WITHDRAWAL,31395.92,2023-01-15 10:47:27
3038,39,39,TRANSFER,43136.86,2024-02-05 23:06:53
3039,40,40,DEPOSIT,24965.19,2024-03-24 01:08:18
3040,41,41,WITHDRAWAL,48106.23,2024-05-28 06:19:14
3041,42,42,TRANSFER,13404.12,2023-12-29 23:00:57
3042,43,43,DEPOSIT,26640.64,2024-05-10 11:48:33
3043,44,44,WITHDRAWAL,42640.2,2024-04-22 05:39:42
3044,45,45,TRANSFER,46732.45,2023-12-03 21:12:37
3045,46,46,DEPOSIT,3003.48,2024-05-01 19:37:29
3046,47,47,WITHDRAWAL,18220.09,2023-06-05 20:21:01
3047,48,48,TRANSFER,12026.29,2023-04-25 18:08:31
3048,49,49,DEPOSIT,42207.66,2023-08-22 05:32:39
3049,50,50,WITHDRAWAL,15939.47,2023-11-15 15:48:20
3050,51,51,TRANSFER,31700.04,2023-02-20 01:00:58
3051,52,52,DEPOSIT,13354.07,2023-11-17 08:24:31
3052,53,53,WITHDRAWAL,32305.67,2023-08-11 22:53:56
3053,54,54,TRANSFER,34345.88,2023-07-19 04:30:42
3054,55,55,DEPOSIT,20299.24,2023-07-03 09:46:44
3055,56,56,WITHDRAWAL,7506.61,2023-03-30 04:53:07
3056,57,57,TRANSFER,12286.87,2023-01-22 12:26:35
3057,58,58,DEPOSIT,23213.34,2023-08-30 04:53:44
3058,59,59,WITHDRAWAL,49564.74,2024-03-10 19:53:40
3059,60,60,TRANSFER,32349.63,2023-11-24 19:00:24
3060,61,61,DEPOSIT,10107.51,2023-01-29 17:47:58
3061,62,62,WITHDRAWAL,6830.17,2023-07-31 19:43:10
3062,63,63,TRANSFER,39485.6,2023-07-20 16:51:58
3063,64,64,DEPOSIT,32936.95,2023-08-04 18:02:42
3064,65,65,WITHDRAWAL,32218.25,2023-05-17 16:36:08
3065,66,66,TRANSFER,48189.71,2023-02-02 19:16:06
3066,67,67,DEPOSIT,39113.86,2024-01-13 08:45:02
3067,68,68,WITHDRAWAL,42980.6,2023-02-12 23:22:30
3068,69,69,TRANSFER,15702.1,2023-03-07 04:33:36
3069,70,70,DEPOSIT,43359.92,2023-08-20 10:44:03
3070,71,71,WITHDRAWAL,44839.69,2023-11-13 03:09:27
3071,72,72,TRANSFER,44287.11,2024-05-25 15:23:40
3072,73,73,DEPOSIT,47158.68,2023-11-05 06:39:35
3073,74,74,WITHDRAWAL,11809.7,2023-04-20 04:13:52
3074,75,75,TRANSFER,36726.68,2024-03-19 11:42:54
3075,76,76,DEPOSIT,26102.66,2023-04-04 16:56:28
3076,77,77,WITHDRAWAL,47484.23,2024-03-26 19:48:29
3077,78,78,TRANSFER,12597.88,2024-02-12 23:33:31
3078,79,79,DEPOSIT,11911.46,2023-03-12 02:21:33
3079,80,80,WITHDRAWAL,38661.81,2023-04-05 23:24:19
3080,81,81,TRANSFER,16471.0,2023-09-01 10:23:31
3081,82,82,DEPOSIT,36864.45,2024-03-29 20:37:48
3082,83,83,WITHDRAWAL,46775.65,2023-07-03 06:12:16
3083,84,84,TRANSFER,7222.45,2023-06-19 07:58:15
3084,85,85,DEPOSIT,10713.29,2023-05-17 01:06:43
3085,86,86,WITHDRAWAL,21979.38,2023-08-02 05:55:59
3086,87,87,TRANSFER,43146.37,2023-07-17 12:36:21
3087,88,88,DEPOSIT,24523.03,2023-02-13 10:31:30
3088,89,89,WITHDRAWAL,34983.89,2023-10-19 01:00:25
3089,90,90,TRANSFER,15831.33,2023-03-29 17:45:07
3090,91,91,DEPOSIT,23747.96,2023-11-26 03:51:22
3091,92,92,WITHDRAWAL,48166.13,2023-07-11 08:14:06
3092,93,93,TRANSFER,18156.27,2023-04-23 13:20:48
3093,94,94,DEPOSIT,41070.05,2023-10-13 15:09:25
3094,95,95,WITHDRAWAL,32273.43,2023-01-17 08:51:06
3095,96,96,TRANSFER,1750.12,2024-04-15 13:12:18
3096,97,97,DEPOSIT,39949.08,2024-05-29 08:44:22
3097,98,98,WITHDRAWAL,34537.22,2023-02-12 11:09:58
3098,99,99,TRANSFER,12656.61,2023-07-06 03:52:52
3099,100,100,DEPOSIT,15470.33,2023-10-26 19:08:43
3100,101,101,WITHDRAWAL,45158.82,2023-10-09 20:06:33
3101,102,102,TRANSFER,26750.19,2023-04-05 19:14:49
3102,103,103,DEPOSIT,42883.78,2023-07-03 14:28:40
3103,104,104,WITHDRAWAL,403.23,2023-10-29 17:37:28
3104,105,105,TRANSFER,46376.09,2023-11-02 05:35:43
3105,106,106,DEPOSIT,15051.4,2023-07-18 11:29:35
3106,107,107,WITHDRAWAL,14878.17,2023-07-02 21:18:03
3107,108,108,TRANSFER,45795.38,2023-05-05 10:51:07
3108,109,109,DEPOSIT,15866.05,2024-05-05 09:16:02
3109,110,110,WITHDRAWAL,20320.38,2024-05-15 13:02:11
3110,111,111,TRANSFER,13709.09,2023-01-27 07:36:01
3111,112,112,DEPOSIT,41161.66,2023-03-04 05:04:14
3112,113,113,WITHDRAWAL,23559.85,2024-01-17 21:48:02
3113,114,114,TRANSFER,46325.6,2023-11-17 18:09:24
3114,115,115,DEPOSIT,35872.13,2023-09-16 10:23:29
3115,116,116,WITHDRAWAL,41221.8,2023-03-19 23:30:32
3116,117,117,TRANSFER,25321.66,2023-07-22 16:50:05
3117,118,118,DEPOSIT,21049.32,2023-10-01 07:04:39
3118,119,119,WITHDRAWAL,36891.9,2024-03-01 10:23:05
3119,120,120,TRANSFER,34763.55,2023-12-19 01:24:41
3120,121,121,DEPOSIT,32072.23,2023-02-10 11:11:32
3121,122,122,WITHDRAWAL,31511.52,2023-05-23 17:09:17
3122,123,123,TRANSFER,6813.25,2024-05-12 22:56:52
3123,124,124,DEPOSIT,10011.77,2023-11-08 04:52:41
3124,125,125,WITHDRAWAL,15692.95,2023-08-26 07:49:08
3125,126,126,TRANSFER,5550.3,2023-03-05 20:54:59
3126,127,127,DEPOSIT,25823.13,2023-07-13 20:56:51
3127,128,128,WITHDRAWAL,38160.5,2024-05-19 05:36:10
3128,129,129,TRANSFER,34290.81,2024-04-06 09:15:47
3129,130,130,DEPOSIT,22579.98,2023-09-06 02:01:52
3130,131,131,WITHDRAWAL,13041.39,2023-04-14 16:48:11
3131,132,132,TRANSFER,41340.16,2024-04-05 14:42:06
3132,133,133,DEPOSIT,9941.2,2023-08-07 21:04:58
3133,134,134,WITHDRAWAL,18386.3,2023-11-18 22:46:24
3134,135,135,TRANSFER,43820.74,2023-11-02 15:15:47
3135,136,136,DEPOSIT,11232.11,2024-03-19 00:51:02
3136,137,137,WITHDRAWAL,46156.39,2023-01-18 20:11:36
3137,138,138,TRANSFER,30604.04,2024-05-17 14:56:34
3138,139,139,DEPOSIT,45343.17,2023-06-27 15:24:43
3139,140,140,WITHDRAWAL,9921.33,2023-12-26 04:13:28
3140,141,141,TRANSFER,2498.65,2023-05-12 01:50:20
3141,142,142,DEPOSIT,21450.88,2024-04-25 00:25:49
3142,143,143,WITHDRAWAL,7471.07,2023-07-22 01:41:33
3143,144,144,TRANSFER,8514.44,2023-10-13 18:31:43
3144,145,145,DEPOSIT,5876.35,2024-03-16 14:10:26
3145,146,146,WITHDRAWAL,21763.59,2024-02-13 10:19:30
3146,147,147,TRANSFER,41364.6,2023-12-19 09:43:39
3147,148,148,DEPOSIT,5934.43,2024-01-19 19:36:20
3148,149,149,WITHDRAWAL,9535.3,2023-06-07 18:54:14
3149,150,150,TRANSFER,14405.22,2023-07-26 18:22:50
3150,151,151,DEPOSIT,19109.86,2024-01-19 19:57:43
3151,152,152,WITHDRAWAL,42818.32,2023-12-02 00:10:29
3152,153,153,TRANSFER,10786.17,2024-04-11 02:21:14
3153,154,154,DEPOSIT,36338.14,2023-08-08 18:53:30
3154,155,155,WITHDRAWAL,20922.37,2023-05-28 01:59:07
3155,156,156,TRANSFER,39625.25,2023-11-14 07:26:28
3156,157,157,DEPOSIT,14516.75,2023-01-23 08:22:11
3157,158,158,WITHDRAWAL,11781.93,2023-07-23 08:17:44
3158,159,159,TRANSFER,45367.34,2023-12-17 06:48:53
3159,160,160,DEPOSIT,29149.32,2023-10-15 02:32:48
3160,161,161,WITHDRAWAL,22913.62,2024-05-17 17:20:43
3161,162,162,TRANSFER,23449.39,2023-01-09 00:22:59
3162,163,163,DEPOSIT,48720.21,2023-09-09 01:44:30
3163,164,164,WITHDRAWAL,34345.75,2023-11-05 18:57:25
3164,165,165,TRANSFER,35425.57,2023-10-25 20:52:24
3165,166,166,DEPOSIT,12818.72,2024-04-08 20:32:21
3166,167,167,WITHDRAWAL,27854.43,2023-03-16 00:08:13
3167,168,168,TRANSFER,16649.8,2023-02-10 11:26:58
3168,169,169,DEPOSIT,23551.91,2023-07-02 09:45:42
3169,170,170,WITHDRAWAL,49837.0,2023-10-03 04:39:43
3170,171,171,TRANSFER,35481.2,2024-04-09 15:51:14
3171,172,172,DEPOSIT,278.0,2023-02-05 08:24:10
3172,173,173,WITHDRAWAL,30986.7,2024-01-27 21:20:40
3173,174,174,TRANSFER,48876.42,2023-08-23 23:08:44
3174,175,175,DEPOSIT,6620.59,2023-10-16 02:05:59
3175,176,176,WITHDRAWAL,2065.84,2024-03-10 14:57:42
3176,177,177,TRANSFER,13021.98,2023-05-20 07:44:26
3177,178,178,DEPOSIT,24647.06,2024-01-27 06:31:10
3178,179,179,WITHDRAWAL,43896.06,2023-09-21 10:42:45
3179,180,180,TRANSFER,4491.5,2023-04-13 11:09:30
3180,181,181,DEPOSIT,21652.15,2024-02-16 23:48:58
3181,182,182,WITHDRAWAL,5850.93,2023-07-22 06:19:11
3182,183,183,TRANSFER,48926.04,2023-02-04 07:14:32
3183,184,184,DEPOSIT,43585.26,2024-01-23 17:57:37
3184,185,185,WITHDRAWAL,37393.69,2023-08-07 06:13:54
3185,186,186,TRANSFER,14153.45,2023-12-01 01:23:04
3186,187,187,DEPOSIT,30650.45,2023-07-24 10:42:32
3187,188,188,WITHDRAWAL,25853.46,2023-07-24 20:48:15
3188,189,189,TRANSFER,44634.66,2023-12-05 11:26:29
3189,190,190,DEPOSIT,36846.09,2023-09-03 02:08:46
3190,191,191,WITHDRAWAL,38186.13,2024-01-17 14:01:32
3191,192,192,TRANSFER,27788.18,2023-04-28 11:46:45
3192,193,193,DEPOSIT,31836.24,2024-05-25 15:11:14
3193,194,194,WITHDRAWAL,2670.58,2023-12-08 18:00:02
3194,195,195,TRANSFER,2737.81,2023-04-26 10:29:33
3195,196,196,DEPOSIT,1802.75,2023-05-23 06:00:06
3196,197,197,WITHDRAWAL,8186.11,2023-07-22 02:55:34
3197,198,198,TRANSFER,21827.13,2023-12-29 19:59:14
3198,199,199,DEPOSIT,2049.18,2024-01-20 09:48:20
3199,200,200,WITHDRAWAL,49441.04,2023-10-04 22:00:59
3200,201,1,TRANSFER,24265.12,2024-03-11 15:05:09
3201,202,2,DEPOSIT,5633.42,2024-01-18 21:58:21
3202,203,3,WITHDRAWAL,6191.48,2023-04-25 23:55:16
3203,204,4,TRANSFER,10194.65,2023-03-14 16:25:05
3204,205,5,DEPOSIT,9040.94,2023-08-09 16:18:52
3205,206,6,WITHDRAWAL,37499.33,2023-05-11 17:14:46
3206,207,7,TRANSFER,28166.74,2023-07-31 21:12:11
3207,208,8,DEPOSIT,29288.01,2024-05-30 01:46:56
3208,209,9,WITHDRAWAL,49900.25,2024-03-29 06:06:42
3209,210,10,TRANSFER,26305.51,2023-01-04 04:54:32
3210,211,11,DEPOSIT,9036.64,2024-03-19 08:15:21
3211,212,12,WITHDRAWAL,12315.41,2023-03-01 16:19:00
3212,213,13,TRANSFER,33848.66,2024-01-22 21:27:28
3213,214,14,DEPOSIT,1307.85,2023-09-13 06:37:30
3214,215,15,WITHDRAWAL,19714.55,2023-04-05 18:04:33
3215,216,16,TRANSFER,46458.13,2024-04-03 12:42:25
3216,217,17,DEPOSIT,41850.49,2023-03-24 09:17:11
3217,218,18,WITHDRAWAL,1453.44,2023-04-30 10:34:57
3218,219,19,TRANSFER,41536.65,2023-12-24 11:22:05
3219,220,20,DEPOSIT,23997.96,2024-05-27 06:42:14
3220,221,21,WITHDRAWAL,47760.52,2024-05-03 01:25:06
3221,222,22,TRANSFER,32903.74,2024-04-06 12:46:12
3222,223,23,DEPOSIT,48488.83,2023-09-13 20:57:46
3223,224,24,WITHDRAWAL,31122.02,2024-05-24 15:56:48
3224,225,25,TRANSFER,16252.52,2023-12-18 22:26:00
3225,226,26,DEPOSIT,6474.72,2024-03-18 01:52:56
3226,227,27,WITHDRAWAL,40079.88,2023-02-07 19:30:10
3227,228,28,TRANSFER,16165.31,2023-08-08 18:38:42
3228,229,29,DEPOSIT,37192.56,2023-02-13 03:14:52
3229,230,30,WITHDRAWAL,47595.49,2024-02-29 23:43:52
3230,231,31,TRANSFER,4636.63,2023-10-24 05:38:32
3231,232,32,DEPOSIT,8908.76,2023-07-18 04:35:59
3232,233,33,WITHDRAWAL,4468.52,2023-11-06 20:21:24
3233,234,34,TRANSFER,8155.4,2023-06-11 17:33:11
3234,235,35,DEPOSIT,14253.95,2023-11-09 13:12:34
3235,236,36,WITHDRAWAL,7715.19,2024-05-23 00:38:32
3236,237,37,TRANSFER,24547.35,2023-08-20 21:18:47
3237,238,38,DEPOSIT,36797.11,2023-12-02 19:44:42
3238,239,39,WITHDRAWAL,45187.68,2023-08-29 20:42:26
3239,240,40,TRANSFER,6573.02,2024-04-13 18:18:32
3240,241,41,DEPOSIT,41604.32,2023-03-16 15:38:53
3241,242,42,WITHDRAWAL,10001.56,2024-02-03 04:32:55
3242,243,43,TRANSFER,44271.8,2023-12-12 23:38:54
3243,244,44,DEPOSIT,13431.29,2024-01-06 01:28:46
3244,245,45,WITHDRAWAL,21159.3,2024-04-11 07:09:45
3245,246,46,TRANSFER,40551.61,2023-11-25 04:38:54
3246,247,47,DEPOSIT,9325.93,2024-04-21 19:19:29
3247,248,48,WITHDRAWAL,21306.59,2024-05-04 20:50:38
3248,249,49,TRANSFER,25671.94,2023-02-01 09:49:14
3249,250,50,DEPOSIT,33825.24,2023-12-27 00:43:47
3250,251,51,WITHDRAWAL,34314.96,2024-05-18 00:20:12
3251,252,52,TRANSFER,46534.07,2023-05-01 10:42:31
3252,253,53,DEPOSIT,31481.68,2024-02-14 13:11:15
3253,254,54,WITHDRAWAL,4207.67,2024-02-12 12:42:10
3254,255,55,TRANSFER,21873.4,2023-12-30 16:14:16
3255,256,56,DEPOSIT,15026.66,2024-01-06 23:19:16
3256,257,57,WITHDRAWAL,34218.85,2023-04-10 06:10:24
3257,258,58,TRANSFER,42078.48,2023-08-22 08:01:23
3258,259,59,DEPOSIT,21392.31,2024-02-11 07:08:33
3259,260,60,WITHDRAWAL,2395.94,2024-03-17 14:16:24
3260,261,61,TRANSFER,45865.93,2023-03-01 10:40:10
3261,262,62,DEPOSIT,5390.53,2024-02-03 18:44:25
3262,263,63,WITHDRAWAL,20656.84,2023-11-27 00:57:43
3263,264,64,TRANSFER,33046.15,2023-12-27 21:49:29
3264,265,65,DEPOSIT,40643.11,2024-03-17 13:12:06
3265,266,66,WITHDRAWAL,12750.46,2023-10-04 02:12:38
3266,267,67,TRANSFER,38434.65,2023-03-05 12:17:42
3267,268,68,DEPOSIT,5705.64,2023-01-13 15:16:13
3268,269,69,WITHDRAWAL,23149.32,2024-05-28 20:42:49
3269,270,70,TRANSFER,42147.06,2023-05-22 12:36:20
3270,271,71,DEPOSIT,4173.7,2023-02-05 03:41:01
3271,272,72,WITHDRAWAL,15704.18,2023-08-20 04:33:06
3272,273,73,TRANSFER,37870.14,2023-12-20 09:46:48
3273,274,74,DEPOSIT,31194.28,2023-12-16 11:38:12
3274,275,75,WITHDRAWAL,17073.31,2023-07-25 21:20:41
3275,276,76,TRANSFER,10561.31,2023-05-26 09:30:24
3276,277,77,DEPOSIT,37354.0,2023-03-02 18:08:10
3277,278,78,WITHDRAWAL,12973.29,2024-04-14 04:21:42
3278,279,79,TRANSFER,21695.61,2023-03-24 14:08:49
3279,280,80,DEPOSIT,302.3,2023-01-14 21:57:50
3280,281,81,WITHDRAWAL,675.1,2023-04-01 15:02:25
3281,282,82,TRANSFER,23861.22,2024-05-24 09:00:58
3282,283,83,DEPOSIT,43440.34,2023-11-11 15:27:16
3283,284,84,WITHDRAWAL,36298.31,2024-04-12 11:59:42
3284,285,85,TRANSFER,30928.78,2023-08-24 04:36:02
3285,286,86,DEPOSIT,18042.83,2024-04-24 00:57:24
3286,287,87,WITHDRAWAL,40233.99,2023-11-03 19:16:55
3287,288,88,TRANSFER,6263.22,2023-03-10 01:38:14
3288,289,89,DEPOSIT,9548.2,2023-01-11 18:39:57
3289,290,90,WITHDRAWAL,34804.66,2023-01-13 08:07:20
3290,291,91,TRANSFER,42952.01,2023-05-27 04:41:44
3291,292,92,DEPOSIT,24061.05,2023-06-12 12:19:12
3292,293,93,WITHDRAWAL,32490.49,2023-04-23 17:52:12
3293,294,94,TRANSFER,42106.06,2023-12-05 11:41:09
3294,295,95,DEPOSIT,9553.81,2024-02-23 07:54:22
3295,296,96,WITHDRAWAL,38488.36,2023-08-22 17:30:56
3296,297,97,TRANSFER,23704.71,2023-04-26 02:00:28
3297,298,98,DEPOSIT,5831.78,2023-01-17 22:41:42
3298,299,99,WITHDRAWAL,36941.67,2023-04-29 09:21:23
3299,300,100,TRANSFER,48193.7,2023-12-12 20:21:31
3300,301,101,DEPOSIT,991.19,2024-01-02 05:11:44
3301,302,102,WITHDRAWAL,29265.46,2023-12-16 03:35:26
3302,303,103,TRANSFER,14748.62,2023-06-06 09:13:12
3303,304,104,DEPOSIT,2555.6,2023-11-01 06:26:23
3304,305,105,WITHDRAWAL,5142.15,2023-01-07 02:47:14
3305,306,106,TRANSFER,48974.55,2023-12-02 09:06:38
3306,307,107,DEPOSIT,36856.54,2024-01-21 00:34:39
3307,308,108,WITHDRAWAL,36556.62,2024-04-07 19:15:15
3308,309,109,TRANSFER,1860.49,2023-08-14 20:25:48
3309,310,110,DEPOSIT,24310.19,2023-11-07 10:34:55
3310,311,111,WITHDRAWAL,36233.46,2024-04-04 01:46:14
3311,312,112,TRANSFER,11602.97,2024-01-14 23:08:35
3312,313,113,DEPOSIT,26420.16,2023-02-17 03:37:02
3313,314,114,WITHDRAWAL,28824.4,2023-11-24 18:44:05
3314,315,115,TRANSFER,3184.89,2024-03-05 17:26:00
3315,316,116,DEPOSIT,20862.7,2024-05-18 13:11:35
3316,317,117,WITHDRAWAL,5855.87,2024-01-03 15:39:33
3317,318,118,TRANSFER,46948.83,2024-04-28 15:54:27
3318,319,119,DEPOSIT,22421.79,2023-09-27 08:09:05
3319,320,120,WITHDRAWAL,1050.14,2023-12-05 19:55:00
3320,321,121,TRANSFER,36313.19,2023-08-12 16:54:36
3321,322,122,DEPOSIT,17198.93,2023-12-31 11:16:32
3322,323,123,WITHDRAWAL,25386.72,2023-06-30 06:42:56
3323,324,124,TRANSFER,45454.42,2024-04-01 10:45:08
3324,325,125,DEPOSIT,46087.56,2023-09-21 10:16:12
3325,326,126,WITHDRAWAL,23428.68,2024-05-25 06:35:14
3326,327,127,TRANSFER,36152.52,2023-08-16 21:15:40
3327,328,128,DEPOSIT,47990.57,2023-10-31 05:02:49
3328,329,129,WITHDRAWAL,36731.89,2024-05-21 19:29:06
3329,330,130,TRANSFER,39989.76,2024-01-02 20:46:23
3330,331,131,DEPOSIT,31095.9,2023-05-06 20:22:44
3331,332,132,WITHDRAWAL,34537.97,2023-08-08 09:23:02
3332,333,133,TRANSFER,33356.15,2023-03-08 22:44:00
3333,334,134,DEPOSIT,8672.82,2023-04-11 06:32:03
3334,335,135,WITHDRAWAL,30291.39,2023-05-02 09:54:21
3335,336,136,TRANSFER,39676.19,2023-03-20 08:58:54
3336,337,137,DEPOSIT,15189.56,2024-01-19 11:42:09
3337,338,138,WITHDRAWAL,27845.96,2023-06-12 16:06:46
3338,339,139,TRANSFER,17945.75,2023-01-15 01:58:43
3339,340,140,DEPOSIT,17858.62,2023-07-22 13:48:49
3340,341,141,WITHDRAWAL,8743.99,2023-05-04 04:37:12
3341,342,142,TRANSFER,1608.18,2024-01-27 01:31:37
3342,343,143,DEPOSIT,16893.36,2023-02-19 10:48:45
3343,344,144,WITHDRAWAL,30881.97,2023-03-30 12:32:29
3344,345,145,TRANSFER,28103.45,2023-04-04 17:47:16
3345,346,146,DEPOSIT,12898.53,2024-01-13 18:30:22
3346,347,147,WITHDRAWAL,39246.44,2023-09-22 08:06:11
3347,348,148,TRANSFER,38507.04,2023-02-06 06:06:37
3348,349,149,DEPOSIT,13381.89,2024-03-08 15:38:57
3349,350,150,WITHDRAWAL,42671.87,2023-04-28 10:10:08
3350,351,151,TRANSFER,30218.43,2024-02-05 07:31:05
3351,352,152,DEPOSIT,35323.18,2023-03-22 21:20:52
3352,353,153,WITHDRAWAL,39951.35,2023-12-07 01:40:52
3353,354,154,TRANSFER,48733.24,2023-03-28 03:54:02
3354,355,155,DEPOSIT,30486.7,2024-04-19 05:53:49
3355,356,156,WITHDRAWAL,41182.28,2023-03-21 02:57:28
3356,357,157,TRANSFER,25370.21,2023-02-02 14:22:01
3357,358,158,DEPOSIT,31500.01,2023-05-10 17:58:07
3358,359,159,WITHDRAWAL,45550.18,2023-06-09 12:40:36
3359,360,160,TRANSFER,36420.18,2023-05-02 23:17:55
3360,361,161,DEPOSIT,38100.61,2023-12-09 22:29:25
3361,362,162,WITHDRAWAL,36630.27,2024-01-23 02:40:53
3362,363,163,TRANSFER,7723.24,2023-03-19 02:58:43
3363,364,164,DEPOSIT,16737.03,2023-10-10 12:32:50
3364,365,165,WITHDRAWAL,6157.94,2023-04-18 00:15:53
3365,366,166,TRANSFER,21961.03,2023-06-06 19:30:30
3366,367,167,DEPOSIT,38463.27,2023-11-19 22:08:19
3367,368,168,WITHDRAWAL,12273.35,2023-01-06 02:48:04
3368,369,169,TRANSFER,17072.59,2024-01-03 21:43:28
3369,370,170,DEPOSIT,8571.38,2024-01-28 06:18:21
3370,371,171,WITHDRAWAL,18628.09,2023-07-26 14:53:26
3371,372,172,TRANSFER,18038.56,2023-11-19 08:19:16
3372,373,173,DEPOSIT,7589.04,2023-07-10 15:32:36
3373,374,174,WITHDRAWAL,21091.89,2024-02-16 09:23:48
3374,375,175,TRANSFER,6908.34,2023-06-27 05:37:15
3375,376,176,DEPOSIT,20676.34,2023-11-30 01:50:14
3376,377,177,WITHDRAWAL,44904.28,2023-11-14 22:04:43
3377,378,178,TRANSFER,39732.42,2024-02-05 21:49:55
3378,379,179,DEPOSIT,47187.58,2023-10-08 23:57:46
3379,380,180,WITHDRAWAL,7287.76,2023-12-10 18:15:53
3380,381,181,TRANSFER,35884.11,2023-01-08 17:27:26
3381,382,182,DEPOSIT,47182.71,2024-02-06 20:04:43
3382,383,183,WITHDRAWAL,16921.8,2023-03-07 20:22:49
3383,384,184,TRANSFER,49097.43,2023-11-08 23:18:53
3384,385,185,DEPOSIT,21709.27,2023-05-08 15:14:02
3385,386,186,WITHDRAWAL,37962.03,2023-11-02 11:00:52
3386,387,187,TRANSFER,46126.72,2024-05-27 18:34:32
3387,388,188,DEPOSIT,45126.53,2023-04-28 05:57:03
3388,389,189,WITHDRAWAL,48886.87,2023-02-14 21:39:11
3389,390,190,TRANSFER,43791.91,2024-05-27 22:01:58
3390,391,191,DEPOSIT,20971.07,2023-08-18 16:42:10
3391,392,192,WITHDRAWAL,43678.58,2024-03-06 00:02:46
3392,393,193,TRANSFER,45462.45,2023-09-01 15:42:10
3393,394,194,DEPOSIT,41351.91,2023-01-07 03:18:29
3394,395,195,WITHDRAWAL,30523.95,2024-02-14 22:45:03
3395,396,196,TRANSFER,35017.75,2023-04-25 01:42:09
3396,397,197,DEPOSIT,32197.53,2023-12-13 13:34:00
3397,398,198,WITHDRAWAL,31221.74,2024-02-27 20:49:22
3398,399,199,TRANSFER,32605.33,2024-04-25 03:50:58
3399,400,200,DEPOSIT,44384.87,2023-09-26 03:56:16
3400,401,1,WITHDRAWAL,20231.24,2024-05-18 21:42:25
3401,402,2,TRANSFER,44049.92,2023-06-03 05:51:33
3402,403,3,DEPOSIT,1858.14,2023-03-07 11:06:37
3403,404,4,WITHDRAWAL,19505.78,2023-09-17 19:24:00
3404,405,5,TRANSFER,26028.28,2023-04-08 20:54:55
3405,406,6,DEPOSIT,14203.55,2024-02-25 01:03:37
3406,407,7,WITHDRAWAL,25588.46,2023-03-14 02:16:55
3407,408,8,TRANSFER,26071.58,2023-08-31 12:48:24
3408,409,9,DEPOSIT,8009.77,2024-05-08 18:02:12
3409,410,10,WITHDRAWAL,44517.06,2023-01-22 15:55:48
3410,411,11,TRANSFER,29629.26,2024-02-24 09:04:26
3411,412,12,DEPOSIT,41613.13,2023-07-07 10:53:58
3412,413,13,WITHDRAWAL,36328.2,2023-08-25 01:53:28
3413,414,14,TRANSFER,5530.99,2024-01-28 11:00:03
3414,415,15,DEPOSIT,42080.76,2023-02-16 13:28:10
3415,416,16,WITHDRAWAL,31353.21,2023-07-21 18:12:40
3416,417,17,TRANSFER,6199.41,2023-10-03 07:51:43
3417,418,18,DEPOSIT,47067.74,2024-05-20 14:49:08
3418,419,19,WITHDRAWAL,14905.08,2023-12-15 13:03:42
3419,420,20,TRANSFER,22662.83,2023-01-05 01:11:05
3420,421,21,DEPOSIT,40271.32,2023-07-03 09:10:23
3421,422,22,WITHDRAWAL,28284.21,2024-03-27 17:41:40
3422,423,23,TRANSFER,33279.37,2024-05-02 14:00:10
3423,424,24,DEPOSIT,11699.56,2024-04-07 13:50:11
3424,425,25,WITHDRAWAL,14233.93,2023-08-21 09:31:20
3425,426,26,TRANSFER,33624.97,2024-03-20 21:07:37
3426,427,27,DEPOSIT,25988.14,2023-10-21 08:11:57
3427,428,28,WITHDRAWAL,5270.29,2023-07-12 08:13:11
3428,429,29,TRANSFER,29122.63,2024-02-06 03:21:35
3429,430,30,DEPOSIT,22720.94,2023-10-08 14:30:53
3430,431,31,WITHDRAWAL,35584.9,2023-04-24 19:57:02
3431,432,32,TRANSFER,4106.54,2023-11-17 01:13:25
3432,433,33,DEPOSIT,21250.09,2023-02-18 07:22:26
3433,434,34,WITHDRAWAL,23817.89,2023-04-12 00:33:21
3434,435,35,TRANSFER,3912.85,2023-12-13 13:06:05
3435,436,36,DEPOSIT,20143.66,2024-02-13 18:06:55
3436,437,37,WITHDRAWAL,25952.06,2024-03-10 03:55:37
3437,438,38,TRANSFER,43602.02,2023-11-03 15:16:43
3438,439,39,DEPOSIT,24946.38,2024-03-29 20:12:42
3439,440,40,WITHDRAWAL,49825.62,2023-11-25 21:09:42
3440,441,41,TRANSFER,36588.53,2024-01-16 05:42:24
3441,442,42,DEPOSIT,41192.35,2023-11-20 19:59:45
3442,443,43,WITHDRAWAL,25294.24,2023-04-23 02:48:28
3443,444,44,TRANSFER,35560.42,2024-01-12 12:39:48
3444,445,45,DEPOSIT,48401.91,2023-04-11 11:54:52
3445,446,46,WITHDRAWAL,43164.95,2024-02-03 14:28:14
3446,447,47,TRANSFER,34726.59,2023-04-02 16:45:48
3447,448,48,DEPOSIT,23673.04,2023-12-20 17:52:29
3448,449,49,WITHDRAWAL,47204.04,2023-05-02 19:42:13
3449,450,50,TRANSFER,46085.65,2023-10-14 20:50:54
3450,451,51,DEPOSIT,30083.99,2023-04-03 05:57:35
3451,452,52,WITHDRAWAL,5525.7,2023-11-14 09:13:34
3452,453,53,TRANSFER,28592.52,2023-10-15 01:34:54
3453,454,54,DEPOSIT,26143.65,2023-02-01 06:54:48
3454,455,55,WITHDRAWAL,18579.65,2023-04-02 10:52:26
3455,456,56,TRANSFER,15169.97,2023-10-18 20:26:09
3456,457,57,DEPOSIT,1408.61,2024-01-13 10:18:31
3457,458,58,WITHDRAWAL,7115.57,2023-04-21 23:16:42
3458,459,59,TRANSFER,21093.63,2024-04-02 23:23:33
3459,460,60,DEPOSIT,44453.97,2023-08-26 00:40:06
3460,461,61,WITHDRAWAL,9162.03,2023-06-17 10:43:46
3461,462,62,TRANSFER,114.27,2024-01-15 15:46:27
3462,463,63,DEPOSIT,17438.96,2024-03-01 06:50:06
3463,464,64,WITHDRAWAL,20884.58,2023-02-04 16:56:30
3464,465,65,TRANSFER,15492.0,2024-03-21 02:35:44
3465,466,66,DEPOSIT,45015.36,2023-12-18 08:52:13
3466,467,67,WITHDRAWAL,23766.63,2023-10-21 01:29:12
3467,468,68,TRANSFER,6649.15,2024-04-15 11:14:50
3468,469,69,DEPOSIT,25243.15,2023-04-18 14:14:33
3469,470,70,WITHDRAWAL,38086.32,2023-12-25 00:28:22
3470,471,71,TRANSFER,7457.64,2023-12-15 19:21:35
3471,472,72,DEPOSIT,4474.86,2023-09-10 14:28:15
3472,473,73,WITHDRAWAL,33228.47,2024-04-30 06:33:53
3473,474,74,TRANSFER,19367.88,2023-11-15 04:01:31
3474,475,75,DEPOSIT,16956.5,2023-11-04 02:44:12
3475,476,76,WITHDRAWAL,47904.39,2023-02-05 14:08:28
3476,477,77,TRANSFER,36798.28,2023-12-11 03:54:42
3477,478,78,DEPOSIT,4435.61,2024-05-16 16:45:24
3478,479,79,WITHDRAWAL,35363.36,2023-05-09 15:16:59
3479,480,80,TRANSFER,31509.16,2024-03-20 06:45:20
3480,481,81,DEPOSIT,28056.61,2023-08-28 21:20:43
3481,482,82,WITHDRAWAL,32199.27,2023-04-07 03:27:23
3482,483,83,TRANSFER,9629.41,2023-03-08 03:20:56
3483,484,84,DEPOSIT,27096.3,2024-04-25 13:28:46
3484,485,85,WITHDRAWAL,47865.07,2023-02-11 01:38:59
3485,486,86,TRANSFER,9477.9,2024-02-10 06:11:44
3486,487,87,DEPOSIT,25136.91,2024-01-05 14:13:12
3487,488,88,WITHDRAWAL,6022.96,2023-01-15 11:55:24
3488,489,89,TRANSFER,8995.37,2024-02-18 02:34:42
3489,490,90,DEPOSIT,13755.38,2023-01-15 17:41:35
3490,491,91,WITHDRAWAL,12271.88,2023-06-09 20:28:59
3491,492,92,TRANSFER,22217.03,2024-03-26 03:38:46
3492,493,93,DEPOSIT,30346.67,2024-02-19 09:58:42
3493,494,94,WITHDRAWAL,29448.76,2023-11-09 02:03:18
3494,495,95,TRANSFER,43100.1,2024-01-17 17:43:17
3495,496,96,DEPOSIT,17004.43,2023-01-19 01:39:30
3496,497,97,WITHDRAWAL,20752.67,2023-05-21 04:54:47
3497,498,98,TRANSFER,15875.95,2024-02-15 00:48:07
3498,499,99,DEPOSIT,4560.34,2023-07-19 18:08:29
3499,500,100,WITHDRAWAL,27093.55,2023-03-19 03:42:47
3500,501,101,TRANSFER,7210.27,2023-08-10 15:20:30
3501,502,102,DEPOSIT,38417.55,2023-07-18 11:52:53
3502,503,103,WITHDRAWAL,15346.64,2023-04-30 19:00:23
3503,504,104,TRANSFER,33933.64,2023-11-13 08:10:58
3504,505,105,DEPOSIT,30727.63,2023-02-15 18:13:53
3505,506,106,WITHDRAWAL,9081.08,2023-09-10 15:51:29
3506,507,107,TRANSFER,14908.24,2023-02-15 10:33:08
3507,508,108,DEPOSIT,16008.87,2023-03-18 16:43:32
3508,509,109,WITHDRAWAL,44651.62,2023-11-17 15:34:29
3509,510,110,TRANSFER,18781.9,2023-07-20 08:14:37
3510,511,111,DEPOSIT,2603.39,2023-04-04 22:58:28
3511,512,112,WITHDRAWAL,37609.17,2023-07-06 02:53:44
3512,513,113,TRANSFER,11832.19,2024-03-31 04:22:25
3513,514,114,DEPOSIT,37621.98,2024-01-31 01:23:15
3514,515,115,WITHDRAWAL,47468.36,2023-10-27 01:49:39
3515,516,116,TRANSFER,3040.99,2023-07-29 03:53:00
3516,517,117,DEPOSIT,27660.52,2023-12-28 00:56:19
3517,518,118,WITHDRAWAL,24213.73,2023-02-20 20:13:46
3518,519,119,TRANSFER,31680.73,2023-11-13 12:14:05
3519,520,120,DEPOSIT,13465.3,2023-01-15 11:09:17
3520,521,121,WITHDRAWAL,33758.12,2024-03-31 07:03:03
3521,522,122,TRANSFER,38151.29,2023-07-11 07:39:53
3522,523,123,DEPOSIT,39262.86,2024-05-21 01:47:21
3523,524,124,WITHDRAWAL,28416.6,2023-08-25 14:23:41
3524,525,125,TRANSFER,4204.58,2023-12-13 09:42:42
3525,526,126,DEPOSIT,25026.61,2024-05-08 20:09:08
3526,527,127,WITHDRAWAL,18671.53,2023-04-21 13:54:49
3527,528,128,TRANSFER,39103.36,2023-05-11 15:15:27
3528,529,129,DEPOSIT,47631.11,2024-02-22 12:23:25
3529,530,130,WITHDRAWAL,22592.58,2024-03-07 04:47:16
3530,531,131,TRANSFER,40634.06,2023-01-01 18:39:39
3531,532,132,DEPOSIT,14469.58,2024-04-27 03:14:39
3532,533,133,WITHDRAWAL,37.14,2023-05-11 00:13:14
3533,534,134,TRANSFER,13672.41,2024-01-10 12:36:12
3534,535,135,DEPOSIT,41975.99,2023-07-14 20:54:32
3535,536,136,WITHDRAWAL,49962.1,2023-10-23 06:34:30
3536,537,137,TRANSFER,10645.58,2024-05-06 01:11:29
3537,538,138,DEPOSIT,14072.75,2024-02-01 09:12:40
3538,539,139,WITHDRAWAL,36961.76,2023-05-06 09:01:04
3539,540,140,TRANSFER,3506.06,2024-03-13 08:36:05
3540,541,141,DEPOSIT,19771.29,2023-03-11 16:24:38
3541,542,142,WITHDRAWAL,41526.6,2023-04-06 12:27:24
3542,543,143,TRANSFER,49941.07,2024-03-08 05:31:18
3543,544,144,DEPOSIT,10550.4,2023-12-02 12:21:48
3544,545,145,WITHDRAWAL,47871.28,2024-01-28 02:31:53
3545,546,146,TRANSFER,44197.74,2023-09-05 05:36:55
3546,547,147,DEPOSIT,31762.14,2023-09-24 03:11:02
3547,548,148,WITHDRAWAL,13657.93,2023-12-18 15:16:36
3548,549,149,TRANSFER,49151.27,2024-05-29 09:44:18
3549,550,150,DEPOSIT,10539.09,2023-09-23 08:26:28
3550,551,151,WITHDRAWAL,16429.58,2024-04-10 15:44:41
3551,552,152,TRANSFER,32325.7,2023-04-14 20:49:42
3552,553,153,DEPOSIT,30443.25,2023-01-02 14:10:06
3553,554,154,WITHDRAWAL,45073.24,2023-01-04 07:46:15
3554,555,155,TRANSFER,20664.02,2023-05-15 18:56:45
3555,556,156,DEPOSIT,38125.64,2024-01-15 19:11:11
3556,557,157,WITHDRAWAL,4066.63,2024-02-22 23:29:50
3557,558,158,TRANSFER,32566.81,2024-05-19 04:03:00
3558,559,159,DEPOSIT,1557.07,2024-02-23 09:09:04
3559,560,160,WITHDRAWAL,33615.57,2023-12-12 18:41:47
3560,561,161,TRANSFER,48602.23,2023-10-02 04:17:55
3561,562,162,DEPOSIT,41375.07,2023-10-20 08:09:55
3562,563,163,WITHDRAWAL,19343.68,2023-10-06 00:57:54
3563,564,164,TRANSFER,6246.95,2023-01-07 13:10:20
3564,565,165,DEPOSIT,46813.03,2023-10-15 18:15:34
3565,566,166,WITHDRAWAL,478.07,2023-12-12 07:31:41
3566,567,167,TRANSFER,37923.47,2023-01-16 08:45:25
3567,568,168,DEPOSIT,9583.67,2023-10-05 22:16:02
3568,569,169,WITHDRAWAL,31265.58,2024-04-21 11:24:03
3569,570,170,TRANSFER,11720.55,2023-06-21 18:29:29
3570,571,171,DEPOSIT,48365.15,2024-01-19 13:15:38
3571,572,172,WITHDRAWAL,14045.01,2023-01-29 13:55:40
3572,573,173,TRANSFER,10462.23,2024-04-15 17:09:41
3573,574,174,DEPOSIT,49213.33,2023-06-02 07:19:21
3574,575,175,WITHDRAWAL,19810.35,2024-05-10 21:18:41
3575,576,176,TRANSFER,28459.42,2023-08-04 10:07:59
3576,577,177,DEPOSIT,8532.15,2024-01-19 17:02:18
3577,578,178,WITHDRAWAL,32995.32,2023-05-31 12:08:21
3578,579,179,TRANSFER,33612.06,2024-03-15 09:32:37
3579,580,180,DEPOSIT,28261.36,2024-04-13 08:13:22
3580,581,181,WITHDRAWAL,29412.35,2023-02-20 18:24:37
3581,582,182,TRANSFER,6380.27,2023-02-20 12:36:26
3582,583,183,DEPOSIT,42775.39,2024-03-18 15:46:02
3583,584,184,WITHDRAWAL,36447.65,2024-02-11 06:55:01
3584,585,185,TRANSFER,9600.66,2023-08-02 01:50:38
3585,586,186,DEPOSIT,49597.65,2023-01-18 22:56:29
3586,587,187,WITHDRAWAL,30726.68,2024-02-18 22:44:59
3587,588,188,TRANSFER,44156.27,2024-03-11 01:19:06
3588,589,189,DEPOSIT,46895.14,2023-01-02 12:26:35
3589,590,190,WITHDRAWAL,33658.26,2024-05-12 20:28:39
3590,591,191,TRANSFER,2602.62,2024-05-19 21:26:18
3591,592,192,DEPOSIT,21633.08,2023-09-08 21:08:33
3592,593,193,WITHDRAWAL,13709.04,2023-11-13 00:42:59
3593,594,194,TRANSFER,23334.67,2024-02-07 13:43:26
3594,595,195,DEPOSIT,25867.67,2023-10-08 18:19:24
3595,596,196,WITHDRAWAL,44191.28,2023-02-03 18:14:24
3596,597,197,TRANSFER,2357.76,2023-06-24 09:52:55
3597,598,198,DEPOSIT,26625.19,2023-11-23 06:31:28
3598,599,199,WITHDRAWAL,267.91,2023-09-03 15:10:39
3599,600,200,TRANSFER,16741.94,2023-06-01 03:45:31
3600,601,1,DEPOSIT,40385.57,2024-03-20 03:29:24
3601,602,2,WITHDRAWAL,48905.0,2023-06-25 06:00:38
3602,603,3,TRANSFER,47889.21,2023-11-26 04:34:55
3603,604,4,DEPOSIT,9851.87,2023-07-14 04:02:33
3604,605,5,WITHDRAWAL,15547.18,2023-09-13 17:11:31
3605,606,6,TRANSFER,31268.48,2024-05-01 05:23:12
3606,607,7,DEPOSIT,24003.52,2023-01-22 15:35:08
3607,608,8,WITHDRAWAL,29630.61,2023-01-19 15:49:51
3608,609,9,TRANSFER,46753.69,2024-05-01 11:01:27
3609,610,10,DEPOSIT,12365.21,2023-07-14 11:58:15
3610,611,11,WITHDRAWAL,11925.58,2024-01-03 20:06:22
3611,612,12,TRANSFER,41627.55,2023-09-22 17:00:32
3612,613,13,DEPOSIT,25988.56,2023-09-17 02:32:22
3613,614,14,WITHDRAWAL,47177.94,2023-07-03 21:13:18
3614,615,15,TRANSFER,30982.13,2024-04-11 00:09:09
3615,616,16,DEPOSIT,31271.18,2023-03-16 07:25:55
3616,617,17,WITHDRAWAL,6250.07,2024-03-25 16:07:14
3617,618,18,TRANSFER,45836.55,2023-02-17 03:17:11
3618,619,19,DEPOSIT,15670.84,2023-10-21 03:09:18
3619,620,20,WITHDRAWAL,39134.49,2023-02-20 12:12:49
3620,621,21,TRANSFER,45956.6,2023-02-18 03:48:19
3621,622,22,DEPOSIT,2748.89,2023-12-10 05:57:22
3622,623,23,WITHDRAWAL,31313.0,2024-04-19 08:59:36
3623,624,24,TRANSFER,5100.36,2023-02-21 02:25:09
3624,625,25,DEPOSIT,27967.31,2023-02-13 08:00:00
3625,626,26,WITHDRAWAL,42497.97,2023-08-18 01:38:49
3626,627,27,TRANSFER,4800.55,2023-11-08 23:54:54
3627,628,28,DEPOSIT,11663.27,2023-11-16 07:36:31
3628,629,29,WITHDRAWAL,39375.87,2024-04-10 16:54:14
3629,630,30,TRANSFER,540.22,2024-04-29 16:21:18
3630,631,31,DEPOSIT,23215.81,2023-10-26 04:47:16
3631,632,32,WITHDRAWAL,43998.11,2023-11-29 12:28:09
3632,633,33,TRANSFER,5072.88,2024-04-25 23:17:39
3633,634,34,DEPOSIT,46879.87,2024-05-20 14:03:17
3634,635,35,WITHDRAWAL,22709.3,2023-01-21 04:09:16
3635,636,36,TRANSFER,29394.79,2023-09-12 21:58:24
3636,637,37,DEPOSIT,5143.46,2023-03-25 21:23:19
3637,638,38,WITHDRAWAL,35667.84,2024-04-07 06:52:05
3638,639,39,TRANSFER,39472.93,2024-04-05 12:12:19
3639,640,40,DEPOSIT,45219.46,2023-05-31 09:14:11
3640,641,41,WITHDRAWAL,31871.81,2023-04-08 20:28:03
3641,642,42,TRANSFER,17776.01,2023-07-19 01:31:09
3642,643,43,DEPOSIT,36233.91,2024-01-09 21:56:00
3643,644,44,WITHDRAWAL,9304.31,2023-12-12 08:23:52
3644,645,45,TRANSFER,39853.31,2023-04-17 22:24:18
3645,646,46,DEPOSIT,6392.76,2023-02-16 23:38:14
3646,647,47,WITHDRAWAL,21798.05,2024-03-30 00:17:07
3647,648,48,TRANSFER,37721.14,2024-05-21 04:39:40
3648,649,49,DEPOSIT,29187.46,2023-08-30 16:58:09
3649,650,50,WITHDRAWAL,38777.03,2024-02-25 07:38:59
3650,651,51,TRANSFER,23481.49,2023-04-25 11:54:14
3651,652,52,DEPOSIT,17151.59,2024-04-13 14:52:36
3652,653,53,WITHDRAWAL,48513.85,2023-10-14 11:29:21
3653,654,54,TRANSFER,29326.13,2024-02-07 02:15:56
3654,655,55,DEPOSIT,2875.31,2023-04-23 07:32:47
3655,656,56,WITHDRAWAL,40961.0,2024-01-29 21:10:32
3656,657,57,TRANSFER,42936.52,2024-03-10 12:54:08
3657,658,58,DEPOSIT,17197.37,2023-11-24 19:47:23
3658,659,59,WITHDRAWAL,32031.33,2023-06-05 15:12:10
3659,660,60,TRANSFER,39265.34,2023-06-06 07:46:52
3660,661,61,DEPOSIT,9475.89,2023-09-23 06:59:21
3661,662,62,WITHDRAWAL,34742.13,2024-01-05 12:09:28
3662,663,63,TRANSFER,29992.12,2023-12-30 01:00:43
3663,664,64,DEPOSIT,42601.91,2023-09-15 04:59:53
3664,665,65,WITHDRAWAL,48153.61,2024-03-15 16:48:40
3665,666,66,TRANSFER,14988.58,2024-04-23 12:59:41
3666,667,67,DEPOSIT,8122.38,2023-09-13 05:54:11
3667,668,68,WITHDRAWAL,43806.51,2023-12-19 20:48:17
3668,669,69,TRANSFER,24801.57,2023-02-02 18:31:07
3669,670,70,DEPOSIT,31941.96,2023-01-03 20:55:06
3670,671,71,WITHDRAWAL,23332.17,2023-06-28 20:37:07
3671,672,72,TRANSFER,11958.56,2023-06-15 13:11:23
3672,673,73,DEPOSIT,40365.49,2023-09-15 11:53:22
3673,674,74,WITHDRAWAL,10273.76,2023-10-19 23:30:14
3674,675,75,TRANSFER,41305.96,2023-05-24 02:33:59
3675,676,76,DEPOSIT,18147.23,2023-01-06 05:22:13
3676,677,77,WITHDRAWAL,17900.75,2023-02-27 06:26:54
3677,678,78,TRANSFER,5768.31,2024-03-06 20:12:03
3678,679,79,DEPOSIT,22026.0,2023-08-14 16:43:59
3679,680,80,WITHDRAWAL,29288.46,2024-05-05 08:55:46
3680,681,81,TRANSFER,2204.8,2023-10-07 13:11:40
3681,682,82,DEPOSIT,9964.15,2023-01-24 01:22:45
3682,683,83,WITHDRAWAL,8715.59,2023-08-09 16:01:27
3683,684,84,TRANSFER,35944.65,2023-07-23 12:00:45
3684,685,85,DEPOSIT,42378.23,2023-09-21 22:39:25
3685,686,86,WITHDRAWAL,8935.29,2023-07-11 01:06:22
3686,687,87,TRANSFER,8812.11,2023-01-17 16:38:25
3687,688,88,DEPOSIT,45533.34,2023-07-23 08:05:35
3688,689,89,WITHDRAWAL,41573.97,2023-01-17 07:21:07
3689,690,90,TRANSFER,18952.35,2023-04-17 14:24:17
3690,691,91,DEPOSIT,16925.78,2023-03-28 04:36:44
3691,692,92,WITHDRAWAL,15260.57,2023-06-13 07:06:31
3692,693,93,TRANSFER,18488.34,2023-07-06 12:43:09
3693,694,94,DEPOSIT,33048.83,2023-10-17 05:06:42
3694,695,95,WITHDRAWAL,48855.32,2024-02-14 06:37:34
3695,696,96,TRANSFER,44084.37,2024-04-29 01:21:37
3696,697,97,DEPOSIT,5933.48,2023-02-20 18:43:31
3697,698,98,WITHDRAWAL,39746.96,2023-04-12 14:11:22
3698,699,99,TRANSFER,26632.41,2023-05-29 21:11:53
3699,700,100,DEPOSIT,15904.4,2023-10-18 16:37:28
3700,701,101,WITHDRAWAL,48849.31,2023-11-30 15:12:32
3701,702,102,TRANSFER,46051.47,2023-07-09 22:44:08
3702,703,103,DEPOSIT,29370.42,2024-04-23 11:35:39
3703,704,104,WITHDRAWAL,14716.2,2024-02-20 21:51:12
3704,705,105,TRANSFER,16390.75,2023-04-26 09:29:17
3705,706,106,DEPOSIT,31476.66,2023-02-11 08:49:09
3706,707,107,WITHDRAWAL,43643.85,2023-08-06 12:56:41
3707,708,108,TRANSFER,48419.53,2024-01-30 18:49:47
3708,709,109,DEPOSIT,10469.79,2024-01-15 19:26:46
3709,710,110,WITHDRAWAL,39235.41,2023-03-05 05:32:58
3710,711,111,TRANSFER,30748.17,2024-05-30 08:34:38
3711,712,112,DEPOSIT,25435.6,2023-05-11 01:11:14
3712,713,113,WITHDRAWAL,37559.3,2024-05-16 01:00:19
3713,714,114,TRANSFER,24934.4,2023-10-18 16:49:32
3714,715,115,DEPOSIT,8958.14,2023-12-27 14:34:09
3715,716,116,WITHDRAWAL,26278.53,2023-10-18 09:36:16
3716,717,117,TRANSFER,35785.34,2024-01-11 09:18:36
3717,718,118,DEPOSIT,23693.17,2024-01-20 07:35:30
3718,719,119,WITHDRAWAL,20053.29,2024-03-27 10:06:18
3719,720,120,TRANSFER,32490.37,2024-03-29 14:13:30
3720,721,121,DEPOSIT,10984.12,2023-06-10 22:28:49
3721,722,122,WITHDRAWAL,22609.48,2023-06-07 16:12:12
3722,723,123,TRANSFER,19801.04,2023-07-02 01:14:43
3723,724,124,DEPOSIT,21256.89,2023-08-26 16:14:07
3724,725,125,WITHDRAWAL,28572.81,2023-10-20 21:20:09
3725,726,126,TRANSFER,12733.92,2023-10-18 13:51:59
3726,727,127,DEPOSIT,6725.17,2023-03-07 20:01:14
3727,728,128,WITHDRAWAL,14759.45,2023-03-07 06:23:53
3728,729,129,TRANSFER,17585.23,2024-02-07 23:31:09
3729,730,130,DEPOSIT,2066.73,2024-03-29 13:50:41
3730,731,131,WITHDRAWAL,31060.08,2024-02-02 21:15:26
3731,732,132,TRANSFER,22563.05,2023-11-27 23:07:24
3732,733,133,DEPOSIT,20453.55,2023-12-02 22:29:23
3733,734,134,WITHDRAWAL,15857.85,2024-01-22 10:52:29
3734,735,135,TRANSFER,1245.66,2023-10-24 23:54:38
3735,736,136,DEPOSIT,11697.18,2023-12-10 01:40:13
3736,737,137,WITHDRAWAL,3803.66,2024-05-16 06:17:11
3737,738,138,TRANSFER,14732.95,2023-03-06 00:23:32
3738,739,139,DEPOSIT,25644.42,2024-01-25 17:34:33
3739,740,140,WITHDRAWAL,3917.17,2024-05-14 22:35:15
3740,741,141,TRANSFER,46331.03,2023-08-03 16:56:04
3741,742,142,DEPOSIT,5938.21,2023-03-18 10:28:43
3742,743,143,WITHDRAWAL,1923.69,2023-10-07 19:18:08
3743,744,144,TRANSFER,16694.55,2023-06-05 13:59:08
3744,745,145,DEPOSIT,12508.68,2023-09-13 17:30:09
3745,746,146,WITHDRAWAL,9540.22,2023-08-02 04:23:24
3746,747,147,TRANSFER,49899.81,2024-04-14 04:00:38
3747,748,148,DEPOSIT,45620.0,2024-02-26 20:35:44
3748,749,149,WITHDRAWAL,38506.1,2023-01-07 15:04:58
3749,750,150,TRANSFER,41117.22,2023-08-07 21:58:35
3750,751,151,DEPOSIT,47291.29,2023-11-10 15:35:06
3751,752,152,WITHDRAWAL,37892.73,2024-03-26 11:07:19
3752,753,153,TRANSFER,23605.48,2023-01-10 05:39:32
3753,754,154,DEPOSIT,49463.84,2024-02-03 04:25:55
3754,755,155,WITHDRAWAL,43274.65,2023-04-26 22:48:07
3755,756,156,TRANSFER,11354.05,2023-06-26 18:22:14
3756,757,157,DEPOSIT,23727.17,2023-06-13 00:21:14
3757,758,158,WITHDRAWAL,29354.31,2024-02-05 15:40:53
3758,759,159,TRANSFER,37883.49,2024-03-05 05:29:41
3759,760,160,DEPOSIT,17039.57,2023-12-25 09:08:26
3760,761,161,WITHDRAWAL,15660.61,2023-03-08 16:50:31
3761,762,162,TRANSFER,21445.36,2023-05-26 21:42:48
3762,763,163,DEPOSIT,10487.14,2023-11-21 10:15:58
3763,764,164,WITHDRAWAL,42648.68,2023-12-16 12:05:05
3764,765,165,TRANSFER,18741.26,2023-01-24 09:10:50
3765,766,166,DEPOSIT,43688.77,2024-03-24 13:32:15
3766,767,167,WITHDRAWAL,47168.27,2023-08-26 08:16:25
3767,768,168,TRANSFER,24995.01,2023-01-08 12:28:11
3768,769,169,DEPOSIT,41716.6,2024-05-26 17:49:09
3769,770,170,WITHDRAWAL,11282.28,2023-09-21 22:44:44
3770,771,171,TRANSFER,34291.28,2023-11-27 15:59:01
3771,772,172,DEPOSIT,38144.45,2023-11-10 07:20:16
3772,773,173,WITHDRAWAL,14988.86,2024-02-22 13:39:54
3773,774,174,TRANSFER,1171.76,2024-03-31 21:38:09
3774,775,175,DEPOSIT,46107.99,2023-01-26 00:25:08
3775,776,176,WITHDRAWAL,48862.39,2023-04-30 09:00:44
3776,777,177,TRANSFER,28413.86,2023-09-14 12:18:57
3777,778,178,DEPOSIT,45688.47,2024-04-13 08:47:11
3778,779,179,WITHDRAWAL,43348.57,2024-03-21 17:52:29
3779,780,180,TRANSFER,10218.19,2023-10-24 04:17:35
3780,781,181,DEPOSIT,3194.83,2023-10-31 09:59:08
3781,782,182,WITHDRAWAL,9425.05,2023-10-28 03:38:56
3782,783,183,TRANSFER,16448.78,2023-03-26 09:09:56
3783,784,184,DEPOSIT,31953.78,2023-12-17 17:13:42
3784,785,185,WITHDRAWAL,4671.14,2023-08-25 15:00:11
3785,786,186,TRANSFER,33747.53,2023-03-23 00:32:18
3786,787,187,DEPOSIT,1612.64,2023-05-18 23:22:36
3787,788,188,WITHDRAWAL,24435.78,2024-04-13 15:31:06
3788,789,189,TRANSFER,9957.95,2023-05-26 00:11:35
3789,790,190,DEPOSIT,14198.04,2023-10-27 17:35:15
3790,791,191,WITHDRAWAL,14562.37,2023-07-01 00:10:11
3791,792,192,TRANSFER,3508.27,2024-02-12 07:26:39
3792,793,193,DEPOSIT,18438.93,2023-02-14 15:00:17
3793,794,194,WITHDRAWAL,8599.57,2023-01-09 13:55:57
3794,795,195,TRANSFER,19561.35,2023-11-16 03:00:30
3795,796,196,DEPOSIT,6465.59,2023-03-28 00:25:00
3796,797,197,WITHDRAWAL,23917.77,2023-11-21 23:47:14
3797,798,198,TRANSFER,19455.75,2023-02-23 09:50:06
3798,799,199,DEPOSIT,6505.31,2023-06-10 09:03:37
3799,800,200,WITHDRAWAL,15494.76,2023-06-09 18:05:50
3800,801,1,TRANSFER,7947.47,2024-01-04 18:32:28
3801,802,2,DEPOSIT,46958.32,2024-03-22 16:28:49
3802,803,3,WITHDRAWAL,10156.61,2024-04-01 07:38:37
3803,804,4,TRANSFER,13779.29,2023-12-23 11:34:05
3804,805,5,DEPOSIT,49554.34,2023-01-06 18:45:11
3805,806,6,WITHDRAWAL,3207.86,2023-12-13 05:02:20
3806,807,7,TRANSFER,30246.38,2023-11-07 02:18:55
3807,808,8,DEPOSIT,26297.57,2023-07-11 17:26:00
3808,809,9,WITHDRAWAL,43963.18,2024-03-18 03:11:56
3809,810,10,TRANSFER,23140.15,2023-12-24 10:50:05
3810,811,11,DEPOSIT,36867.16,2023-01-31 08:35:35
3811,812,12,WITHDRAWAL,32318.49,2023-08-12 15:03:52
3812,813,13,TRANSFER,17345.62,2023-12-21 10:10:19
3813,814,14,DEPOSIT,19560.61,2023-08-20 00:50:46
3814,815,15,WITHDRAWAL,20758.49,2023-05-17 00:35:26
3815,816,16,TRANSFER,44999.23,2023-05-20 11:34:42
3816,817,17,DEPOSIT,22896.83,2023-12-02 14:29:30
3817,818,18,WITHDRAWAL,9180.38,2024-05-26 22:08:32
3818,819,19,TRANSFER,4785.75,2024-03-17 15:45:24
3819,820,20,DEPOSIT,11992.37,2023-02-03 21:57:52
3820,821,21,WITHDRAWAL,13696.08,2023-05-03 16:04:12
3821,822,22,TRANSFER,26891.5,2024-05-02 20:19:10
3822,823,23,DEPOSIT,34905.22,2023-02-21 20:11:44
3823,824,24,WITHDRAWAL,45437.74,2023-06-18 17:55:27
3824,825,25,TRANSFER,49619.56,2023-11-16 10:46:49
3825,826,26,DEPOSIT,6070.32,2024-03-05 09:23:03
3826,827,27,WITHDRAWAL,3835.92,2023-10-14 09:39:50
3827,828,28,TRANSFER,25224.7,2023-03-23 17:31:40
3828,829,29,DEPOSIT,20510.7,2023-09-11 05:19:31
3829,830,30,WITHDRAWAL,12645.8,2023-05-09 00:49:25
3830,831,31,TRANSFER,2241.31,2024-01-29 01:43:38
3831,832,32,DEPOSIT,3669.04,2023-01-21 18:03:26
3832,833,33,WITHDRAWAL,19063.97,2023-12-25 18:30:50
3833,834,34,TRANSFER,42790.1,2023-11-07 04:16:16
3834,835,35,DEPOSIT,1898.36,2023-11-05 02:32:43
3835,836,36,WITHDRAWAL,5742.99,2023-07-14 15:37:46
3836,837,37,TRANSFER,16362.25,2023-04-17 00:10:56
3837,838,38,DEPOSIT,24243.11,2023-12-27 14:09:51
3838,839,39,WITHDRAWAL,4136.61,2023-02-23 00:01:59
3839,840,40,TRANSFER,12122.26,2024-05-25 07:47:20
3840,841,41,DEPOSIT,7021.39,2023-12-06 23:45:37
3841,842,42,WITHDRAWAL,42079.71,2023-08-05 19:34:54
3842,843,43,TRANSFER,41926.41,2023-05-13 12:00:40
3843,844,44,DEPOSIT,5034.75,2024-04-16 11:05:12
3844,845,45,WITHDRAWAL,6216.33,2023-08-17 11:15:13
3845,846,46,TRANSFER,8430.98,2023-10-31 13:57:46
3846,847,47,DEPOSIT,33872.38,2023-01-09 16:58:51
3847,848,48,WITHDRAWAL,22038.49,2023-04-30 05:22:54
3848,849,49,TRANSFER,10841.45,2023-05-19 05:02:46
3849,850,50,DEPOSIT,44635.46,2023-01-27 18:05:54
3850,851,51,WITHDRAWAL,10816.16,2024-02-18 10:46:08
3851,852,52,TRANSFER,41826.69,2023-02-07 02:14:12
3852,853,53,DEPOSIT,32054.2,2024-02-11 03:05:11
3853,854,54,WITHDRAWAL,44851.52,2024-05-27 16:02:41
3854,855,55,TRANSFER,34520.43,2023-10-31 09:39:16
3855,856,56,DEPOSIT,2630.24,2023-12-11 20:30:42
3856,857,57,WITHDRAWAL,2442.75,2023-01-04 14:58:32
3857,858,58,TRANSFER,38358.04,2023-10-21 03:09:45
3858,859,59,DEPOSIT,18738.49,2023-07-13 22:44:28
3859,860,60,WITHDRAWAL,10007.28,2023-07-05 06:42:50
3860,861,61,TRANSFER,21089.92,2023-01-13 10:58:41
3861,862,62,DEPOSIT,16862.46,2023-01-12 07:25:02
3862,863,63,WITHDRAWAL,34001.18,2023-05-30 05:58:10
3863,864,64,TRANSFER,11036.19,2023-02-19 01:36:06
3864,865,65,DEPOSIT,39848.24,2023-03-17 00:48:51
3865,866,66,WITHDRAWAL,8402.47,2024-05-30 19:53:04
3866,867,67,TRANSFER,2210.19,2023-05-10 17:59:11
3867,868,68,DEPOSIT,5393.11,2024-02-03 01:41:39
3868,869,69,WITHDRAWAL,16140.75,2023-09-12 02:21:32
3869,870,70,TRANSFER,9485.48,2024-05-01 20:08:45
3870,871,71,DEPOSIT,46717.03,2023-06-10 20:59:01
3871,872,72,WITHDRAWAL,46946.77,2023-11-03 20:31:30
3872,873,73,TRANSFER,11628.08,2023-04-04 19:56:56
3873,874,74,DEPOSIT,17835.25,2023-03-24 05:50:43
3874,875,75,WITHDRAWAL,759.58,2023-05-15 20:32:25
3875,876,76,TRANSFER,15818.85,2024-05-22 23:18:31
3876,877,77,DEPOSIT,10646.27,2023-10-30 06:57:54
3877,878,78,WITHDRAWAL,3310.15,2023-06-20 22:53:25
3878,879,79,TRANSFER,32500.75,2023-08-05 06:49:34
3879,880,80,DEPOSIT,2206.51,2023-10-14 14:17:06
3880,881,81,WITHDRAWAL,20560.73,2023-06-19 18:16:10
3881,882,82,TRANSFER,24983.81,2024-04-10 03:43:44
3882,883,83,DEPOSIT,35629.43,2023-03-21 01:56:34
3883,884,84,WITHDRAWAL,8581.24,2024-03-18 02:45:05
3884,885,85,TRANSFER,29997.36,2023-03-15 14:10:00
3885,886,86,DEPOSIT,34818.81,2024-05-05 00:20:32
3886,887,87,WITHDRAWAL,16609.01,2023-04-14 06:01:17
3887,888,88,TRANSFER,38088.2,2024-05-08 11:50:48
3888,889,89,DEPOSIT,48901.3,2023-09-04 23:20:02
3889,890,90,WITHDRAWAL,3385.0,2024-01-10 11:33:42
3890,891,91,TRANSFER,30430.58,2023-01-14 16:59:50
3891,892,92,DEPOSIT,22451.09,2024-03-30 09:52:42
3892,893,93,WITHDRAWAL,32033.19,2024-02-01 22:13:03
3893,894,94,TRANSFER,25175.97,2023-06-30 12:43:29
3894,895,95,DEPOSIT,11637.97,2023-01-11 07:46:29
3895,896,96,WITHDRAWAL,37949.46,2024-04-23 17:34:19
3896,897,97,TRANSFER,15449.34,2023-04-07 08:34:28
3897,898,98,DEPOSIT,37864.71,2023-11-29 19:46:45
3898,899,99,WITHDRAWAL,3978.69,2024-04-26 09:16:47
3899,900,100,TRANSFER,18732.44,2023-04-17 20:13:12
3900,901,101,DEPOSIT,10108.57,2023-08-19 09:17:57
3901,902,102,WITHDRAWAL,10227.22,2023-10-19 20:26:57
3902,903,103,TRANSFER,11910.82,2023-01-30 10:37:56
3903,904,104,DEPOSIT,49427.68,2024-04-09 12:55:46
3904,905,105,WITHDRAWAL,36965.39,2023-12-11 15:39:21
3905,906,106,TRANSFER,6722.01,2023-09-13 07:13:22
3906,907,107,DEPOSIT,32183.67,2023-09-04 15:20:58
3907,908,108,WITHDRAWAL,26048.43,2023-01-31 18:20:12
3908,909,109,TRANSFER,32405.84,2023-11-19 06:10:24
3909,910,110,DEPOSIT,37530.04,2023-08-13 01:11:34
3910,911,111,WITHDRAWAL,42348.27,2023-06-27 21:03:22
3911,912,112,TRANSFER,17142.99,2023-09-15 07:19:31
3912,913,113,DEPOSIT,26970.19,2023-06-09 20:42:54
3913,914,114,WITHDRAWAL,40074.58,2023-07-12 21:21:24
3914,915,115,TRANSFER,30407.08,2023-06-22 18:39:27
3915,916,116,DEPOSIT,26078.38,2023-10-24 07:24:46
3916,917,117,WITHDRAWAL,22123.62,2023-05-23 13:32:08
3917,918,118,TRANSFER,3240.2,2023-01-05 16:38:36
3918,919,119,DEPOSIT,3508.55,2024-01-17 20:52:35
3919,920,120,WITHDRAWAL,2614.82,2023-05-30 11:48:57
3920,921,121,TRANSFER,46914.34,2023-04-20 22:20:52
3921,922,122,DEPOSIT,4597.05,2023-04-08 12:37:36
3922,923,123,WITHDRAWAL,27446.87,2024-04-05 07:26:09
3923,924,124,TRANSFER,11823.14,2023-06-08 17:47:42
3924,925,125,DEPOSIT,21317.73,2023-03-02 17:05:31
3925,926,126,WITHDRAWAL,15580.03,2023-12-29 18:53:42
3926,927,127,TRANSFER,12253.8,2023-06-03 10:20:34
3927,928,128,DEPOSIT,30296.5,2023-05-18 00:59:46
3928,929,129,WITHDRAWAL,14274.79,2023-08-24 10:12:24
3929,930,130,TRANSFER,48386.61,2023-12-15 04:22:50
3930,931,131,DEPOSIT,13600.32,2023-06-06 10:23:12
3931,932,132,WITHDRAWAL,4010.0,2024-01-09 17:40:19
3932,933,133,TRANSFER,19918.24,2023-10-07 07:05:35
3933,934,134,DEPOSIT,23540.97,2023-05-11 07:23:08
3934,935,135,WITHDRAWAL,25269.57,2023-11-25 07:38:52
3935,936,136,TRANSFER,38018.62,2023-12-03 15:43:47
3936,937,137,DEPOSIT,1000.36,2024-01-10 09:08:41
3937,938,138,WITHDRAWAL,21375.59,2023-10-24 06:10:16
3938,939,139,TRANSFER,37945.33,2023-03-06 15:34:22
3939,940,140,DEPOSIT,29763.22,2023-08-22 04:43:18
3940,941,141,WITHDRAWAL,27647.08,2023-04-29 16:22:27
3941,942,142,TRANSFER,12872.01,2023-05-17 11:16:21
3942,943,143,DEPOSIT,15299.31,2023-12-27 03:05:07
3943,944,144,WITHDRAWAL,18763.59,2023-08-08 23:42:38
3944,945,145,TRANSFER,24047.41,2024-04-15 17:07:53
3945,946,146,DEPOSIT,6841.45,2023-09-16 19:56:04
3946,947,147,WITHDRAWAL,9793.83,2023-12-31 11:36:43
3947,948,148,TRANSFER,218.99,2023-05-28 06:52:53
3948,949,149,DEPOSIT,36521.13,2024-01-24 21:43:15
3949,950,150,WITHDRAWAL,24577.77,2023-10-18 16:40:16
3950,951,151,TRANSFER,47014.85,2023-11-19 23:26:58
3951,952,152,DEPOSIT,19208.03,2023-10-17 19:55:30
3952,953,153,WITHDRAWAL,32056.03,2023-08-28 02:00:34
3953,954,154,TRANSFER,3571.01,2024-04-01 22:52:29
3954,955,155,DEPOSIT,49623.7,2023-01-31 03:47:08
3955,956,156,WITHDRAWAL,19247.45,2023-04-07 16:25:44
3956,957,157,TRANSFER,8126.5,2024-03-15 07:42:30
3957,958,158,DEPOSIT,47855.27,2023-12-05 21:10:59
3958,959,159,WITHDRAWAL,25485.32,2023-09-28 17:58:39
3959,960,160,TRANSFER,31752.64,2024-01-15 12:34:16
3960,961,161,DEPOSIT,34825.81,2023-10-13 23:22:57
3961,962,162,WITHDRAWAL,19272.8,2024-05-20 13:46:24
3962,963,163,TRANSFER,36785.85,2023-11-26 08:41:05
3963,964,164,DEPOSIT,23891.5,2023-07-08 05:47:05
3964,965,165,WITHDRAWAL,31551.33,2023-10-08 17:15:02
3965,966,166,TRANSFER,34876.6,2023-01-22 22:43:53
3966,967,167,DEPOSIT,7402.74,2024-05-16 05:53:20
3967,968,168,WITHDRAWAL,22778.98,2024-04-15 06:08:17
3968,969,169,TRANSFER,12721.86,2023-04-25 11:07:38
3969,970,170,DEPOSIT,28921.31,2024-04-12 16:52:37
3970,971,171,WITHDRAWAL,42077.38,2024-05-29 15:50:46
3971,972,172,TRANSFER,5845.36,2023-01-10 13:59:08
3972,973,173,DEPOSIT,32223.43,2023-03-13 16:42:17
3973,974,174,WITHDRAWAL,19889.37,2023-10-26 12:45:39
3974,975,175,TRANSFER,48707.54,2024-03-31 06:49:20
3975,976,176,DEPOSIT,25931.67,2023-03-04 09:48:04
3976,977,177,WITHDRAWAL,43801.55,2023-05-27 15:55:13
3977,978,178,TRANSFER,41489.18,2023-05-09 19:10:33
3978,979,179,DEPOSIT,34594.92,2023-07-16 09:51:41
3979,980,180,WITHDRAWAL,48384.49,2024-01-24 20:43:59
3980,981,181,TRANSFER,44333.68,2024-05-26 11:04:11
3981,982,182,DEPOSIT,15405.86,2024-03-31 05:19:07
3982,983,183,WITHDRAWAL,37625.59,2023-11-16 16:56:51
3983,984,184,TRANSFER,5472.61,2023-03-11 00:43:15
3984,985,185,DEPOSIT,38836.79,2024-03-20 18:15:20
3985,986,186,WITHDRAWAL,40713.26,2023-09-25 11:56:50
3986,987,187,TRANSFER,37439.02,2023-07-28 22:55:16
3987,988,188,DEPOSIT,34953.46,2023-11-06 02:42:09
3988,989,189,WITHDRAWAL,49351.4,2023-01-05 23:40:59
3989,990,190,TRANSFER,88.91,2024-01-17 22:23:09
3990,991,191,DEPOSIT,38689.44,2023-02-24 05:56:23
3991,992,192,WITHDRAWAL,26252.85,2023-11-21 13:05:41
3992,993,193,TRANSFER,14424.13,2024-05-23 09:09:33
3993,994,194,DEPOSIT,8540.01,2023-12-01 17:28:57
3994,995,195,WITHDRAWAL,9328.14,2023-10-19 00:00:29
3995,996,196,TRANSFER,9909.05,2023-04-15 08:07:52
3996,997,197,DEPOSIT,25135.66,2023-05-22 08:26:01
3997,998,198,WITHDRAWAL,22538.53,2023-03-27 14:59:23
3998,999,199,TRANSFER,9290.05,2023-06-15 02:39:17
3999,1000,200,DEPOSIT,37498.29,2023-02-15 19:30:19
4000,1,1,WITHDRAWAL,12975.0,2023-05-30 00:59:33
4001,2,2,TRANSFER,22042.12,2023-11-14 12:26:33
4002,3,3,DEPOSIT,5468.68,2024-04-30 00:03:34
4003,4,4,WITHDRAWAL,8314.65,2024-05-09 07:58:58
4004,5,5,TRANSFER,4294.5,2023-08-16 16:15:25
4005,6,6,DEPOSIT,13845.34,2023-04-07 20:13:59
4006,7,7,WITHDRAWAL,1493.04,2023-09-23 18:10:26
4007,8,8,TRANSFER,23900.08,2023-07-02 08:37:07
4008,9,9,DEPOSIT,485.23,2023-03-20 07:13:07
4009,10,10,WITHDRAWAL,37592.42,2023-07-26 16:06:16
4010,11,11,TRANSFER,33269.46,2023-01-06 14:42:52
4011,12,12,DEPOSIT,4851.12,2023-02-02 12:18:53
4012,13,13,WITHDRAWAL,39591.41,2024-02-10 17:01:17
4013,14,14,TRANSFER,30153.21,2023-10-19 18:55:05
4014,15,15,DEPOSIT,46607.1,2023-07-26 11:32:18
4015,16,16,WITHDRAWAL,37848.01,2024-01-03 13:40:47
4016,17,17,TRANSFER,21478.39,2024-04-14 10:18:08
4017,18,18,DEPOSIT,34096.18,2023-10-15 23:56:08
4018,19,19,WITHDRAWAL,49972.26,2023-09-24 11:25:37
4019,20,20,TRANSFER,47050.14,2023-07-06 02:24:44
4020,21,21,DEPOSIT,18928.0,2023-11-06 12:02:39
4021,22,22,WITHDRAWAL,48765.5,2023-02-14 11:03:34
4022,23,23,TRANSFER,40315.45,2023-09-14 12:24:14
4023,24,24,DEPOSIT,22851.39,2023-01-03 09:30:08
4024,25,25,WITHDRAWAL,36263.76,2023-11-09 02:15:02
4025,26,26,TRANSFER,1293.76,2023-04-18 20:35:40
4026,27,27,DEPOSIT,43451.57,2023-04-06 10:55:12
4027,28,28,WITHDRAWAL,47553.59,2023-08-06 01:39:08
4028,29,29,TRANSFER,18427.81,2023-07-13 01:04:38
4029,30,30,DEPOSIT,34312.38,2024-04-25 06:54:39
4030,31,31,WITHDRAWAL,25750.55,2024-01-05 02:21:33
4031,32,32,TRANSFER,9404.87,2024-05-27 19:32:58
4032,33,33,DEPOSIT,47877.78,2024-05-10 14:32:51
4033,34,34,WITHDRAWAL,841.35,2023-09-08 05:56:13
4034,35,35,TRANSFER,43672.99,2023-10-07 18:43:09
4035,36,36,DEPOSIT,33899.69,2023-09-10 20:13:46
4036,37,37,WITHDRAWAL,30342.08,2023-07-01 09:50:55
4037,38,38,TRANSFER,36962.84,2023-11-07 19:37:11
4038,39,39,DEPOSIT,17423.21,2023-03-05 04:49:56
4039,40,40,WITHDRAWAL,49343.7,2024-01-05 19:33:20
4040,41,41,TRANSFER,36716.54,2023-03-20 00:37:49
4041,42,42,DEPOSIT,30362.62,2023-08-17 06:00:10
4042,43,43,WITHDRAWAL,43494.24,2023-04-22 04:43:21
4043,44,44,TRANSFER,39245.25,2024-03-20 04:51:04
4044,45,45,DEPOSIT,1596.97,2024-01-27 23:06:30
4045,46,46,WITHDRAWAL,39843.07,2024-01-22 17:59:44
4046,47,47,TRANSFER,41619.38,2023-08-23 01:32:22
4047,48,48,DEPOSIT,49361.11,2024-03-02 05:22:44
4048,49,49,WITHDRAWAL,8410.96,2023-12-29 13:50:22
4049,50,50,TRANSFER,47753.01,2023-12-13 15:23:13
4050,51,51,DEPOSIT,33135.48,2024-01-10 12:16:23
4051,52,52,WITHDRAWAL,12175.37,2023-07-07 02:43:53
4052,53,53,TRANSFER,37665.09,2023-05-13 09:06:05
4053,54,54,DEPOSIT,34998.45,2024-05-27 10:32:24
4054,55,55,WITHDRAWAL,21750.32,2023-03-23 22:05:50
4055,56,56,TRANSFER,8020.16,2023-01-23 16:44:00
4056,57,57,DEPOSIT,45133.4,2023-09-11 14:24:57
4057,58,58,WITHDRAWAL,11026.6,2023-08-06 18:14:56
4058,59,59,TRANSFER,33299.97,2023-07-20 02:32:38
4059,60,60,DEPOSIT,33277.16,2023-04-06 14:42:54
4060,61,61,WITHDRAWAL,31681.07,2024-02-20 04:36:33
4061,62,62,TRANSFER,4531.18,2024-01-18 02:46:35
4062,63,63,DEPOSIT,43598.31,2023-09-16 11:51:44
4063,64,64,WITHDRAWAL,38319.21,2024-03-23 08:53:52
4064,65,65,TRANSFER,3242.7,2024-04-11 13:28:33
4065,66,66,DEPOSIT,18856.75,2023-09-24 14:11:32
4066,67,67,WITHDRAWAL,32699.44,2023-10-24 10:28:51
4067,68,68,TRANSFER,48312.74,2024-03-12 10:34:26
4068,69,69,DEPOSIT,40424.29,2023-12-06 09:34:00
4069,70,70,WITHDRAWAL,12962.11,2023-06-23 15:17:22
4070,71,71,TRANSFER,4393.14,2023-08-15 00:11:42
4071,72,72,DEPOSIT,17018.49,2023-03-11 05:40:45
4072,73,73,WITHDRAWAL,46861.16,2024-04-04 23:25:01
4073,74,74,TRANSFER,28646.22,2023-04-01 04:22:36
4074,75,75,DEPOSIT,42667.98,2023-04-09 23:14:01
4075,76,76,WITHDRAWAL,28850.07,2023-10-23 07:21:01
4076,77,77,TRANSFER,15546.84,2023-01-02 07:17:21
4077,78,78,DEPOSIT,26784.8,2024-04-03 07:30:41
4078,79,79,WITHDRAWAL,48992.68,2023-10-29 11:33:25
4079,80,80,TRANSFER,38566.33,2023-09-06 06:34:37
4080,81,81,DEPOSIT,25992.37,2023-04-09 02:32:23
4081,82,82,WITHDRAWAL,29542.89,2024-04-12 06:57:56
4082,83,83,TRANSFER,19771.67,2023-03-24 18:54:20
4083,84,84,DEPOSIT,42619.58,2024-02-23 02:30:27
4084,85,85,WITHDRAWAL,7243.59,2023-09-03 09:17:30
4085,86,86,TRANSFER,41862.46,2023-08-19 13:11:31
4086,87,87,DEPOSIT,34002.25,2024-01-24 05:33:22
4087,88,88,WITHDRAWAL,30077.26,2023-04-25 12:12:28
4088,89,89,TRANSFER,37355.53,2023-04-24 07:13:36
4089,90,90,DEPOSIT,29948.03,2023-01-27 16:12:57
4090,91,91,WITHDRAWAL,25123.88,2023-08-28 22:09:12
4091,92,92,TRANSFER,13679.89,2023-04-06 21:32:09
4092,93,93,DEPOSIT,23919.35,2024-03-21 19:36:45
4093,94,94,WITHDRAWAL,24756.33,2023-06-17 13:02:01
4094,95,95,TRANSFER,2950.04,2023-10-20 14:21:28
4095,96,96,DEPOSIT,7643.58,2023-09-16 18:15:52
4096,97,97,WITHDRAWAL,42405.02,2023-06-13 14:06:44
4097,98,98,TRANSFER,35023.37,2023-06-24 19:38:28
4098,99,99,DEPOSIT,46158.66,2023-02-10 19:54:24
4099,100,100,WITHDRAWAL,42840.37,2023-05-20 01:10:44
4100,101,101,TRANSFER,14962.1,2023-11-01 07:49:40
4101,102,102,DEPOSIT,45619.69,2024-05-27 01:18:59
4102,103,103,WITHDRAWAL,49553.25,2023-05-04 15:34:36
4103,104,104,TRANSFER,19620.36,2024-03-01 14:23:46
4104,105,105,DEPOSIT,33898.16,2023-11-25 02:48:18
4105,106,106,WITHDRAWAL,37888.13,2023-09-28 12:54:57
4106,107,107,TRANSFER,3600.44,2023-10-31 17:56:40
4107,108,108,DEPOSIT,14125.38,2023-08-08 20:14:44
4108,109,109,WITHDRAWAL,35058.42,2023-06-01 12:46:54
4109,110,110,TRANSFER,19694.68,2024-03-01 15:38:50
4110,111,111,DEPOSIT,16177.7,2023-04-12 16:09:56
4111,112,112,WITHDRAWAL,43294.11,2024-03-26 19:08:09
4112,113,113,TRANSFER,42491.99,2023-02-12 00:55:53
4113,114,114,DEPOSIT,22882.05,2023-08-25 04:21:01
4114,115,115,WITHDRAWAL,28862.1,2023-05-08 03:29:09
4115,116,116,TRANSFER,34800.82,2023-12-10 05:18:35
4116,117,117,DEPOSIT,44861.93,2023-08-15 02:09:13
4117,118,118,WITHDRAWAL,10914.64,2023-06-12 22:19:41
4118,119,119,TRANSFER,36768.59,2023-06-01 23:16:29
4119,120,120,DEPOSIT,18117.67,2023-01-08 02:14:32
4120,121,121,WITHDRAWAL,5106.37,2024-03-23 03:29:31
4121,122,122,TRANSFER,18834.02,2023-04-25 15:33:54
4122,123,123,DEPOSIT,33975.47,2023-11-28 17:55:38
4123,124,124,WITHDRAWAL,46300.01,2023-05-11 15:54:08
4124,125,125,TRANSFER,17785.64,2023-03-16 14:27:34
4125,126,126,DEPOSIT,8989.85,2024-01-04 01:41:03
4126,127,127,WITHDRAWAL,5876.17,2023-02-10 18:09:04
4127,128,128,TRANSFER,32508.39,2024-02-05 08:24:29
4128,129,129,DEPOSIT,21696.73,2024-04-05 21:38:09
4129,130,130,WITHDRAWAL,31352.36,2023-04-26 09:30:51
4130,131,131,TRANSFER,12257.6,2023-11-10 18:59:38
4131,132,132,DEPOSIT,12050.36,2023-04-03 06:38:23
4132,133,133,WITHDRAWAL,15141.45,2024-01-15 12:38:48
4133,134,134,TRANSFER,47728.22,2024-04-08 01:08:36
4134,135,135,DEPOSIT,37262.56,2024-05-22 01:01:02
4135,136,136,WITHDRAWAL,4489.66,2024-05-26 11:40:52
4136,137,137,TRANSFER,43246.14,2023-12-27 03:30:20
4137,138,138,DEPOSIT,19111.22,2024-05-20 02:40:28
4138,139,139,WITHDRAWAL,32663.24,2024-05-06 03:33:03
4139,140,140,TRANSFER,590.0,2023-10-13 07:23:53
4140,141,141,DEPOSIT,4141.02,2023-04-01 14:05:48
4141,142,142,WITHDRAWAL,32074.05,2024-01-15 23:41:33
4142,143,143,TRANSFER,11254.5,2024-01-31 22:24:02
4143,144,144,DEPOSIT,28653.37,2024-03-31 19:41:09
4144,145,145,WITHDRAWAL,23980.12,2024-03-20 18:36:26
4145,146,146,TRANSFER,39719.24,2023-03-15 10:36:00
4146,147,147,DEPOSIT,19204.15,2023-05-21 15:53:06
4147,148,148,WITHDRAWAL,35139.82,2024-05-15 16:09:08
4148,149,149,TRANSFER,28575.44,2023-08-20 17:53:45
4149,150,150,DEPOSIT,16268.2,2023-03-19 05:43:09
4150,151,151,WITHDRAWAL,9252.64,2024-02-22 11:55:57
4151,152,152,TRANSFER,19695.89,2023-01-16 08:05:57
4152,153,153,DEPOSIT,39175.89,2024-02-21 15:32:01
4153,154,154,WITHDRAWAL,24433.28,2024-02-16 17:33:00
4154,155,155,TRANSFER,41858.83,2024-02-08 01:01:04
4155,156,156,DEPOSIT,35690.32,2024-02-23 15:20:55
4156,157,157,WITHDRAWAL,6213.23,2024-05-21 04:34:51
4157,158,158,TRANSFER,48284.4,2023-06-11 03:24:17
4158,159,159,DEPOSIT,9041.4,2023-04-02 03:06:59
4159,160,160,WITHDRAWAL,34763.84,2024-04-10 08:04:55
4160,161,161,TRANSFER,27740.54,2023-01-05 03:14:47
4161,162,162,DEPOSIT,6161.03,2023-09-02 02:54:13
4162,163,163,WITHDRAWAL,28758.3,2023-04-11 01:18:14
4163,164,164,TRANSFER,8068.9,2024-05-21 22:06:02
4164,165,165,DEPOSIT,12845.46,2024-03-12 21:41:21
4165,166,166,WITHDRAWAL,4239.67,2023-01-28 04:32:44
4166,167,167,TRANSFER,25312.35,2023-04-07 20:53:44
4167,168,168,DEPOSIT,48314.15,2023-10-10 09:14:34
4168,169,169,WITHDRAWAL,21158.34,2023-05-14 06:54:55
4169,170,170,TRANSFER,14.28,2024-05-26 04:58:47
4170,171,171,DEPOSIT,2317.85,2023-08-22 11:35:23
4171,172,172,WITHDRAWAL,45231.93,2024-02-08 11:07:14
4172,173,173,TRANSFER,32961.29,2023-08-16 21:18:47
4173,174,174,DEPOSIT,7001.35,2023-12-12 13:54:55
4174,175,175,WITHDRAWAL,34758.12,2024-01-16 22:31:00
4175,176,176,TRANSFER,45540.05,2024-02-10 23:12:18
4176,177,177,DEPOSIT,30312.54,2023-10-01 11:56:20
4177,178,178,WITHDRAWAL,10499.88,2024-02-01 14:05:38
4178,179,179,TRANSFER,33134.22,2023-03-18 21:39:50
4179,180,180,DEPOSIT,11862.65,2023-02-04 17:55:52
4180,181,181,WITHDRAWAL,7091.95,2023-05-27 01:56:49
4181,182,182,TRANSFER,47871.57,2023-06-17 03:51:35
4182,183,183,DEPOSIT,27608.01,2024-04-12 16:47:05
4183,184,184,WITHDRAWAL,17959.67,2024-04-04 15:38:14
4184,185,185,TRANSFER,36457.93,2023-04-10 19:15:59
4185,186,186,DEPOSIT,3727.24,2023-11-24 18:55:48
4186,187,187,WITHDRAWAL,13041.12,2023-07-18 00:56:10
4187,188,188,TRANSFER,45183.96,2024-05-19 16:34:15
4188,189,189,DEPOSIT,22808.83,2023-11-07 17:38:50
4189,190,190,WITHDRAWAL,33829.52,2023-07-17 10:14:50
4190,191,191,TRANSFER,26799.86,2023-04-22 06:15:38
4191,192,192,DEPOSIT,31482.11,2023-02-24 19:17:50
4192,193,193,WITHDRAWAL,49768.01,2023-07-29 05:58:26
4193,194,194,TRANSFER,9639.44,2024-05-16 10:19:11
4194,195,195,DEPOSIT,28186.47,2023-10-17 01:14:04
4195,196,196,WITHDRAWAL,41027.21,2024-05-18 03:19:43
4196,197,197,TRANSFER,8210.51,2024-04-14 20:59:11
4197,198,198,DEPOSIT,15824.85,2023-04-30 05:17:14
4198,199,199,WITHDRAWAL,18953.31,2023-12-03 19:23:44
4199,200,200,TRANSFER,12382.41,2024-04-13 20:03:16
4200,201,1,DEPOSIT,6239.81,2023-07-29 19:29:57
4201,202,2,WITHDRAWAL,34202.12,2023-03-27 10:21:52
4202,203,3,TRANSFER,3307.31,2023-11-12 22:57:08
4203,204,4,DEPOSIT,4457.82,2024-05-12 05:46:24
4204,205,5,WITHDRAWAL,38905.77,2023-09-17 01:12:50
4205,206,6,TRANSFER,43444.08,2023-04-24 15:46:55
4206,207,7,DEPOSIT,13689.6,2023-06-25 08:34:24
4207,208,8,WITHDRAWAL,18864.03,2023-03-18 01:51:42
4208,209,9,TRANSFER,18937.83,2023-06-22 14:35:05
4209,210,10,DEPOSIT,39138.85,2023-03-23 13:23:33
4210,211,11,WITHDRAWAL,8794.81,2023-04-06 22:16:19
4211,212,12,TRANSFER,29445.46,2023-08-27 02:29:52
4212,213,13,DEPOSIT,4786.07,2024-01-16 07:09:08
4213,214,14,WITHDRAWAL,35025.77,2023-09-28 23:58:16
4214,215,15,TRANSFER,27581.6,2023-08-08 00:47:59
4215,216,16,DEPOSIT,4962.32,2024-04-16 20:00:16
4216,217,17,WITHDRAWAL,8545.66,2023-02-07 06:06:01
4217,218,18,TRANSFER,9041.82,2023-10-30 13:59:12
4218,219,19,DEPOSIT,27588.07,2024-02-17 23:16:24
4219,220,20,WITHDRAWAL,23848.32,2023-11-09 17:57:48
4220,221,21,TRANSFER,12960.46,2023-04-10 02:07:05
4221,222,22,DEPOSIT,35664.0,2024-02-03 21:33:11
4222,223,23,WITHDRAWAL,6327.15,2024-05-25 17:51:41
4223,224,24,TRANSFER,28382.36,2023-10-22 05:21:22
4224,225,25,DEPOSIT,2652.7,2023-07-27 16:08:10
4225,226,26,WITHDRAWAL,48725.25,2024-05-11 11:25:48
4226,227,27,TRANSFER,33913.98,2023-07-13 11:46:38
4227,228,28,DEPOSIT,35342.27,2023-11-21 20:37:42
4228,229,29,WITHDRAWAL,21953.61,2023-05-23 05:18:56
4229,230,30,TRANSFER,39925.46,2023-10-02 23:03:52
4230,231,31,DEPOSIT,14348.11,2024-01-26 02:13:54
4231,232,32,WITHDRAWAL,26034.53,2023-11-29 06:07:08
4232,233,33,TRANSFER,15266.32,2023-06-27 16:28:19
4233,234,34,DEPOSIT,47373.26,2023-03-09 12:43:17
4234,235,35,WITHDRAWAL,38531.21,2023-11-12 17:59:05
4235,236,36,TRANSFER,31737.49,2023-03-12 00:20:32
4236,237,37,DEPOSIT,36500.35,2023-03-01 13:39:54
4237,238,38,WITHDRAWAL,8264.01,2023-03-14 17:27:25
4238,239,39,TRANSFER,4238.41,2023-02-14 14:13:42
4239,240,40,DEPOSIT,27712.45,2023-08-11 00:38:46
4240,241,41,WITHDRAWAL,40419.26,2024-01-18 19:23:59
4241,242,42,TRANSFER,48108.69,2023-01-09 07:21:47
4242,243,43,DEPOSIT,33854.88,2023-11-26 07:37:39
4243,244,44,WITHDRAWAL,23988.0,2023-04-16 23:12:33
4244,245,45,TRANSFER,34259.24,2024-02-05 00:30:35
4245,246,46,DEPOSIT,34897.12,2024-02-18 12:49:46
4246,247,47,WITHDRAWAL,704.87,2023-11-11 22:32:08
4247,248,48,TRANSFER,45545.21,2023-05-28 17:17:12
4248,249,49,DEPOSIT,35710.86,2023-01-06 15:54:00
4249,250,50,WITHDRAWAL,37485.9,2024-02-20 00:32:11
4250,251,51,TRANSFER,49711.16,2023-07-09 16:42:25
4251,252,52,DEPOSIT,47543.91,2024-05-28 13:10:43
4252,253,53,WITHDRAWAL,34207.06,2024-02-15 04:42:37
4253,254,54,TRANSFER,30372.6,2023-02-02 21:34:21
4254,255,55,DEPOSIT,33729.36,2023-05-11 21:40:13
4255,256,56,WITHDRAWAL,45190.89,2024-02-11 15:03:11
4256,257,57,TRANSFER,3765.37,2023-05-16 18:46:22
4257,258,58,DEPOSIT,25689.09,2023-04-14 13:14:33
4258,259,59,WITHDRAWAL,21141.89,2023-02-09 12:58:01
4259,260,60,TRANSFER,8532.49,2023-10-22 10:50:19
4260,261,61,DEPOSIT,16904.55,2023-03-29 22:49:32
4261,262,62,WITHDRAWAL,41588.0,2023-07-13 23:57:40
4262,263,63,TRANSFER,14510.34,2023-04-02 13:10:13
4263,264,64,DEPOSIT,14684.32,2024-01-11 06:05:48
4264,265,65,WITHDRAWAL,121.69,2023-06-15 11:50:13
4265,266,66,TRANSFER,28446.41,2024-05-05 05:58:54
4266,267,67,DEPOSIT,46153.59,2023-06-18 21:48:27
4267,268,68,WITHDRAWAL,25781.3,2024-05-14 09:53:50
4268,269,69,TRANSFER,46771.37,2023-01-28 12:26:48
4269,270,70,DEPOSIT,42419.11,2024-04-24 19:40:12
4270,271,71,WITHDRAWAL,17793.65,2023-02-14 15:49:00
4271,272,72,TRANSFER,23023.09,2024-04-23 02:18:55
4272,273,73,DEPOSIT,17701.1,2023-08-20 17:39:33
4273,274,74,WITHDRAWAL,17492.59,2023-01-05 00:05:06
4274,275,75,TRANSFER,20109.38,2023-05-25 14:13:52
4275,276,76,DEPOSIT,5075.88,2023-01-07 21:13:55
4276,277,77,WITHDRAWAL,9885.25,2024-01-18 04:24:16
4277,278,78,TRANSFER,25720.79,2024-02-15 23:04:29
4278,279,79,DEPOSIT,20541.85,2023-04-30 09:22:28
4279,280,80,WITHDRAWAL,355.45,2024-01-14 14:01:16
4280,281,81,TRANSFER,12514.24,2024-05-25 00:32:04
4281,282,82,DEPOSIT,19773.99,2024-01-01 14:27:33
4282,283,83,WITHDRAWAL,18231.14,2023-08-21 11:04:33
4283,284,84,TRANSFER,26826.0,2023-05-22 12:07:09
4284,285,85,DEPOSIT,5443.66,2023-07-29 07:30:09
4285,286,86,WITHDRAWAL,32817.42,2023-12-07 15:34:33
4286,287,87,TRANSFER,8100.1,2023-12-08 06:12:09
4287,288,88,DEPOSIT,37357.08,2023-10-02 18:09:00
4288,289,89,WITHDRAWAL,17968.24,2023-01-05 12:18:37
4289,290,90,TRANSFER,5542.18,2023-06-04 03:38:55
4290,291,91,DEPOSIT,2022.41,2023-08-10 06:54:59
4291,292,92,WITHDRAWAL,21058.58,2023-11-03 10:52:14
4292,293,93,TRANSFER,45050.88,2023-09-15 06:16:02
4293,294,94,DEPOSIT,33313.58,2023-05-05 12:26:29
4294,295,95,WITHDRAWAL,47985.35,2024-01-08 06:42:21
4295,296,96,TRANSFER,5948.43,2023-07-26 10:51:50
4296,297,97,DEPOSIT,27510.68,2024-01-15 20:53:06
4297,298,98,WITHDRAWAL,16251.14,2023-04-09 23:32:30
4298,299,99,TRANSFER,25097.91,2023-11-07 14:13:45
4299,300,100,DEPOSIT,6579.57,2023-10-30 00:39:41
4300,301,101,WITHDRAWAL,39637.72,2023-03-25 19:01:16
4301,302,102,TRANSFER,7785.54,2023-04-08 23:06:50
4302,303,103,DEPOSIT,692.31,2024-01-24 08:41:34
4303,304,104,WITHDRAWAL,2611.47,2023-07-03 16:46:17
4304,305,105,TRANSFER,21488.96,2023-09-23 17:58:13
4305,306,106,DEPOSIT,36874.2,2024-04-08 18:30:18
4306,307,107,WITHDRAWAL,24014.85,2023-12-04 08:28:13
4307,308,108,TRANSFER,24301.6,2023-08-08 05:01:29
4308,309,109,DEPOSIT,12394.89,2023-11-30 04:14:37
4309,310,110,WITHDRAWAL,36465.14,2023-04-29 10:43:34
4310,311,111,TRANSFER,12480.84,2023-05-26 03:19:38
4311,312,112,DEPOSIT,43209.7,2023-03-31 08:07:40
4312,313,113,WITHDRAWAL,33319.86,2023-07-12 03:01:10
4313,314,114,TRANSFER,9928.64,2023-11-30 08:06:08
4314,315,115,DEPOSIT,35060.24,2023-03-22 01:16:07
4315,316,116,WITHDRAWAL,30558.91,2024-01-26 04:11:00
4316,317,117,TRANSFER,49627.66,2023-05-27 13:02:41
4317,318,118,DEPOSIT,31449.11,2024-04-04 04:41:45
4318,319,119,WITHDRAWAL,11476.92,2023-04-26 12:27:19
4319,320,120,TRANSFER,20070.15,2023-04-13 18:10:21
4320,321,121,DEPOSIT,49520.04,2023-08-01 17:09:03
4321,322,122,WITHDRAWAL,21320.89,2023-04-24 13:32:08
4322,323,123,TRANSFER,9990.18,2024-04-23 19:47:04
4323,324,124,DEPOSIT,19023.83,2023-02-09 13:52:36
4324,325,125,WITHDRAWAL,15329.23,2024-02-12 18:10:19
4325,326,126,TRANSFER,49006.42,2024-05-06 21:45:12
4326,327,127,DEPOSIT,16815.53,2023-06-22 06:11:24
4327,328,128,WITHDRAWAL,3076.87,2024-01-08 04:50:48
4328,329,129,TRANSFER,32197.22,2023-11-28 17:12:52
4329,330,130,DEPOSIT,5511.65,2023-08-25 08:22:35
4330,331,131,WITHDRAWAL,14034.99,2023-10-10 09:33:02
4331,332,132,TRANSFER,35582.16,2023-09-30 15:34:16
4332,333,133,DEPOSIT,15998.85,2023-07-11 19:49:44
4333,334,134,WITHDRAWAL,9095.76,2023-02-06 22:30:55
4334,335,135,TRANSFER,2616.01,2023-01-01 09:59:25
4335,336,136,DEPOSIT,10606.76,2023-09-07 19:47:48
4336,337,137,WITHDRAWAL,14015.17,2024-01-02 15:48:07
4337,338,138,TRANSFER,5047.08,2024-04-16 02:23:10
4338,339,139,DEPOSIT,12620.63,2023-05-24 13:40:02
4339,340,140,WITHDRAWAL,18185.43,2024-01-17 14:14:28
4340,341,141,TRANSFER,5585.32,2023-08-25 09:37:12
4341,342,142,DEPOSIT,34151.25,2023-01-11 14:40:13
4342,343,143,WITHDRAWAL,16567.27,2023-04-12 05:07:07
4343,344,144,TRANSFER,37149.17,2023-10-08 16:42:14
4344,345,145,DEPOSIT,26447.81,2024-04-02 10:05:53
4345,346,146,WITHDRAWAL,11920.23,2023-10-16 14:58:56
4346,347,147,TRANSFER,10509.56,2023-08-03 08:01:26
4347,348,148,DEPOSIT,4370.69,2023-10-26 07:11:56
4348,349,149,WITHDRAWAL,6532.97,2023-03-24 14:47:49
4349,350,150,TRANSFER,6026.51,2024-04-12 11:01:11
4350,351,151,DEPOSIT,48416.83,2024-03-31 14:17:52
4351,352,152,WITHDRAWAL,40872.28,2024-05-23 06:03:51
4352,353,153,TRANSFER,35235.96,2023-05-30 20:25:45
4353,354,154,DEPOSIT,3753.23,2023-03-18 14:44:04
4354,355,155,WITHDRAWAL,30954.33,2024-02-29 12:58:17
4355,356,156,TRANSFER,36270.28,2023-08-23 03:55:39
4356,357,157,DEPOSIT,26682.54,2023-06-06 21:32:11
4357,358,158,WITHDRAWAL,2200.12,2023-04-30 08:39:37
4358,359,159,TRANSFER,20916.45,2023-05-29 21:40:20
4359,360,160,DEPOSIT,44580.42,2023-07-16 03:24:59
4360,361,161,WITHDRAWAL,48756.56,2024-03-11 05:36:26
4361,362,162,TRANSFER,22429.63,2023-10-12 06:57:31
4362,363,163,DEPOSIT,45543.35,2023-04-02 05:02:02
4363,364,164,WITHDRAWAL,24146.2,2023-02-22 14:10:40
4364,365,165,TRANSFER,46567.3,2024-02-11 19:38:43
4365,366,166,DEPOSIT,39546.35,2024-01-27 08:48:24
4366,367,167,WITHDRAWAL,29961.69,2023-05-10 15:53:46
4367,368,168,TRANSFER,14489.92,2023-04-11 03:30:30
4368,369,169,DEPOSIT,3049.06,2024-03-15 18:15:45
4369,370,170,WITHDRAWAL,37038.35,2023-05-28 17:24:56
4370,371,171,TRANSFER,24756.34,2023-11-05 17:49:19
4371,372,172,DEPOSIT,43514.08,2024-02-18 13:57:26
4372,373,173,WITHDRAWAL,8284.26,2023-02-28 05:49:53
4373,374,174,TRANSFER,19213.68,2024-01-31 13:38:12
4374,375,175,DEPOSIT,20048.44,2023-10-31 02:43:46
4375,376,176,WITHDRAWAL,10354.16,2023-07-30 21:01:06
4376,377,177,TRANSFER,8008.55,2023-01-03 19:07:08
4377,378,178,DEPOSIT,29609.72,2023-06-19 04:13:48
4378,379,179,WITHDRAWAL,43958.96,2023-01-07 21:11:13
4379,380,180,TRANSFER,22777.49,2024-02-03 07:12:15
4380,381,181,DEPOSIT,12949.14,2024-02-12 20:04:26
4381,382,182,WITHDRAWAL,14825.22,2023-06-21 03:22:00
4382,383,183,TRANSFER,27612.02,2023-07-28 13:28:33
4383,384,184,DEPOSIT,11204.23,2023-05-13 21:42:17
4384,385,185,WITHDRAWAL,11918.46,2024-02-19 10:23:14
4385,386,186,TRANSFER,31984.37,2023-01-31 08:42:10
4386,387,187,DEPOSIT,46363.13,2023-08-04 17:45:23
4387,388,188,WITHDRAWAL,43670.41,2023-07-30 01:16:15
4388,389,189,TRANSFER,32124.23,2023-02-10 00:24:06
4389,390,190,DEPOSIT,49476.92,2023-07-13 09:50:48
4390,391,191,WITHDRAWAL,26734.4,2023-06-13 02:10:08
4391,392,192,TRANSFER,32435.79,2023-01-02 02:05:49
4392,393,193,DEPOSIT,30261.93,2024-05-06 10:03:49
4393,394,194,WITHDRAWAL,16234.85,2023-10-14 16:42:43
4394,395,195,TRANSFER,13209.27,2024-03-02 15:13:46
4395,396,196,DEPOSIT,20423.06,2023-04-14 18:42:02
4396,397,197,WITHDRAWAL,14751.82,2024-04-19 22:51:04
4397,398,198,TRANSFER,31301.51,2023-02-14 11:28:03
4398,399,199,DEPOSIT,41198.35,2023-01-09 02:01:21
4399,400,200,WITHDRAWAL,36526.53,2023-06-20 07:40:04
4400,401,1,TRANSFER,8844.99,2023-08-06 05:47:45
4401,402,2,DEPOSIT,26874.06,2023-01-13 03:31:21
4402,403,3,WITHDRAWAL,5331.07,2024-03-29 00:46:37
4403,404,4,TRANSFER,47283.36,2023-10-24 16:38:29
4404,405,5,DEPOSIT,43502.59,2023-07-19 21:15:41
4405,406,6,WITHDRAWAL,30221.04,2024-05-07 16:18:44
4406,407,7,TRANSFER,40844.18,2023-06-10 03:04:56
4407,408,8,DEPOSIT,16219.91,2023-06-21 09:00:35
4408,409,9,WITHDRAWAL,29087.37,2023-06-08 09:19:07
4409,410,10,TRANSFER,7790.52,2023-11-04 03:58:20
4410,411,11,DEPOSIT,36493.3,2023-06-29 23:37:56
4411,412,12,WITHDRAWAL,18438.31,2023-12-04 00:32:55
4412,413,13,TRANSFER,4693.62,2024-01-08 01:20:08
4413,414,14,DEPOSIT,22974.91,2023-05-21 23:39:27
4414,415,15,WITHDRAWAL,9451.11,2023-05-17 18:56:19
4415,416,16,TRANSFER,47168.32,2024-01-16 23:55:31
4416,417,17,DEPOSIT,32381.74,2023-05-21 03:01:24
4417,418,18,WITHDRAWAL,15514.91,2023-01-17 08:21:00
4418,419,19,TRANSFER,40876.79,2023-05-19 01:12:24
4419,420,20,DEPOSIT,9400.52,2024-04-17 02:37:29
4420,421,21,WITHDRAWAL,3611.71,2023-04-22 11:27:02
4421,422,22,TRANSFER,22756.66,2023-07-10 11:51:46
4422,423,23,DEPOSIT,48519.57,2024-05-16 01:53:06
4423,424,24,WITHDRAWAL,36218.1,2023-03-19 20:29:36
4424,425,25,TRANSFER,36340.96,2023-04-17 15:17:42
4425,426,26,DEPOSIT,30168.64,2023-01-10 03:45:14
4426,427,27,WITHDRAWAL,19205.69,2023-10-21 12:06:10
4427,428,28,TRANSFER,41329.85,2023-03-27 11:12:38
4428,429,29,DEPOSIT,46734.54,2024-05-15 14:01:02
4429,430,30,WITHDRAWAL,12424.66,2023-04-13 15:59:45
4430,431,31,TRANSFER,13390.15,2023-03-06 22:20:02
4431,432,32,DEPOSIT,29985.86,2024-05-02 07:17:32
4432,433,33,WITHDRAWAL,47881.31,2023-01-08 07:09:26
4433,434,34,TRANSFER,27123.08,2023-03-24 14:18:05
4434,435,35,DEPOSIT,42637.48,2023-09-20 20:02:42
4435,436,36,WITHDRAWAL,10124.06,2023-03-07 23:51:57
4436,437,37,TRANSFER,37985.99,2024-01-09 03:46:44
4437,438,38,DEPOSIT,40775.09,2023-12-12 02:50:26
4438,439,39,WITHDRAWAL,16594.5,2023-08-27 18:04:17
4439,440,40,TRANSFER,12198.0,2023-05-01 00:20:13
4440,441,41,DEPOSIT,34605.14,2024-02-27 04:04:01
4441,442,42,WITHDRAWAL,27185.21,2024-05-02 09:11:02
4442,443,43,TRANSFER,41248.0,2023-01-17 11:20:38
4443,444,44,DEPOSIT,27236.66,2023-03-21 20:36:58
4444,445,45,WITHDRAWAL,25582.01,2023-03-21 15:58:13
4445,446,46,TRANSFER,7100.33,2023-11-19 13:28:02
4446,447,47,DEPOSIT,1209.8,2023-06-24 05:29:33
4447,448,48,WITHDRAWAL,19275.3,2023-11-28 18:22:53
4448,449,49,TRANSFER,32771.68,2023-10-02 10:10:26
4449,450,50,DEPOSIT,46085.33,2023-06-25 10:47:24
4450,451,51,WITHDRAWAL,34341.45,2023-10-26 20:08:39
4451,452,52,TRANSFER,24596.11,2023-03-29 07:26:58
4452,453,53,DEPOSIT,11233.88,2023-03-27 13:04:38
4453,454,54,WITHDRAWAL,17871.82,2023-08-07 21:23:55
4454,455,55,TRANSFER,16692.9,2024-04-23 05:25:10
4455,456,56,DEPOSIT,46166.75,2023-10-08 00:05:09
4456,457,57,WITHDRAWAL,44780.37,2023-03-07 20:52:00
4457,458,58,TRANSFER,7563.64,2024-04-14 12:48:56
4458,459,59,DEPOSIT,26528.73,2023-11-29 22:12:45
4459,460,60,WITHDRAWAL,9076.46,2024-04-10 17:34:05
4460,461,61,TRANSFER,7519.5,2023-11-27 07:07:58
4461,462,62,DEPOSIT,31241.67,2023-08-23 05:33:21
4462,463,63,WITHDRAWAL,17425.8,2023-08-11 22:10:16
4463,464,64,TRANSFER,13561.95,2023-03-22 17:15:25
4464,465,65,DEPOSIT,33089.97,2024-01-23 18:42:32
4465,466,66,WITHDRAWAL,40537.86,2023-07-26 03:25:57
4466,467,67,TRANSFER,39444.92,2023-03-01 07:37:49
4467,468,68,DEPOSIT,38891.42,2023-04-26 10:54:19
4468,469,69,WITHDRAWAL,16019.6,2023-04-24 20:37:07
4469,470,70,TRANSFER,22340.3,2023-10-31 09:18:13
4470,471,71,DEPOSIT,40734.34,2024-01-07 14:37:08
4471,472,72,WITHDRAWAL,28896.37,2023-03-29 21:31:49
4472,473,73,TRANSFER,7241.94,2023-08-05 07:10:17
4473,474,74,DEPOSIT,49738.64,2023-09-08 22:09:07
4474,475,75,WITHDRAWAL,38379.1,2023-05-22 06:20:45
4475,476,76,TRANSFER,15972.6,2023-10-01 21:06:13
4476,477,77,DEPOSIT,24069.61,2023-11-26 04:48:08
4477,478,78,WITHDRAWAL,30091.14,2023-11-18 12:28:54
4478,479,79,TRANSFER,16679.92,2024-05-09 11:09:43
4479,480,80,DEPOSIT,46081.03,2024-05-22 22:35:24
4480,481,81,WITHDRAWAL,20938.79,2023-10-25 15:05:24
4481,482,82,TRANSFER,26941.97,2024-01-22 02:39:30
4482,483,83,DEPOSIT,26628.4,2024-01-18 14:45:20
4483,484,84,WITHDRAWAL,19237.52,2023-06-28 17:38:43
4484,485,85,TRANSFER,35748.9,2024-03-27 05:57:09
4485,486,86,DEPOSIT,28898.04,2024-02-14 06:59:03
4486,487,87,WITHDRAWAL,35157.63,2023-06-20 08:40:54
4487,488,88,TRANSFER,18091.85,2023-07-02 16:18:59
4488,489,89,DEPOSIT,49695.33,2023-06-07 21:24:27
4489,490,90,WITHDRAWAL,18126.3,2023-01-14 07:47:09
4490,491,91,TRANSFER,47881.21,2024-01-04 02:37:38
4491,492,92,DEPOSIT,2988.27,2023-03-27 13:27:45
4492,493,93,WITHDRAWAL,18049.32,2023-09-29 08:18:36
4493,494,94,TRANSFER,14741.92,2023-04-19 05:39:31
4494,495,95,DEPOSIT,41764.26,2023-04-22 22:58:07
4495,496,96,WITHDRAWAL,48591.26,2024-03-04 08:42:44
4496,497,97,TRANSFER,12132.45,2023-11-24 01:26:37
4497,498,98,DEPOSIT,2802.72,2023-06-24 10:36:31
4498,499,99,WITHDRAWAL,5870.62,2023-04-18 00:48:09
4499,500,100,TRANSFER,18879.26,2023-04-22 03:08:26
4500,501,101,DEPOSIT,34809.17,2023-01-21 11:08:29
4501,502,102,WITHDRAWAL,18590.49,2023-11-26 21:08:41
4502,503,103,TRANSFER,33140.74,2023-03-24 08:09:59
4503,504,104,DEPOSIT,23846.56,2023-02-27 07:10:40
4504,505,105,WITHDRAWAL,43525.14,2024-04-06 07:34:35
4505,506,106,TRANSFER,7352.86,2023-01-24 10:42:10
4506,507,107,DEPOSIT,3958.87,2023-04-20 17:36:12
4507,508,108,WITHDRAWAL,633.76,2023-03-01 20:36:04
4508,509,109,TRANSFER,7494.36,2023-11-20 12:01:37
4509,510,110,DEPOSIT,23493.54,2023-05-22 16:38:21
4510,511,111,WITHDRAWAL,37407.88,2023-04-19 19:53:03
4511,512,112,TRANSFER,23514.52,2023-08-21 15:13:41
4512,513,113,DEPOSIT,22204.24,2023-09-20 00:25:02
4513,514,114,WITHDRAWAL,34765.4,2024-05-15 20:49:19
4514,515,115,TRANSFER,5572.22,2023-08-11 17:45:46
4515,516,116,DEPOSIT,44059.05,2023-02-16 14:29:45
4516,517,117,WITHDRAWAL,30212.64,2023-01-25 22:44:36
4517,518,118,TRANSFER,25169.74,2023-05-15 19:46:10
4518,519,119,DEPOSIT,19825.57,2023-01-09 10:35:10
4519,520,120,WITHDRAWAL,33998.38,2023-11-26 00:51:48
4520,521,121,TRANSFER,27712.25,2023-12-19 20:42:02
4521,522,122,DEPOSIT,45958.32,2023-07-20 10:28:54
4522,523,123,WITHDRAWAL,15308.64,2024-01-25 19:34:49
4523,524,124,TRANSFER,21189.28,2023-06-26 13:27:21
4524,525,125,DEPOSIT,13598.66,2023-05-02 18:58:32
4525,526,126,WITHDRAWAL,26079.84,2023-03-13 09:49:15
4526,527,127,TRANSFER,37159.31,2023-04-08 04:39:17
4527,528,128,DEPOSIT,30956.0,2023-11-08 00:02:31
4528,529,129,WITHDRAWAL,19620.63,2023-06-20 00:42:40
4529,530,130,TRANSFER,30258.12,2024-03-10 10:00:04
4530,531,131,DEPOSIT,40829.78,2023-03-01 23:17:04
4531,532,132,WITHDRAWAL,23876.04,2023-12-30 20:16:54
4532,533,133,TRANSFER,32098.12,2024-05-21 23:12:32
4533,534,134,DEPOSIT,8249.57,2023-10-23 12:28:33
4534,535,135,WITHDRAWAL,32335.89,2023-10-16 12:51:15
4535,536,136,TRANSFER,13503.28,2023-06-01 06:02:28
4536,537,137,DEPOSIT,3899.65,2023-03-23 02:09:29
4537,538,138,WITHDRAWAL,38942.08,2024-04-13 12:16:46
4538,539,139,TRANSFER,1412.16,2023-09-18 13:38:42
4539,540,140,DEPOSIT,8146.39,2023-08-08 04:43:06
4540,541,141,WITHDRAWAL,3275.31,2023-03-24 16:38:34
4541,542,142,TRANSFER,558.74,2024-04-08 18:57:04
4542,543,143,DEPOSIT,9395.31,2023-08-29 02:24:59
4543,544,144,WITHDRAWAL,31923.06,2023-06-06 16:26:37
4544,545,145,TRANSFER,12024.35,2023-01-26 03:21:38
4545,546,146,DEPOSIT,48833.39,2023-03-08 01:14:54
4546,547,147,WITHDRAWAL,2253.28,2024-03-14 16:34:32
4547,548,148,TRANSFER,2293.57,2024-01-11 18:48:57
4548,549,149,DEPOSIT,4669.61,2023-09-02 08:12:06
4549,550,150,WITHDRAWAL,433.85,2023-08-28 16:48:41
4550,551,151,TRANSFER,37586.45,2023-10-05 00:25:18
4551,552,152,DEPOSIT,25015.8,2023-11-06 05:48:00
4552,553,153,WITHDRAWAL,37594.6,2023-09-02 06:11:28
4553,554,154,TRANSFER,48692.8,2023-10-04 09:17:16
4554,555,155,DEPOSIT,16572.6,2023-03-17 15:17:30
4555,556,156,WITHDRAWAL,5059.13,2024-01-27 03:22:54
4556,557,157,TRANSFER,1194.03,2023-04-27 15:40:56
4557,558,158,DEPOSIT,23852.88,2023-10-24 19:04:44
4558,559,159,WITHDRAWAL,14513.07,2023-01-30 01:20:27
4559,560,160,TRANSFER,34121.88,2023-04-28 16:52:10
4560,561,161,DEPOSIT,44261.34,2023-03-03 04:03:34
4561,562,162,WITHDRAWAL,47641.39,2023-03-14 11:04:03
4562,563,163,TRANSFER,44221.26,2023-06-29 20:46:44
4563,564,164,DEPOSIT,7051.72,2024-05-23 03:32:51
4564,565,165,WITHDRAWAL,49670.9,2023-05-06 02:08:02
4565,566,166,TRANSFER,25819.88,2024-01-25 14:52:22
4566,567,167,DEPOSIT,32573.23,2024-04-17 19:42:57
4567,568,168,WITHDRAWAL,22379.54,2023-09-23 04:26:32
4568,569,169,TRANSFER,16957.65,2023-04-12 21:42:00
4569,570,170,DEPOSIT,31177.3,2023-10-07 20:47:01
4570,571,171,WITHDRAWAL,2010.25,2023-12-01 16:35:06
4571,572,172,TRANSFER,11963.14,2023-10-29 02:01:35
4572,573,173,DEPOSIT,30347.78,2024-04-19 02:26:33
4573,574,174,WITHDRAWAL,28349.37,2023-04-29 08:58:05
4574,575,175,TRANSFER,4879.33,2024-01-22 10:29:51
4575,576,176,DEPOSIT,7139.7,2023-01-12 14:32:04
4576,577,177,WITHDRAWAL,27361.33,2023-08-29 10:17:12
4577,578,178,TRANSFER,24950.62,2023-03-09 16:55:24
4578,579,179,DEPOSIT,15692.8,2023-12-20 06:13:58
4579,580,180,WITHDRAWAL,8082.01,2023-08-18 14:32:09
4580,581,181,TRANSFER,28829.82,2023-08-06 13:45:55
4581,582,182,DEPOSIT,4470.57,2023-10-02 11:15:57
4582,583,183,WITHDRAWAL,35535.65,2023-05-20 04:16:25
4583,584,184,TRANSFER,12904.63,2023-12-24 20:50:15
4584,585,185,DEPOSIT,48924.4,2024-01-03 14:13:24
4585,586,186,WITHDRAWAL,32518.1,2023-12-10 08:19:23
4586,587,187,TRANSFER,46992.08,2023-04-20 02:07:34
4587,588,188,DEPOSIT,24418.07,2024-03-17 17:57:35
4588,589,189,WITHDRAWAL,42951.57,2023-10-10 07:36:40
4589,590,190,TRANSFER,20457.57,2023-11-08 10:02:55
4590,591,191,DEPOSIT,45857.83,2024-04-26 07:44:15
4591,592,192,WITHDRAWAL,22046.98,2023-04-11 04:26:25
4592,593,193,TRANSFER,42243.33,2024-02-03 01:18:20
4593,594,194,DEPOSIT,18690.42,2023-09-01 14:46:27
4594,595,195,WITHDRAWAL,25302.06,2023-11-17 22:29:55
4595,596,196,TRANSFER,43871.66,2023-07-24 03:27:30
4596,597,197,DEPOSIT,31034.48,2023-02-03 03:31:49
4597,598,198,WITHDRAWAL,2862.36,2024-05-15 02:32:48
4598,599,199,TRANSFER,34990.27,2023-07-10 03:42:56
4599,600,200,DEPOSIT,407.07,2024-03-11 14:04:38
4600,601,1,WITHDRAWAL,14540.12,2023-03-23 18:53:49
4601,602,2,TRANSFER,28510.98,2023-05-03 21:10:11
4602,603,3,DEPOSIT,11160.33,2023-02-26 16:25:16
4603,604,4,WITHDRAWAL,33460.84,2023-12-26 01:29:49
4604,605,5,TRANSFER,23299.22,2023-09-29 00:40:30
4605,606,6,DEPOSIT,26760.44,2024-05-14 00:46:43
4606,607,7,WITHDRAWAL,5464.86,2023-12-28 01:29:16
4607,608,8,TRANSFER,36591.59,2023-05-21 00:32:20
4608,609,9,DEPOSIT,38413.15,2023-11-05 07:35:19
4609,610,10,WITHDRAWAL,20082.01,2023-06-04 22:24:32
4610,611,11,TRANSFER,15871.07,2023-02-20 01:50:11
4611,612,12,DEPOSIT,24319.89,2024-04-14 10:15:45
4612,613,13,WITHDRAWAL,5725.18,2024-01-05 21:22:27
4613,614,14,TRANSFER,1923.73,2023-12-20 01:57:36
4614,615,15,DEPOSIT,47427.2,2023-05-01 23:13:29
4615,616,16,WITHDRAWAL,32014.42,2023-04-24 00:34:25
4616,617,17,TRANSFER,28414.65,2023-09-06 16:42:40
4617,618,18,DEPOSIT,38712.53,2024-04-11 20:53:42
4618,619,19,WITHDRAWAL,46823.62,2023-02-18 11:13:30
4619,620,20,TRANSFER,39480.06,2023-10-08 18:42:48
4620,621,21,DEPOSIT,10678.91,2024-01-03 16:59:43
4621,622,22,WITHDRAWAL,43402.35,2023-06-14 06:30:47
4622,623,23,TRANSFER,13499.71,2023-11-25 11:48:24
4623,624,24,DEPOSIT,8813.52,2024-05-08 18:04:12
4624,625,25,WITHDRAWAL,3472.26,2023-04-21 02:11:09
4625,626,26,TRANSFER,4094.64,2023-11-11 15:01:25
4626,627,27,DEPOSIT,43565.74,2023-12-17 15:05:45
4627,628,28,WITHDRAWAL,10713.1,2024-02-12 14:34:11
4628,629,29,TRANSFER,9212.07,2023-07-21 12:26:48
4629,630,30,DEPOSIT,4631.14,2023-02-11 17:49:43
4630,631,31,WITHDRAWAL,17107.54,2023-11-29 20:27:29
4631,632,32,TRANSFER,8235.02,2023-08-19 14:42:36
4632,633,33,DEPOSIT,47097.66,2023-09-29 06:58:52
4633,634,34,WITHDRAWAL,23780.22,2024-01-10 02:08:43
4634,635,35,TRANSFER,48279.84,2023-05-05 19:27:46
4635,636,36,DEPOSIT,17741.07,2023-12-06 06:14:37
4636,637,37,WITHDRAWAL,19463.01,2024-03-18 23:28:37
4637,638,38,TRANSFER,28049.81,2023-01-08 17:08:12
4638,639,39,DEPOSIT,9936.01,2024-04-08 19:17:04
4639,640,40,WITHDRAWAL,30829.45,2024-03-25 07:49:23
4640,641,41,TRANSFER,33206.51,2023-09-09 10:48:45
4641,642,42,DEPOSIT,719.2,2023-09-03 20:16:21
4642,643,43,WITHDRAWAL,46691.63,2023-12-23 06:01:28
4643,644,44,TRANSFER,43216.42,2024-01-23 22:20:31
4644,645,45,DEPOSIT,39602.92,2023-03-30 05:47:08
4645,646,46,WITHDRAWAL,13147.51,2023-11-12 15:35:45
4646,647,47,TRANSFER,49412.05,2023-01-03 20:32:31
4647,648,48,DEPOSIT,31718.31,2023-04-08 15:32:18
4648,649,49,WITHDRAWAL,48473.18,2024-05-11 06:15:53
4649,650,50,TRANSFER,1833.93,2023-03-17 16:31:34
4650,651,51,DEPOSIT,21014.6,2023-05-26 18:10:44
4651,652,52,WITHDRAWAL,38721.48,2024-02-29 03:47:06
4652,653,53,TRANSFER,18884.05,2024-04-11 18:23:46
4653,654,54,DEPOSIT,10496.06,2023-09-28 08:47:06
4654,655,55,WITHDRAWAL,48587.51,2023-05-29 11:27:43
4655,656,56,TRANSFER,47755.67,2024-03-24 01:00:37
4656,657,57,DEPOSIT,40690.83,2023-10-15 14:04:47
4657,658,58,WITHDRAWAL,15104.2,2023-01-13 13:49:37
4658,659,59,TRANSFER,25109.24,2023-08-27 10:15:00
4659,660,60,DEPOSIT,34968.86,2023-04-07 21:25:18
4660,661,61,WITHDRAWAL,49952.42,2024-05-19 00:35:25
4661,662,62,TRANSFER,20525.24,2023-11-18 14:31:15
4662,663,63,DEPOSIT,41411.01,2023-10-01 13:41:34
4663,664,64,WITHDRAWAL,26163.26,2023-11-27 18:24:15
4664,665,65,TRANSFER,5677.87,2023-09-18 20:15:42
4665,666,66,DEPOSIT,22946.59,2023-05-17 13:24:24
4666,667,67,WITHDRAWAL,8852.99,2023-10-17 19:29:19
4667,668,68,TRANSFER,8141.23,2024-04-07 01:35:13
4668,669,69,DEPOSIT,19084.35,2023-12-05 13:19:14
4669,670,70,WITHDRAWAL,34430.65,2024-05-27 07:56:22
4670,671,71,TRANSFER,31709.02,2023-12-06 19:28:23
4671,672,72,DEPOSIT,46895.7,2024-04-26 20:39:21
4672,673,73,WITHDRAWAL,49768.21,2023-03-19 01:41:21
4673,674,74,TRANSFER,4491.0,2023-03-22 15:11:48
4674,675,75,DEPOSIT,30816.86,2023-01-13 18:12:43
4675,676,76,WITHDRAWAL,5192.73,2023-11-16 10:48:31
4676,677,77,TRANSFER,46362.17,2024-04-29 12:57:13
4677,678,78,DEPOSIT,31679.92,2023-03-19 10:34:52
4678,679,79,WITHDRAWAL,29065.87,2024-01-26 23:20:19
4679,680,80,TRANSFER,33388.83,2023-01-26 08:22:13
4680,681,81,DEPOSIT,10601.44,2023-11-23 17:18:50
4681,682,82,WITHDRAWAL,27583.88,2023-12-20 02:54:54
4682,683,83,TRANSFER,9786.06,2023-03-30 22:27:19
4683,684,84,DEPOSIT,47528.07,2023-12-31 17:29:53
4684,685,85,WITHDRAWAL,48381.13,2023-09-30 07:54:45
4685,686,86,TRANSFER,20652.61,2023-12-27 08:36:04
4686,687,87,DEPOSIT,35194.71,2024-05-15 21:03:02
4687,688,88,WITHDRAWAL,390.18,2023-11-04 10:24:22
4688,689,89,TRANSFER,39111.98,2023-10-18 23:51:59
4689,690,90,DEPOSIT,14187.39,2024-01-30 05:37:09
4690,691,91,WITHDRAWAL,13232.31,2024-05-26 14:43:10
4691,692,92,TRANSFER,33668.31,2023-11-19 02:52:34
4692,693,93,DEPOSIT,45010.36,2023-01-04 05:30:08
4693,694,94,WITHDRAWAL,1643.4,2023-11-18 23:53:46
4694,695,95,TRANSFER,7677.23,2023-01-21 09:16:34
4695,696,96,DEPOSIT,42040.07,2023-10-18 19:25:43
4696,697,97,WITHDRAWAL,41003.52,2024-02-08 02:10:33
4697,698,98,TRANSFER,15880.37,2024-04-10 23:47:52
4698,699,99,DEPOSIT,47958.44,2023-05-13 08:41:11
4699,700,100,WITHDRAWAL,12099.14,2023-12-01 00:08:52
4700,701,101,TRANSFER,9641.09,2023-10-31 23:31:25
4701,702,102,DEPOSIT,19671.95,2024-05-15 13:07:37
4702,703,103,WITHDRAWAL,40068.57,2023-02-10 01:32:21
4703,704,104,TRANSFER,21460.83,2024-03-24 19:58:19
4704,705,105,DEPOSIT,19526.68,2024-05-09 04:59:51
4705,706,106,WITHDRAWAL,20161.92,2023-05-15 22:19:28
4706,707,107,TRANSFER,25868.68,2023-09-05 02:16:43
4707,708,108,DEPOSIT,11556.17,2023-12-06 17:45:23
4708,709,109,WITHDRAWAL,25217.81,2023-04-09 02:58:01
4709,710,110,TRANSFER,28850.92,2024-05-05 10:54:52
4710,711,111,DEPOSIT,42153.11,2023-11-01 11:38:11
4711,712,112,WITHDRAWAL,45834.1,2024-05-02 06:03:43
4712,713,113,TRANSFER,7961.07,2024-03-05 10:54:20
4713,714,114,DEPOSIT,10196.09,2023-09-08 10:03:28
4714,715,115,WITHDRAWAL,1291.76,2023-03-14 10:35:35
4715,716,116,TRANSFER,31448.42,2023-01-09 23:05:10
4716,717,117,DEPOSIT,7660.9,2024-04-05 19:41:36
4717,718,118,WITHDRAWAL,35381.72,2024-04-25 02:12:44
4718,719,119,TRANSFER,28593.97,2023-03-03 04:25:33
4719,720,120,DEPOSIT,37119.56,2023-01-20 15:26:14
4720,721,121,WITHDRAWAL,49170.88,2023-04-12 09:35:28
4721,722,122,TRANSFER,31578.77,2024-05-07 19:15:01
4722,723,123,DEPOSIT,9335.89,2023-10-06 03:51:57
4723,724,124,WITHDRAWAL,44896.48,2024-05-21 19:54:18
4724,725,125,TRANSFER,9699.51,2023-08-19 15:02:12
4725,726,126,DEPOSIT,36318.37,2023-07-10 11:52:25
4726,727,127,WITHDRAWAL,38521.88,2023-10-21 16:25:28
4727,728,128,TRANSFER,2596.93,2024-05-27 01:27:15
4728,729,129,DEPOSIT,46749.44,2023-03-06 10:32:57
4729,730,130,WITHDRAWAL,1166.81,2024-05-02 08:17:32
4730,731,131,TRANSFER,43348.28,2024-03-25 23:57:07
4731,732,132,DEPOSIT,22961.79,2023-03-28 03:54:48
4732,733,133,WITHDRAWAL,6142.99,2024-04-07 20:16:39
4733,734,134,TRANSFER,14130.33,2023-04-21 04:00:11
4734,735,135,DEPOSIT,4647.93,2023-05-21 07:08:39
4735,736,136,WITHDRAWAL,42232.73,2024-01-19 21:23:43
4736,737,137,TRANSFER,19546.1,2023-06-11 12:53:15
4737,738,138,DEPOSIT,39774.12,2024-01-17 09:35:32
4738,739,139,WITHDRAWAL,3688.06,2023-11-18 08:46:05
4739,740,140,TRANSFER,3824.87,2024-04-30 23:34:19
4740,741,141,DEPOSIT,18768.97,2023-11-23 03:38:09
4741,742,142,WITHDRAWAL,31681.25,2023-09-01 13:38:48
4742,743,143,TRANSFER,40429.37,2023-12-17 04:59:05
4743,744,144,DEPOSIT,14944.76,2023-05-20 15:50:05
4744,745,145,WITHDRAWAL,32986.72,2023-05-19 18:46:55
4745,746,146,TRANSFER,30336.68,2024-05-05 06:40:14
4746,747,147,DEPOSIT,5869.18,2023-01-25 10:16:45
4747,748,148,WITHDRAWAL,49687.04,2023-09-24 06:26:59
4748,749,149,TRANSFER,49745.85,2024-01-11 20:45:16
4749,750,150,DEPOSIT,27328.67,2024-04-11 00:40:39
4750,751,151,WITHDRAWAL,26092.21,2023-05-04 00:34:16
4751,752,152,TRANSFER,46329.89,2023-07-17 16:14:34
4752,753,153,DEPOSIT,30309.48,2023-05-30 18:53:46
4753,754,154,WITHDRAWAL,1161.68,2024-02-21 06:54:36
4754,755,155,TRANSFER,38050.44,2024-02-02 11:36:46
4755,756,156,DEPOSIT,43345.04,2023-06-18 00:14:45
4756,757,157,WITHDRAWAL,44929.63,2023-03-31 03:48:42
4757,758,158,TRANSFER,16383.71,2023-01-23 21:52:31
4758,759,159,DEPOSIT,4181.3,2023-06-20 16:38:38
4759,760,160,WITHDRAWAL,13386.85,2023-04-09 07:37:36
4760,761,161,TRANSFER,9969.88,2024-01-10 01:12:22
4761,762,162,DEPOSIT,17434.18,2023-03-13 10:26:31
4762,763,163,WITHDRAWAL,32599.71,2024-03-04 08:39:04
4763,764,164,TRANSFER,37262.27,2023-12-29 18:19:35
4764,765,165,DEPOSIT,21808.74,2024-01-21 02:24:49
4765,766,166,WITHDRAWAL,46118.18,2023-11-07 15:27:43
4766,767,167,TRANSFER,8656.25,2023-07-14 06:04:27
4767,768,168,DEPOSIT,48093.95,2023-08-07 07:45:44
4768,769,169,WITHDRAWAL,29186.58,2023-03-21 22:05:39
4769,770,170,TRANSFER,15586.14,2024-04-01 09:15:51
4770,771,171,DEPOSIT,47688.57,2023-06-09 20:58:58
4771,772,172,WITHDRAWAL,21679.25,2024-01-14 21:50:37
4772,773,173,TRANSFER,21192.63,2023-12-13 12:58:58
4773,774,174,DEPOSIT,40796.45,2023-07-31 00:22:08
4774,775,175,WITHDRAWAL,5386.88,2024-04-28 19:54:07
4775,776,176,TRANSFER,21471.36,2023-10-25 12:29:31
4776,777,177,DEPOSIT,17652.25,2024-03-16 12:17:37
4777,778,178,WITHDRAWAL,40968.89,2024-05-06 10:21:15
4778,779,179,TRANSFER,8370.78,2023-12-16 01:29:10
4779,780,180,DEPOSIT,47905.29,2023-01-27 05:19:55
4780,781,181,WITHDRAWAL,29347.59,2023-07-16 13:26:54
4781,782,182,TRANSFER,30198.07,2023-08-16 22:44:36
4782,783,183,DEPOSIT,47519.4,2024-05-16 01:29:51
4783,784,184,WITHDRAWAL,17619.14,2024-02-17 01:12:10
4784,785,185,TRANSFER,5741.35,2023-01-24 06:07:16
4785,786,186,DEPOSIT,21475.05,2023-09-08 15:12:46
4786,787,187,WITHDRAWAL,17893.65,2023-05-25 09:42:17
4787,788,188,TRANSFER,10767.06,2023-02-26 10:06:50
4788,789,189,DEPOSIT,18604.49,2023-10-16 16:15:00
4789,790,190,WITHDRAWAL,6123.96,2023-09-02 05:49:36
4790,791,191,TRANSFER,34417.74,2023-09-05 10:55:55
4791,792,192,DEPOSIT,10696.48,2023-09-13 10:34:11
4792,793,193,WITHDRAWAL,39764.02,2024-03-16 18:23:36
4793,794,194,TRANSFER,28086.41,2023-06-30 16:53:12
4794,795,195,DEPOSIT,14187.88,2023-10-27 11:56:06
4795,796,196,WITHDRAWAL,26367.85,2023-06-14 19:13:54
4796,797,197,TRANSFER,28052.33,2023-03-21 22:34:17
4797,798,198,DEPOSIT,47314.09,2024-04-17 04:09:31
4798,799,199,WITHDRAWAL,28701.68,2023-02-28 02:49:26
4799,800,200,TRANSFER,21093.29,2024-05-16 23:20:53
4800,801,1,DEPOSIT,15895.99,2023-12-05 00:49:11
4801,802,2,WITHDRAWAL,9915.54,2023-09-06 15:29:44
4802,803,3,TRANSFER,40138.23,2023-02-08 13:43:28
4803,804,4,DEPOSIT,2349.12,2024-01-23 07:31:40
4804,805,5,WITHDRAWAL,21067.65,2023-08-02 03:28:29
4805,806,6,TRANSFER,22644.73,2023-04-07 09:15:18
4806,807,7,DEPOSIT,16350.47,2024-04-12 03:28:49
4807,808,8,WITHDRAWAL,11828.73,2023-10-25 08:58:53
4808,809,9,TRANSFER,14259.0,2023-01-17 12:28:38
4809,810,10,DEPOSIT,39167.45,2024-05-14 22:48:54
4810,811,11,WITHDRAWAL,49397.86,2024-03-23 04:55:14
4811,812,12,TRANSFER,14225.45,2023-12-25 16:03:04
4812,813,13,DEPOSIT,1860.04,2023-11-09 20:56:14
4813,814,14,WITHDRAWAL,45902.54,2024-02-19 08:32:44
4814,815,15,TRANSFER,16876.12,2023-01-31 09:15:15
4815,816,16,DEPOSIT,3482.01,2023-01-13 15:20:15
4816,817,17,WITHDRAWAL,41494.21,2023-03-15 21:09:42
4817,818,18,TRANSFER,36165.45,2023-11-19 09:37:51
4818,819,19,DEPOSIT,15866.31,2023-08-02 08:17:09
4819,820,20,WITHDRAWAL,20023.21,2023-09-26 14:38:07
4820,821,21,TRANSFER,38732.93,2024-03-08 04:59:00
4821,822,22,DEPOSIT,30619.91,2024-01-19 13:26:45
4822,823,23,WITHDRAWAL,14929.21,2023-11-02 12:09:21
4823,824,24,TRANSFER,24671.9,2023-12-20 02:01:04
4824,825,25,DEPOSIT,48357.95,2024-05-12 22:55:00
4825,826,26,WITHDRAWAL,42155.35,2023-04-05 07:18:04
4826,827,27,TRANSFER,5146.15,2024-04-24 23:55:34
4827,828,28,DEPOSIT,2401.23,2023-06-23 23:55:49
4828,829,29,WITHDRAWAL,6945.33,2023-01-09 01:47:45
4829,830,30,TRANSFER,43070.82,2023-09-08 18:31:43
4830,831,31,DEPOSIT,11324.8,2023-12-05 09:42:35
4831,832,32,WITHDRAWAL,9566.07,2023-03-10 08:45:02
4832,833,33,TRANSFER,40809.22,2023-10-14 12:24:46
4833,834,34,DEPOSIT,49478.36,2024-02-22 12:48:51
4834,835,35,WITHDRAWAL,12991.79,2023-02-10 18:30:10
4835,836,36,TRANSFER,5549.07,2023-02-03 10:59:53
4836,837,37,DEPOSIT,3761.36,2023-08-25 08:22:42
4837,838,38,WITHDRAWAL,34399.2,2023-09-13 19:08:13
4838,839,39,TRANSFER,13502.9,2023-10-22 19:26:43
4839,840,40,DEPOSIT,46243.67,2023-05-13 07:20:31
4840,841,41,WITHDRAWAL,23040.08,2024-03-29 04:21:21
4841,842,42,TRANSFER,15973.44,2023-04-09 02:11:31
4842,843,43,DEPOSIT,37654.21,2023-04-25 22:56:51
4843,844,44,WITHDRAWAL,31848.81,2023-11-18 00:21:25
4844,845,45,TRANSFER,26092.97,2023-04-06 01:12:13
4845,846,46,DEPOSIT,28898.46,2023-07-06 19:40:55
4846,847,47,WITHDRAWAL,24510.29,2024-05-28 14:56:49
4847,848,48,TRANSFER,16102.35,2023-08-06 21:40:28
4848,849,49,DEPOSIT,11299.27,2024-01-10 22:17:52
4849,850,50,WITHDRAWAL,38312.44,2023-07-24 21:48:45
4850,851,51,TRANSFER,17656.95,2023-03-06 07:23:49
4851,852,52,DEPOSIT,32977.44,2023-07-08 06:13:15
4852,853,53,WITHDRAWAL,34751.3,2023-06-09 22:05:26
4853,854,54,TRANSFER,48588.54,2023-02-28 08:47:35
4854,855,55,DEPOSIT,10631.65,2023-02-16 19:27:25
4855,856,56,WITHDRAWAL,23412.84,2023-06-17 21:03:25
4856,857,57,TRANSFER,9403.99,2023-10-27 02:02:34
4857,858,58,DEPOSIT,17029.1,2023-03-23 04:40:06
4858,859,59,WITHDRAWAL,38082.51,2024-04-03 16:08:54
4859,860,60,TRANSFER,42924.36,2024-02-04 04:17:58
4860,861,61,DEPOSIT,35428.53,2023-08-31 04:50:50
4861,862,62,WITHDRAWAL,7708.41,2024-05-23 23:28:43
4862,863,63,TRANSFER,5291.97,2024-01-27 20:46:27
4863,864,64,DEPOSIT,10947.05,2023-04-12 00:30:13
4864,865,65,WITHDRAWAL,19284.93,2023-10-10 10:48:41
4865,866,66,TRANSFER,43394.26,2023-12-18 09:56:30
4866,867,67,DEPOSIT,10159.01,2024-02-03 19:39:48
4867,868,68,WITHDRAWAL,9405.79,2023-11-07 20:21:36
4868,869,69,TRANSFER,21160.47,2023-08-04 19:17:01
4869,870,70,DEPOSIT,47575.21,2023-08-27 13:37:51
4870,871,71,WITHDRAWAL,32422.66,2024-03-24 08:34:33
4871,872,72,TRANSFER,23053.1,2023-04-25 09:40:46
4872,873,73,DEPOSIT,37253.85,2023-03-25 05:51:24
4873,874,74,WITHDRAWAL,839.23,2023-07-06 20:24:33
4874,875,75,TRANSFER,9359.62,2023-12-24 22:48:26
4875,876,76,DEPOSIT,23817.26,2023-01-23 04:53:10
4876,877,77,WITHDRAWAL,22637.52,2024-02-17 08:25:16
4877,878,78,TRANSFER,5925.13,2023-07-26 06:44:46
4878,879,79,DEPOSIT,4212.5,2024-03-03 10:24:54
4879,880,80,WITHDRAWAL,10611.18,2023-12-02 03:15:05
4880,881,81,TRANSFER,25114.5,2023-11-05 07:16:27
4881,882,82,DEPOSIT,16693.64,2024-01-30 12:26:32
4882,883,83,WITHDRAWAL,13636.72,2023-12-09 19:11:06
4883,884,84,TRANSFER,2466.23,2023-03-17 23:21:39
4884,885,85,DEPOSIT,36602.76,2023-10-25 02:44:12
4885,886,86,WITHDRAWAL,9704.64,2023-11-25 05:37:05
4886,887,87,TRANSFER,20140.58,2023-05-28 03:35:49
4887,888,88,DEPOSIT,13803.53,2024-04-06 09:52:44
4888,889,89,WITHDRAWAL,24685.88,2024-04-16 19:39:14
4889,890,90,TRANSFER,5468.14,2023-12-03 18:14:37
4890,891,91,DEPOSIT,32320.78,2023-02-08 17:40:16
4891,892,92,WITHDRAWAL,10986.79,2023-03-28 06:44:00
4892,893,93,TRANSFER,44753.97,2023-02-11 06:33:35
4893,894,94,DEPOSIT,13316.25,2024-03-22 19:04:25
4894,895,95,WITHDRAWAL,26611.26,2023-02-21 03:29:03
4895,896,96,TRANSFER,11330.99,2023-08-02 22:56:12
4896,897,97,DEPOSIT,34978.62,2024-04-26 17:45:09
4897,898,98,WITHDRAWAL,19601.49,2023-11-11 05:32:01
4898,899,99,TRANSFER,11002.22,2023-03-20 16:26:54
4899,900,100,DEPOSIT,24763.63,2023-07-28 08:51:30
4900,901,101,WITHDRAWAL,39288.53,2023-05-13 20:12:49
4901,902,102,TRANSFER,31848.59,2023-09-28 00:21:03
4902,903,103,DEPOSIT,14406.05,2024-04-08 04:05:14
4903,904,104,WITHDRAWAL,4721.19,2023-01-03 09:54:58
4904,905,105,TRANSFER,45390.04,2024-01-26 21:04:34
4905,906,106,DEPOSIT,23843.15,2024-04-28 05:07:35
4906,907,107,WITHDRAWAL,42629.67,2023-08-26 03:39:19
4907,908,108,TRANSFER,8519.93,2023-07-05 08:11:22
4908,909,109,DEPOSIT,8340.61,2023-02-23 22:43:41
4909,910,110,WITHDRAWAL,44994.46,2023-09-15 23:49:25
4910,911,111,TRANSFER,48112.53,2023-04-21 03:58:15
4911,912,112,DEPOSIT,21401.85,2024-01-04 15:11:53
4912,913,113,WITHDRAWAL,8883.98,2023-01-17 04:14:26
4913,914,114,TRANSFER,44064.06,2023-07-24 22:11:18
4914,915,115,DEPOSIT,33963.36,2023-05-13 14:32:48
4915,916,116,WITHDRAWAL,29704.32,2023-01-08 13:27:09
4916,917,117,TRANSFER,29162.11,2024-01-04 00:50:03
4917,918,118,DEPOSIT,43662.19,2024-01-15 06:42:30
4918,919,119,WITHDRAWAL,5478.21,2024-01-03 01:18:38
4919,920,120,TRANSFER,28367.66,2023-01-14 12:11:18
4920,921,121,DEPOSIT,41769.6,2023-08-14 18:16:06
4921,922,122,WITHDRAWAL,25162.29,2024-02-12 23:43:38
4922,923,123,TRANSFER,38765.08,2023-04-24 20:30:15
4923,924,124,DEPOSIT,15237.07,2023-03-19 15:59:40
4924,925,125,WITHDRAWAL,22636.29,2023-09-18 17:28:45
4925,926,126,TRANSFER,49489.76,2023-09-30 11:01:57
4926,927,127,DEPOSIT,33173.79,2023-07-19 21:09:22
4927,928,128,WITHDRAWAL,18220.82,2023-07-16 22:16:09
4928,929,129,TRANSFER,41389.2,2023-01-11 12:47:46
4929,930,130,DEPOSIT,35510.76,2023-08-22 21:32:42
4930,931,131,WITHDRAWAL,38728.57,2024-02-07 05:04:13
4931,932,132,TRANSFER,24222.9,2024-04-07 17:27:52
4932,933,133,DEPOSIT,34292.35,2023-07-29 15:59:55
4933,934,134,WITHDRAWAL,1046.16,2024-05-11 22:44:32
4934,935,135,TRANSFER,42814.71,2023-11-15 16:53:58
4935,936,136,DEPOSIT,49704.41,2024-05-27 03:29:24
4936,937,137,WITHDRAWAL,24896.63,2023-10-05 10:35:10
4937,938,138,TRANSFER,28883.43,2023-07-09 19:20:45
4938,939,139,DEPOSIT,17977.4,2023-12-01 13:12:44
4939,940,140,WITHDRAWAL,9700.17,2023-03-11 08:11:15
4940,941,141,TRANSFER,31940.3,2023-10-21 10:17:49
4941,942,142,DEPOSIT,43858.43,2023-08-01 18:18:40
4942,943,143,WITHDRAWAL,44962.08,2024-02-28 05:58:41
4943,944,144,TRANSFER,49366.71,2023-12-15 22:59:15
4944,945,145,DEPOSIT,8755.86,2024-02-14 06:15:22
4945,946,146,WITHDRAWAL,44400.87,2023-09-28 22:56:35
4946,947,147,TRANSFER,29461.5,2023-10-31 17:15:25
4947,948,148,DEPOSIT,15473.07,2023-08-03 13:37:11
4948,949,149,WITHDRAWAL,28980.05,2023-02-01 22:09:32
4949,950,150,TRANSFER,41710.24,2023-09-24 15:05:57
4950,951,151,DEPOSIT,21678.65,2023-04-06 12:09:50
4951,952,152,WITHDRAWAL,28337.45,2023-12-20 10:19:50
4952,953,153,TRANSFER,14427.54,2023-09-27 12:30:29
4953,954,154,DEPOSIT,24951.36,2023-01-07 11:22:24
4954,955,155,WITHDRAWAL,23321.21,2023-04-25 06:43:20
4955,956,156,TRANSFER,26164.08,2023-04-27 16:26:53
4956,957,157,DEPOSIT,31193.52,2023-08-14 01:55:25
4957,958,158,WITHDRAWAL,8138.72,2024-05-30 23:49:42
4958,959,159,TRANSFER,14420.12,2024-01-14 03:04:19
4959,960,160,DEPOSIT,789.46,2023-08-17 22:06:16
4960,961,161,WITHDRAWAL,10874.09,2023-02-01 19:25:15
4961,962,162,TRANSFER,6180.55,2024-04-05 15:39:22
4962,963,163,DEPOSIT,15298.02,2024-01-15 07:48:37
4963,964,164,WITHDRAWAL,17619.25,2023-12-01 05:47:56
4964,965,165,TRANSFER,2504.6,2023-01-01 11:57:44
4965,966,166,DEPOSIT,17517.41,2023-04-17 23:15:51
4966,967,167,WITHDRAWAL,39265.31,2023-08-09 00:27:08
4967,968,168,TRANSFER,33269.65,2024-01-25 21:49:55
4968,969,169,DEPOSIT,7760.3,2024-03-11 13:07:16
4969,970,170,WITHDRAWAL,35662.72,2023-03-08 19:13:14
4970,971,171,TRANSFER,49795.75,2023-04-21 19:04:53
4971,972,172,DEPOSIT,21608.22,2023-06-02 19:15:53
4972,973,173,WITHDRAWAL,14547.19,2023-03-04 16:41:29
4973,974,174,TRANSFER,23664.16,2023-01-25 23:04:16
4974,975,175,DEPOSIT,12443.94,2023-10-03 10:49:26
4975,976,176,WITHDRAWAL,19318.18,2024-05-09 19:22:22
4976,977,177,TRANSFER,48345.67,2023-11-07 00:01:00
4977,978,178,DEPOSIT,44652.75,2023-03-18 05:26:16
4978,979,179,WITHDRAWAL,29855.97,2023-08-23 14:06:37
4979,980,180,TRANSFER,28199.74,2023-05-15 14:34:58
4980,981,181,DEPOSIT,40220.97,2023-09-08 11:27:39
4981,982,182,WITHDRAWAL,34169.23,2023-04-19 02:26:07
4982,983,183,TRANSFER,12508.52,2023-06-04 23:04:25
4983,984,184,DEPOSIT,27718.65,2023-11-20 08:37:25
4984,985,185,WITHDRAWAL,15256.75,2023-08-22 20:12:26
4985,986,186,TRANSFER,28337.59,2023-08-19 22:42:36
4986,987,187,DEPOSIT,23063.11,2024-05-03 00:42:42
4987,988,188,WITHDRAWAL,18804.54,2023-05-23 10:18:18
4988,989,189,TRANSFER,4811.15,2023-12-06 08:16:20
4989,990,190,DEPOSIT,22100.65,2024-02-14 00:00:08
4990,991,191,WITHDRAWAL,25195.72,2023-09-01 07:35:53
4991,992,192,TRANSFER,23424.26,2023-10-05 17:22:57
4992,993,193,DEPOSIT,23332.96,2023-11-29 04:19:52
4993,994,194,WITHDRAWAL,23069.59,2023-11-15 15:46:30
4994,995,195,TRANSFER,1330.84,2024-03-10 02:49:15
4995,996,196,DEPOSIT,4430.57,2023-11-23 22:29:30
4996,997,197,WITHDRAWAL,30764.28,2023-04-20 04:42:19
4997,998,198,TRANSFER,39333.74,2023-08-23 20:57:28
4998,999,199,DEPOSIT,25615.22,2024-03-26 17:59:38
4999,1000,200,WITHDRAWAL,31048.28,2023-04-09 20:34:31
5000,1,1,TRANSFER,43891.48,2024-03-15 07:04:28
5001,2,2,DEPOSIT,37769.21,2023-02-11 13:59:01
5002,3,3,WITHDRAWAL,6305.53,2023-11-01 23:42:01
5003,4,4,TRANSFER,23145.76,2023-01-05 14:58:08
5004,5,5,DEPOSIT,23016.44,2024-02-07 08:22:27
5005,6,6,WITHDRAWAL,4242.11,2023-02-12 05:05:14
5006,7,7,TRANSFER,41496.42,2023-07-29 20:25:26
5007,8,8,DEPOSIT,5361.38,2024-05-19 18:38:24
5008,9,9,WITHDRAWAL,4878.98,2024-04-06 15:17:41
5009,10,10,TRANSFER,28276.52,2023-08-14 16:44:47
5010,11,11,DEPOSIT,43217.06,2023-09-15 08:01:16
5011,12,12,WITHDRAWAL,37026.24,2023-04-05 07:51:20
5012,13,13,TRANSFER,36970.78,2024-02-01 18:23:28
5013,14,14,DEPOSIT,35081.62,2023-02-11 04:22:09
5014,15,15,WITHDRAWAL,7216.15,2024-02-05 23:51:32
5015,16,16,TRANSFER,6828.77,2024-01-20 17:08:52
5016,17,17,DEPOSIT,42614.26,2024-05-11 20:16:41
5017,18,18,WITHDRAWAL,31415.69,2023-08-22 17:02:14
5018,19,19,TRANSFER,40282.79,2023-01-06 00:15:05
5019,20,20,DEPOSIT,34391.86,2024-04-29 09:56:17
5020,21,21,WITHDRAWAL,3366.43,2023-03-31 02:19:41
5021,22,22,TRANSFER,30193.5,2023-04-29 20:32:18
5022,23,23,DEPOSIT,25995.93,2023-04-05 00:14:42
5023,24,24,WITHDRAWAL,10222.64,2023-07-12 00:15:19
5024,25,25,TRANSFER,1242.57,2024-01-03 23:11:54
5025,26,26,DEPOSIT,22196.36,2024-01-28 20:52:45
5026,27,27,WITHDRAWAL,46302.96,2023-02-13 05:27:00
5027,28,28,TRANSFER,20233.82,2023-08-21 22:59:02
5028,29,29,DEPOSIT,41015.35,2023-05-23 22:49:39
5029,30,30,WITHDRAWAL,13020.97,2024-02-29 15:35:07
5030,31,31,TRANSFER,34069.21,2024-04-20 22:40:31
5031,32,32,DEPOSIT,30861.75,2024-05-26 04:58:44
5032,33,33,WITHDRAWAL,7320.86,2023-12-02 19:39:25
5033,34,34,TRANSFER,9248.54,2023-01-17 19:43:55
5034,35,35,DEPOSIT,12041.69,2024-05-25 16:02:33
5035,36,36,WITHDRAWAL,37085.82,2024-02-02 07:19:50
5036,37,37,TRANSFER,10025.55,2024-02-29 14:52:22
5037,38,38,DEPOSIT,14508.91,2024-01-09 04:32:38
5038,39,39,WITHDRAWAL,47954.98,2023-03-19 16:30:07
5039,40,40,TRANSFER,18373.3,2024-01-18 21:31:03
5040,41,41,DEPOSIT,19565.55,2023-08-02 17:45:07
5041,42,42,WITHDRAWAL,23203.55,2023-03-25 08:53:06
5042,43,43,TRANSFER,7416.84,2023-11-26 23:27:37
5043,44,44,DEPOSIT,22859.54,2023-08-09 03:22:23
5044,45,45,WITHDRAWAL,19477.58,2024-03-14 05:37:10
5045,46,46,TRANSFER,15145.05,2024-03-26 22:00:50
5046,47,47,DEPOSIT,32524.61,2024-05-16 01:42:11
5047,48,48,WITHDRAWAL,30997.62,2024-05-25 10:56:11
5048,49,49,TRANSFER,45406.34,2023-02-03 02:42:51
5049,50,50,DEPOSIT,48140.2,2023-10-03 12:35:17
5050,51,51,WITHDRAWAL,44122.39,2023-12-30 10:25:14
5051,52,52,TRANSFER,13852.43,2023-12-23 00:15:59
5052,53,53,DEPOSIT,17893.81,2023-05-03 23:11:48
5053,54,54,WITHDRAWAL,10546.9,2024-01-26 20:25:57
5054,55,55,TRANSFER,19537.31,2024-02-12 19:44:48
5055,56,56,DEPOSIT,8733.1,2023-02-18 18:02:19
5056,57,57,WITHDRAWAL,17599.83,2023-04-28 14:21:04
5057,58,58,TRANSFER,16971.16,2024-03-13 09:50:06
5058,59,59,DEPOSIT,13924.22,2023-04-19 18:31:18
5059,60,60,WITHDRAWAL,15153.46,2024-05-26 10:17:05
5060,61,61,TRANSFER,3419.82,2023-11-02 23:21:49
5061,62,62,DEPOSIT,24192.4,2024-05-16 02:10:10
5062,63,63,WITHDRAWAL,30296.03,2024-01-02 10:06:01
5063,64,64,TRANSFER,28806.19,2023-05-21 02:25:30
5064,65,65,DEPOSIT,38772.15,2024-01-29 18:47:46
5065,66,66,WITHDRAWAL,12968.71,2024-02-13 02:47:52
5066,67,67,TRANSFER,29446.72,2023-09-09 17:13:33
5067,68,68,DEPOSIT,17411.28,2024-03-27 01:29:36
5068,69,69,WITHDRAWAL,41496.01,2024-04-24 14:34:07
5069,70,70,TRANSFER,2256.01,2023-02-22 11:35:44
5070,71,71,DEPOSIT,11592.9,2023-05-04 15:19:27
5071,72,72,WITHDRAWAL,24976.7,2023-03-24 12:05:32
5072,73,73,TRANSFER,16189.73,2024-01-06 00:58:55
5073,74,74,DEPOSIT,49066.61,2023-06-29 20:07:01
5074,75,75,WITHDRAWAL,5280.54,2023-07-03 18:51:50
5075,76,76,TRANSFER,36410.88,2023-05-16 03:33:25
5076,77,77,DEPOSIT,37793.14,2023-10-26 07:50:04
5077,78,78,WITHDRAWAL,46119.57,2023-11-23 06:24:51
5078,79,79,TRANSFER,30599.06,2023-02-18 02:23:46
5079,80,80,DEPOSIT,1880.54,2023-03-30 21:56:45
5080,81,81,WITHDRAWAL,22082.01,2023-02-26 14:36:47
5081,82,82,TRANSFER,30330.6,2023-10-18 17:52:11
5082,83,83,DEPOSIT,46178.31,2023-01-23 21:09:50
5083,84,84,WITHDRAWAL,5391.97,2023-09-07 10:50:30
5084,85,85,TRANSFER,18887.67,2023-12-16 03:28:00
5085,86,86,DEPOSIT,28693.25,2024-05-10 01:55:06
5086,87,87,WITHDRAWAL,9793.94,2023-06-05 03:19:10
5087,88,88,TRANSFER,21881.37,2024-01-17 10:49:25
5088,89,89,DEPOSIT,11282.57,2023-08-11 05:05:30
5089,90,90,WITHDRAWAL,21708.81,2023-05-06 21:34:07
5090,91,91,TRANSFER,40435.52,2024-02-15 12:30:10
5091,92,92,DEPOSIT,4310.05,2023-05-30 08:39:13
5092,93,93,WITHDRAWAL,31459.49,2023-01-19 19:55:23
5093,94,94,TRANSFER,10184.95,2023-03-16 17:24:43
5094,95,95,DEPOSIT,44665.62,2023-04-20 04:16:35
5095,96,96,WITHDRAWAL,38721.54,2023-10-07 06:42:10
5096,97,97,TRANSFER,27333.58,2024-03-17 09:47:13
5097,98,98,DEPOSIT,17042.16,2023-02-25 21:31:37
5098,99,99,WITHDRAWAL,26412.44,2024-05-13 20:04:45
5099,100,100,TRANSFER,41621.82,2023-05-28 16:24:31
5100,101,101,DEPOSIT,41380.51,2024-03-19 00:28:07
5101,102,102,WITHDRAWAL,17611.78,2024-01-25 00:31:33
5102,103,103,TRANSFER,44988.79,2024-04-25 09:16:53
5103,104,104,DEPOSIT,40081.78,2023-04-18 02:08:56
5104,105,105,WITHDRAWAL,21381.31,2023-12-07 21:16:48
5105,106,106,TRANSFER,43700.11,2023-10-20 03:21:06
5106,107,107,DEPOSIT,3916.41,2024-03-18 01:46:12
5107,108,108,WITHDRAWAL,14918.37,2024-02-06 18:10:49
5108,109,109,TRANSFER,24940.63,2023-04-02 14:19:40
5109,110,110,DEPOSIT,30078.46,2023-02-09 23:38:17
5110,111,111,WITHDRAWAL,1136.9,2023-09-15 00:47:31
5111,112,112,TRANSFER,46114.44,2023-08-14 04:03:43
5112,113,113,DEPOSIT,19527.42,2023-07-15 06:05:50
5113,114,114,WITHDRAWAL,3406.96,2023-10-05 23:50:11
5114,115,115,TRANSFER,48406.06,2023-05-03 14:46:47
5115,116,116,DEPOSIT,26725.85,2023-02-28 01:56:47
5116,117,117,WITHDRAWAL,42661.23,2023-07-07 11:59:32
5117,118,118,TRANSFER,25007.35,2024-04-19 18:28:35
5118,119,119,DEPOSIT,30936.06,2023-11-07 01:59:37
5119,120,120,WITHDRAWAL,34878.92,2024-02-29 01:05:21
5120,121,121,TRANSFER,29142.8,2023-03-28 02:50:59
5121,122,122,DEPOSIT,32665.07,2023-07-24 07:39:52
5122,123,123,WITHDRAWAL,16908.88,2023-01-26 01:38:40
5123,124,124,TRANSFER,10033.56,2023-07-22 15:10:34
5124,125,125,DEPOSIT,6973.04,2023-02-16 03:08:47
5125,126,126,WITHDRAWAL,40839.95,2024-02-29 22:26:50
5126,127,127,TRANSFER,46209.47,2023-09-14 00:21:36
5127,128,128,DEPOSIT,45616.85,2024-05-30 05:28:53
5128,129,129,WITHDRAWAL,11788.5,2023-02-18 09:53:15
5129,130,130,TRANSFER,40285.05,2023-02-26 15:10:34
5130,131,131,DEPOSIT,45217.15,2024-03-13 23:02:28
5131,132,132,WITHDRAWAL,17298.82,2023-01-28 11:11:48
5132,133,133,TRANSFER,47495.89,2023-02-24 23:07:10
5133,134,134,DEPOSIT,36967.08,2024-04-09 14:16:47
5134,135,135,WITHDRAWAL,44377.06,2023-03-04 14:22:17
5135,136,136,TRANSFER,47330.57,2024-01-07 20:56:50
5136,137,137,DEPOSIT,36169.26,2023-07-30 02:38:31
5137,138,138,WITHDRAWAL,1789.65,2023-03-22 19:50:30
5138,139,139,TRANSFER,11270.0,2024-01-30 06:25:45
5139,140,140,DEPOSIT,21581.46,2023-09-30 01:16:35
5140,141,141,WITHDRAWAL,39079.28,2023-08-24 16:07:40
5141,142,142,TRANSFER,1081.95,2023-06-26 21:39:48
5142,143,143,DEPOSIT,1327.43,2023-02-12 23:55:15
5143,144,144,WITHDRAWAL,26713.95,2023-06-02 08:57:13
5144,145,145,TRANSFER,34100.24,2023-10-22 16:18:43
5145,146,146,DEPOSIT,27629.27,2023-01-15 01:18:45
5146,147,147,WITHDRAWAL,19362.37,2023-02-10 11:58:04
5147,148,148,TRANSFER,34775.07,2023-10-21 00:02:09
5148,149,149,DEPOSIT,35069.88,2023-11-30 18:32:10
5149,150,150,WITHDRAWAL,6897.14,2024-03-02 20:15:35
5150,151,151,TRANSFER,5908.45,2023-12-07 04:01:58
5151,152,152,DEPOSIT,49126.9,2024-04-23 04:36:26
5152,153,153,WITHDRAWAL,17595.94,2023-10-13 14:35:11
5153,154,154,TRANSFER,21831.88,2023-09-24 12:19:31
5154,155,155,DEPOSIT,11916.13,2023-02-14 23:45:13
5155,156,156,WITHDRAWAL,29434.99,2023-03-13 10:49:58
5156,157,157,TRANSFER,20659.14,2023-06-26 09:56:00
5157,158,158,DEPOSIT,28406.75,2024-02-21 11:49:12
5158,159,159,WITHDRAWAL,43664.06,2023-01-12 13:43:45
5159,160,160,TRANSFER,40632.97,2023-07-14 02:53:28
5160,161,161,DEPOSIT,2842.16,2023-03-01 12:08:42
5161,162,162,WITHDRAWAL,9037.87,2023-12-07 15:16:27
5162,163,163,TRANSFER,15713.15,2023-02-03 22:59:21
5163,164,164,DEPOSIT,32763.9,2024-04-12 21:50:54
5164,165,165,WITHDRAWAL,49904.46,2023-07-09 17:02:40
5165,166,166,TRANSFER,30310.13,2023-04-11 18:05:09
5166,167,167,DEPOSIT,32882.57,2024-01-07 19:38:24
5167,168,168,WITHDRAWAL,3849.42,2024-05-24 23:43:48
5168,169,169,TRANSFER,46919.12,2023-07-14 08:02:40
5169,170,170,DEPOSIT,24751.51,2023-06-09 21:31:35
5170,171,171,WITHDRAWAL,44883.03,2023-10-05 06:11:06
5171,172,172,TRANSFER,22182.66,2023-06-21 02:27:09
5172,173,173,DEPOSIT,47071.94,2023-08-24 03:05:22
5173,174,174,WITHDRAWAL,14641.24,2024-03-04 06:56:59
5174,175,175,TRANSFER,12217.85,2024-05-22 16:48:17
5175,176,176,DEPOSIT,15949.76,2023-07-27 19:13:06
5176,177,177,WITHDRAWAL,25177.24,2024-02-25 12:47:05
5177,178,178,TRANSFER,17338.31,2023-02-11 22:35:13
5178,179,179,DEPOSIT,35278.03,2023-11-16 02:29:53
5179,180,180,WITHDRAWAL,24315.52,2024-04-28 00:31:48
5180,181,181,TRANSFER,10185.71,2023-03-02 22:20:27
5181,182,182,DEPOSIT,42072.85,2023-04-17 12:18:58
5182,183,183,WITHDRAWAL,11534.49,2024-02-09 16:02:59
5183,184,184,TRANSFER,10546.37,2024-03-05 12:01:37
5184,185,185,DEPOSIT,36248.29,2023-10-17 05:51:08
5185,186,186,WITHDRAWAL,1803.03,2023-04-21 06:20:57
5186,187,187,TRANSFER,34920.11,2023-07-02 14:40:45
5187,188,188,DEPOSIT,38211.96,2024-05-19 19:09:53
5188,189,189,WITHDRAWAL,1074.27,2023-03-30 17:33:45
5189,190,190,TRANSFER,13522.23,2023-01-27 05:15:39
5190,191,191,DEPOSIT,19214.99,2024-04-01 21:35:28
5191,192,192,WITHDRAWAL,2995.4,2023-03-07 15:04:09
5192,193,193,TRANSFER,19202.97,2024-04-18 14:31:17
5193,194,194,DEPOSIT,43140.01,2023-01-15 15:21:39
5194,195,195,WITHDRAWAL,22206.55,2023-10-26 18:38:33
5195,196,196,TRANSFER,10294.45,2023-06-24 08:01:20
5196,197,197,DEPOSIT,32999.69,2023-05-24 05:57:52
5197,198,198,WITHDRAWAL,2622.46,2024-02-18 14:22:09
5198,199,199,TRANSFER,1574.99,2023-08-26 00:22:20
5199,200,200,DEPOSIT,46861.82,2023-09-28 03:32:47
5200,201,1,WITHDRAWAL,37726.36,2024-04-17 19:43:22
5201,202,2,TRANSFER,46135.71,2023-09-19 03:33:47
5202,203,3,DEPOSIT,40514.08,2023-07-23 21:57:53
5203,204,4,WITHDRAWAL,10835.04,2024-04-04 00:16:02
5204,205,5,TRANSFER,17053.81,2023-01-22 05:45:01
5205,206,6,DEPOSIT,21709.46,2024-04-27 18:10:07
5206,207,7,WITHDRAWAL,39132.81,2023-11-29 02:05:40
5207,208,8,TRANSFER,40371.76,2023-02-14 08:46:03
5208,209,9,DEPOSIT,19411.65,2024-03-05 18:09:02
5209,210,10,WITHDRAWAL,42927.12,2023-08-12 05:52:07
5210,211,11,TRANSFER,23180.49,2024-02-20 08:40:28
5211,212,12,DEPOSIT,35963.82,2024-03-20 18:05:06
5212,213,13,WITHDRAWAL,13012.43,2024-02-08 01:14:12
5213,214,14,TRANSFER,23371.95,2023-10-24 03:46:48
5214,215,15,DEPOSIT,6602.32,2023-07-05 00:52:17
5215,216,16,WITHDRAWAL,14042.2,2023-01-12 19:02:21
5216,217,17,TRANSFER,4285.99,2023-08-02 03:03:10
5217,218,18,DEPOSIT,38569.25,2023-07-14 03:04:53
5218,219,19,WITHDRAWAL,16883.24,2023-08-18 18:34:34
5219,220,20,TRANSFER,1939.92,2023-11-03 11:53:58
5220,221,21,DEPOSIT,18091.13,2023-08-02 00:45:40
5221,222,22,WITHDRAWAL,12533.16,2024-05-27 00:56:12
5222,223,23,TRANSFER,40514.87,2024-05-22 05:22:55
5223,224,24,DEPOSIT,626.83,2024-04-17 05:55:34
5224,225,25,WITHDRAWAL,28426.37,2023-08-27 08:56:25
5225,226,26,TRANSFER,41801.63,2023-09-07 07:40:33
5226,227,27,DEPOSIT,22196.0,2023-05-19 20:46:57
5227,228,28,WITHDRAWAL,22001.06,2023-01-14 09:52:27
5228,229,29,TRANSFER,1859.82,2023-12-29 07:03:45
5229,230,30,DEPOSIT,24015.59,2023-10-06 15:05:36
5230,231,31,WITHDRAWAL,10899.95,2024-03-08 07:55:58
5231,232,32,TRANSFER,28982.72,2023-02-15 12:06:01
5232,233,33,DEPOSIT,13829.52,2023-03-03 18:51:41
5233,234,34,WITHDRAWAL,27576.88,2024-04-19 01:20:53
5234,235,35,TRANSFER,22027.57,2023-02-19 17:51:25
5235,236,36,DEPOSIT,38301.18,2023-07-20 09:35:53
5236,237,37,WITHDRAWAL,12984.44,2023-08-03 11:42:13
5237,238,38,TRANSFER,6369.85,2024-01-20 10:08:38
5238,239,39,DEPOSIT,8733.02,2024-05-04 14:21:19
5239,240,40,WITHDRAWAL,32802.35,2024-04-24 23:24:35
5240,241,41,TRANSFER,5731.18,2023-06-30 17:19:44
5241,242,42,DEPOSIT,9220.93,2023-01-30 21:43:30
5242,243,43,WITHDRAWAL,43029.91,2024-01-29 13:55:48
5243,244,44,TRANSFER,15873.55,2024-03-26 09:56:47
5244,245,45,DEPOSIT,35870.71,2024-03-05 20:16:03
5245,246,46,WITHDRAWAL,47585.67,2023-02-17 05:38:02
5246,247,47,TRANSFER,48764.36,2023-07-21 05:07:49
5247,248,48,DEPOSIT,33922.61,2023-01-13 12:27:52
5248,249,49,WITHDRAWAL,27026.66,2023-10-02 10:38:33
5249,250,50,TRANSFER,30032.94,2023-02-04 17:53:05
5250,251,51,DEPOSIT,5467.08,2023-09-29 15:25:59
5251,252,52,WITHDRAWAL,22196.2,2024-01-29 18:00:29
5252,253,53,TRANSFER,3881.74,2024-02-01 22:23:33
5253,254,54,DEPOSIT,16296.19,2023-06-08 11:37:01
5254,255,55,WITHDRAWAL,41458.6,2023-10-16 10:38:24
5255,256,56,TRANSFER,3578.94,2023-11-20 02:14:12
5256,257,57,DEPOSIT,43793.9,2023-11-28 06:04:34
5257,258,58,WITHDRAWAL,1244.48,2023-04-22 03:11:41
5258,259,59,TRANSFER,39410.34,2024-04-16 10:40:48
5259,260,60,DEPOSIT,48755.19,2023-09-18 04:35:15
5260,261,61,WITHDRAWAL,18742.03,2024-05-21 09:45:17
5261,262,62,TRANSFER,31099.6,2023-08-17 09:43:56
5262,263,63,DEPOSIT,18421.41,2023-05-05 12:26:51
5263,264,64,WITHDRAWAL,46516.12,2023-08-14 22:15:31
5264,265,65,TRANSFER,1286.51,2024-04-04 05:16:41
5265,266,66,DEPOSIT,10581.87,2024-04-18 01:17:38
5266,267,67,WITHDRAWAL,25544.7,2023-09-01 04:42:52
5267,268,68,TRANSFER,39175.52,2024-01-30 17:12:14
5268,269,69,DEPOSIT,46997.59,2023-09-25 05:36:28
5269,270,70,WITHDRAWAL,41538.03,2023-10-22 06:05:01
5270,271,71,TRANSFER,32856.4,2023-01-26 07:41:57
5271,272,72,DEPOSIT,19060.67,2023-04-27 13:35:41
5272,273,73,WITHDRAWAL,3931.46,2024-05-19 06:11:25
5273,274,74,TRANSFER,47931.67,2023-03-02 01:11:22
5274,275,75,DEPOSIT,28274.47,2023-06-24 10:29:36
5275,276,76,WITHDRAWAL,31519.92,2024-03-22 04:19:25
5276,277,77,TRANSFER,26952.98,2023-11-21 17:34:41
5277,278,78,DEPOSIT,42381.28,2023-04-05 04:07:17
5278,279,79,WITHDRAWAL,39912.3,2024-02-14 22:05:32
5279,280,80,TRANSFER,23621.73,2024-04-16 13:12:06
5280,281,81,DEPOSIT,26021.6,2024-02-12 08:25:14
5281,282,82,WITHDRAWAL,13466.44,2023-09-04 04:10:40
5282,283,83,TRANSFER,14660.33,2024-03-22 19:19:13
5283,284,84,DEPOSIT,16440.94,2023-07-09 13:01:48
5284,285,85,WITHDRAWAL,11552.23,2023-10-09 03:30:57
5285,286,86,TRANSFER,37411.93,2023-09-02 12:36:09
5286,287,87,DEPOSIT,34656.73,2023-03-31 15:31:38
5287,288,88,WITHDRAWAL,36642.59,2023-12-12 15:32:26
5288,289,89,TRANSFER,18100.44,2023-11-15 09:34:15
5289,290,90,DEPOSIT,28027.25,2023-10-01 09:28:07
5290,291,91,WITHDRAWAL,45732.63,2023-03-01 09:00:54
5291,292,92,TRANSFER,24212.88,2024-05-22 10:57:09
5292,293,93,DEPOSIT,22453.91,2023-06-28 22:01:55
5293,294,94,WITHDRAWAL,11495.87,2023-11-22 07:56:03
5294,295,95,TRANSFER,46286.59,2023-04-08 07:24:42
5295,296,96,DEPOSIT,38824.65,2023-07-10 06:05:08
5296,297,97,WITHDRAWAL,33708.52,2023-11-13 14:32:23
5297,298,98,TRANSFER,30281.23,2023-04-18 07:07:08
5298,299,99,DEPOSIT,17085.17,2023-08-11 19:55:39
5299,300,100,WITHDRAWAL,4084.48,2023-04-02 15:00:31
5300,301,101,TRANSFER,25256.25,2023-11-24 00:25:47
5301,302,102,DEPOSIT,28804.83,2023-04-26 06:20:59
5302,303,103,WITHDRAWAL,44073.25,2024-05-06 09:04:24
5303,304,104,TRANSFER,44994.62,2023-06-03 20:55:48
5304,305,105,DEPOSIT,785.46,2023-12-19 16:27:44
5305,306,106,WITHDRAWAL,20937.09,2023-04-04 19:40:02
5306,307,107,TRANSFER,35571.98,2024-03-06 18:05:51
5307,308,108,DEPOSIT,37145.27,2023-12-31 22:49:48
5308,309,109,WITHDRAWAL,43474.25,2023-04-09 04:13:42
5309,310,110,TRANSFER,1206.33,2023-12-02 02:14:57
5310,311,111,DEPOSIT,49496.77,2023-05-10 15:54:20
5311,312,112,WITHDRAWAL,25749.71,2023-04-13 19:42:00
5312,313,113,TRANSFER,45931.96,2024-02-16 03:02:51
5313,314,114,DEPOSIT,17724.84,2023-11-25 01:20:11
5314,315,115,WITHDRAWAL,34849.47,2023-11-09 11:44:30
5315,316,116,TRANSFER,35602.06,2023-07-07 12:40:22
5316,317,117,DEPOSIT,16847.05,2023-04-03 10:52:24
5317,318,118,WITHDRAWAL,29577.99,2023-09-19 11:26:00
5318,319,119,TRANSFER,5397.51,2024-04-23 22:48:31
5319,320,120,DEPOSIT,3696.89,2023-02-05 03:17:30
5320,321,121,WITHDRAWAL,47496.45,2023-10-03 16:53:23
5321,322,122,TRANSFER,31545.29,2023-11-14 13:58:38
5322,323,123,DEPOSIT,14471.66,2023-12-05 09:51:10
5323,324,124,WITHDRAWAL,35008.68,2024-01-06 13:54:04
5324,325,125,TRANSFER,36188.14,2023-05-23 11:46:13
5325,326,126,DEPOSIT,45817.93,2024-04-02 22:09:36
5326,327,127,WITHDRAWAL,4198.64,2024-01-31 15:25:09
5327,328,128,TRANSFER,29681.73,2023-01-07 01:05:58
5328,329,129,DEPOSIT,33698.62,2023-10-15 06:56:57
5329,330,130,WITHDRAWAL,18974.94,2023-12-19 06:21:32
5330,331,131,TRANSFER,8844.35,2023-12-07 15:51:18
5331,332,132,DEPOSIT,13972.19,2024-04-01 18:37:19
5332,333,133,WITHDRAWAL,11620.85,2023-03-17 06:19:15
5333,334,134,TRANSFER,17062.45,2024-01-19 03:39:24
5334,335,135,DEPOSIT,25888.71,2024-03-14 04:10:13
5335,336,136,WITHDRAWAL,28995.61,2024-02-12 22:19:08
5336,337,137,TRANSFER,14270.01,2023-11-28 10:04:09
5337,338,138,DEPOSIT,15935.73,2023-10-26 07:32:30
5338,339,139,WITHDRAWAL,47676.15,2023-05-19 13:54:42
5339,340,140,TRANSFER,40701.22,2023-02-02 13:42:51
5340,341,141,DEPOSIT,21532.58,2023-06-13 15:22:21
5341,342,142,WITHDRAWAL,28761.14,2023-08-05 03:04:19
5342,343,143,TRANSFER,15725.23,2024-04-23 01:19:55
5343,344,144,DEPOSIT,14246.7,2023-09-27 18:59:29
5344,345,145,WITHDRAWAL,14399.28,2023-04-03 01:57:08
5345,346,146,TRANSFER,21951.45,2024-01-13 23:32:50
5346,347,147,DEPOSIT,14431.06,2023-05-12 12:22:04
5347,348,148,WITHDRAWAL,49440.39,2023-07-21 12:06:26
5348,349,149,TRANSFER,46226.55,2023-03-24 10:12:35
5349,350,150,DEPOSIT,7058.75,2023-08-05 10:00:56
5350,351,151,WITHDRAWAL,27612.65,2023-06-10 15:50:06
5351,352,152,TRANSFER,37745.69,2024-01-31 02:49:16
5352,353,153,DEPOSIT,29923.59,2023-01-22 05:50:35
5353,354,154,WITHDRAWAL,47993.24,2023-01-31 20:54:04
5354,355,155,TRANSFER,26900.42,2024-02-24 07:09:21
5355,356,156,DEPOSIT,343.19,2023-06-01 13:32:11
5356,357,157,WITHDRAWAL,18483.33,2023-01-21 00:31:25
5357,358,158,TRANSFER,47090.88,2023-08-07 21:49:55
5358,359,159,DEPOSIT,21330.86,2024-03-19 15:17:25
5359,360,160,WITHDRAWAL,26049.49,2023-12-12 12:07:58
5360,361,161,TRANSFER,14754.13,2023-12-19 12:21:56
5361,362,162,DEPOSIT,35815.38,2023-03-27 03:22:09
5362,363,163,WITHDRAWAL,22225.81,2023-04-04 03:51:16
5363,364,164,TRANSFER,24667.84,2023-12-02 18:01:16
5364,365,165,DEPOSIT,43226.49,2023-03-09 11:15:32
5365,366,166,WITHDRAWAL,36584.37,2023-08-05 06:44:37
5366,367,167,TRANSFER,48422.29,2023-04-01 11:01:15
5367,368,168,DEPOSIT,37216.43,2023-03-03 09:55:01
5368,369,169,WITHDRAWAL,36370.81,2023-06-22 18:36:54
5369,370,170,TRANSFER,7844.79,2023-09-12 01:52:44
5370,371,171,DEPOSIT,13812.64,2023-09-18 11:08:16
5371,372,172,WITHDRAWAL,36778.73,2024-05-04 19:40:56
5372,373,173,TRANSFER,35343.42,2023-02-27 13:06:35
5373,374,174,DEPOSIT,44614.7,2023-09-02 12:28:56
5374,375,175,WITHDRAWAL,21674.55,2023-01-30 19:01:24
5375,376,176,TRANSFER,15883.18,2024-02-09 21:40:36
5376,377,177,DEPOSIT,33059.91,2024-03-09 13:02:53
5377,378,178,WITHDRAWAL,1791.45,2024-05-01 06:59:31
5378,379,179,TRANSFER,31367.98,2024-05-07 19:53:03
5379,380,180,DEPOSIT,6852.36,2023-07-11 00:09:51
5380,381,181,WITHDRAWAL,43607.02,2023-10-20 05:02:42
5381,382,182,TRANSFER,33670.65,2023-06-21 01:00:12
5382,383,183,DEPOSIT,23511.07,2023-07-26 01:17:25
5383,384,184,WITHDRAWAL,40695.3,2024-01-12 07:52:05
5384,385,185,TRANSFER,14137.16,2024-01-21 19:39:04
5385,386,186,DEPOSIT,31742.29,2023-06-04 05:40:06
5386,387,187,WITHDRAWAL,47542.13,2023-03-10 21:42:21
5387,388,188,TRANSFER,169.85,2023-06-16 08:46:25
5388,389,189,DEPOSIT,24539.65,2023-02-22 05:50:27
5389,390,190,WITHDRAWAL,10435.26,2024-04-19 17:54:51
5390,391,191,TRANSFER,1950.25,2023-05-19 08:18:17
5391,392,192,DEPOSIT,30672.78,2023-07-24 08:03:04
5392,393,193,WITHDRAWAL,29199.11,2024-05-05 03:11:03
5393,394,194,TRANSFER,17441.7,2024-05-10 07:51:44
5394,395,195,DEPOSIT,32850.48,2024-02-17 00:30:44
5395,396,196,WITHDRAWAL,43895.7,2023-05-20 20:38:32
5396,397,197,TRANSFER,43753.2,2023-06-30 02:48:18
5397,398,198,DEPOSIT,24516.2,2024-01-12 18:10:22
5398,399,199,WITHDRAWAL,19616.58,2024-05-04 08:33:49
5399,400,200,TRANSFER,27175.23,2023-10-05 09:20:45
5400,401,1,DEPOSIT,4835.7,2023-08-18 10:58:34
5401,402,2,WITHDRAWAL,48146.32,2023-03-29 06:40:49
5402,403,3,TRANSFER,20985.51,2023-08-12 03:07:34
5403,404,4,DEPOSIT,16276.6,2023-12-14 07:54:26
5404,405,5,WITHDRAWAL,21249.02,2024-05-29 12:22:12
5405,406,6,TRANSFER,23242.15,2023-05-17 20:30:08
5406,407,7,DEPOSIT,33034.04,2023-09-05 16:50:16
5407,408,8,WITHDRAWAL,34851.46,2023-09-27 23:20:03
5408,409,9,TRANSFER,38686.35,2023-04-10 11:10:17
5409,410,10,DEPOSIT,42007.64,2024-01-11 17:32:36
5410,411,11,WITHDRAWAL,30056.93,2024-01-15 22:52:16
5411,412,12,TRANSFER,1457.84,2023-07-02 10:06:30
5412,413,13,DEPOSIT,25379.3,2023-07-28 02:27:46
5413,414,14,WITHDRAWAL,3049.56,2023-11-14 16:25:16
5414,415,15,TRANSFER,13087.65,2023-09-09 00:44:09
5415,416,16,DEPOSIT,20567.34,2023-09-04 16:50:07
5416,417,17,WITHDRAWAL,21265.71,2023-12-10 06:34:26
5417,418,18,TRANSFER,45619.31,2023-07-22 11:47:19
5418,419,19,DEPOSIT,24280.41,2023-07-28 09:47:44
5419,420,20,WITHDRAWAL,16998.68,2023-06-20 01:29:24
5420,421,21,TRANSFER,15432.45,2023-02-05 10:34:39
5421,422,22,DEPOSIT,11073.29,2023-11-15 07:26:27
5422,423,23,WITHDRAWAL,26805.29,2023-05-10 08:26:24
5423,424,24,TRANSFER,5524.68,2024-04-30 16:11:07
5424,425,25,DEPOSIT,30541.46,2024-04-21 08:48:52
5425,426,26,WITHDRAWAL,30252.01,2023-04-11 08:44:54
5426,427,27,TRANSFER,47514.43,2023-01-16 11:20:02
5427,428,28,DEPOSIT,40122.62,2023-01-17 09:39:44
5428,429,29,WITHDRAWAL,39023.87,2023-03-12 02:25:56
5429,430,30,TRANSFER,45612.31,2023-09-16 20:56:24
5430,431,31,DEPOSIT,3182.6,2024-03-05 10:41:41
5431,432,32,WITHDRAWAL,25937.26,2023-02-08 05:26:16
5432,433,33,TRANSFER,26778.28,2023-10-09 05:59:28
5433,434,34,DEPOSIT,41909.07,2023-05-02 22:33:35
5434,435,35,WITHDRAWAL,42987.54,2023-11-04 05:08:39
5435,436,36,TRANSFER,14516.47,2023-06-28 03:06:15
5436,437,37,DEPOSIT,45533.58,2023-05-06 08:47:30
5437,438,38,WITHDRAWAL,20675.63,2023-09-15 11:38:50
5438,439,39,TRANSFER,36669.38,2024-03-05 11:45:24
5439,440,40,DEPOSIT,1813.39,2023-01-11 14:17:04
5440,441,41,WITHDRAWAL,37758.54,2023-01-16 13:21:21
5441,442,42,TRANSFER,5135.01,2024-02-13 23:42:13
5442,443,43,DEPOSIT,39569.26,2023-11-06 02:05:27
5443,444,44,WITHDRAWAL,7855.71,2023-02-02 20:15:09
5444,445,45,TRANSFER,1221.98,2023-08-23 03:44:30
5445,446,46,DEPOSIT,38622.86,2024-05-05 13:02:52
5446,447,47,WITHDRAWAL,1698.56,2023-07-12 02:10:08
5447,448,48,TRANSFER,40651.66,2023-04-07 00:52:09
5448,449,49,DEPOSIT,32767.25,2023-10-21 11:45:36
5449,450,50,WITHDRAWAL,40916.61,2023-04-12 21:37:05
5450,451,51,TRANSFER,43100.56,2023-07-29 17:08:23
5451,452,52,DEPOSIT,3703.77,2023-03-01 10:34:05
5452,453,53,WITHDRAWAL,1017.51,2023-11-19 15:14:41
5453,454,54,TRANSFER,30247.54,2024-02-25 17:58:54
5454,455,55,DEPOSIT,4786.88,2023-04-28 22:38:37
5455,456,56,WITHDRAWAL,39633.07,2024-04-01 20:45:51
5456,457,57,TRANSFER,41575.27,2023-05-31 21:43:03
5457,458,58,DEPOSIT,39240.74,2023-08-31 11:38:16
5458,459,59,WITHDRAWAL,25622.66,2023-11-27 05:25:15
5459,460,60,TRANSFER,15114.68,2023-01-19 04:48:11
5460,461,61,DEPOSIT,10141.31,2023-12-23 10:37:16
5461,462,62,WITHDRAWAL,48463.43,2023-07-25 06:20:56
5462,463,63,TRANSFER,23575.3,2024-03-23 13:10:06
5463,464,64,DEPOSIT,21482.43,2023-08-15 05:04:55
5464,465,65,WITHDRAWAL,48344.65,2023-06-22 15:05:43
5465,466,66,TRANSFER,13935.11,2024-03-11 17:43:41
5466,467,67,DEPOSIT,45384.21,2023-08-09 22:01:43
5467,468,68,WITHDRAWAL,25334.61,2024-02-19 03:38:28
5468,469,69,TRANSFER,870.45,2023-10-25 00:36:29
5469,470,70,DEPOSIT,36380.6,2024-01-22 01:24:06
5470,471,71,WITHDRAWAL,38137.39,2023-10-17 12:20:01
5471,472,72,TRANSFER,22618.99,2023-03-26 02:56:18
5472,473,73,DEPOSIT,48759.78,2024-03-24 20:27:15
5473,474,74,WITHDRAWAL,38562.58,2023-11-05 15:06:54
5474,475,75,TRANSFER,18497.38,2023-12-14 06:16:25
5475,476,76,DEPOSIT,5456.33,2024-03-13 09:56:16
5476,477,77,WITHDRAWAL,16628.45,2023-08-30 06:11:12
5477,478,78,TRANSFER,48791.11,2024-05-04 06:26:41
5478,479,79,DEPOSIT,28048.66,2023-03-16 02:10:49
5479,480,80,WITHDRAWAL,43242.74,2023-06-11 07:28:10
5480,481,81,TRANSFER,29674.54,2024-01-16 10:44:50
5481,482,82,DEPOSIT,7075.11,2023-03-07 03:48:00
5482,483,83,WITHDRAWAL,41905.14,2024-04-23 20:10:40
5483,484,84,TRANSFER,36154.39,2024-02-11 12:59:19
5484,485,85,DEPOSIT,38031.47,2024-03-16 02:55:13
5485,486,86,WITHDRAWAL,38372.75,2023-02-15 18:35:23
5486,487,87,TRANSFER,20598.81,2023-07-15 18:03:54
5487,488,88,DEPOSIT,41717.83,2023-09-20 10:19:29
5488,489,89,WITHDRAWAL,16078.93,2023-01-29 08:35:25
5489,490,90,TRANSFER,29940.52,2024-03-15 02:11:10
5490,491,91,DEPOSIT,13414.56,2023-01-05 07:51:55
5491,492,92,WITHDRAWAL,37754.35,2023-06-12 12:13:16
5492,493,93,TRANSFER,27283.98,2024-01-15 14:31:46
5493,494,94,DEPOSIT,47974.17,2023-09-01 03:02:39
5494,495,95,WITHDRAWAL,16098.68,2023-07-03 02:29:59
5495,496,96,TRANSFER,25726.41,2024-01-11 03:42:15
5496,497,97,DEPOSIT,46062.31,2023-03-05 06:02:43
5497,498,98,WITHDRAWAL,34965.79,2023-11-27 15:39:39
5498,499,99,TRANSFER,6372.85,2023-10-19 19:17:44
5499,500,100,DEPOSIT,8113.03,2023-01-11 13:58:46
5500,501,101,WITHDRAWAL,8318.19,2023-04-05 08:30:29
5501,502,102,TRANSFER,43488.76,2023-12-06 21:28:43
5502,503,103,DEPOSIT,1962.71,2023-03-30 06:51:41
5503,504,104,WITHDRAWAL,24764.27,2023-11-26 11:19:47
5504,505,105,TRANSFER,40159.65,2024-05-01 08:33:35
5505,506,106,DEPOSIT,7001.87,2024-01-14 09:56:34
5506,507,107,WITHDRAWAL,20913.19,2024-02-29 22:24:16
5507,508,108,TRANSFER,14844.58,2023-01-08 04:35:29
5508,509,109,DEPOSIT,49787.26,2023-12-05 05:55:27
5509,510,110,WITHDRAWAL,26128.78,2023-07-30 13:48:45
5510,511,111,TRANSFER,44478.36,2024-04-22 18:18:14
5511,512,112,DEPOSIT,32514.53,2024-03-13 22:11:14
5512,513,113,WITHDRAWAL,14516.94,2023-04-20 22:04:45
5513,514,114,TRANSFER,40142.66,2023-06-08 19:26:41
5514,515,115,DEPOSIT,25973.8,2023-10-16 08:39:47
5515,516,116,WITHDRAWAL,23610.78,2023-07-15 03:26:28
5516,517,117,TRANSFER,46810.76,2023-06-13 14:11:16
5517,518,118,DEPOSIT,8220.27,2023-04-16 02:54:23
5518,519,119,WITHDRAWAL,500.96,2024-01-04 01:35:05
5519,520,120,TRANSFER,8969.5,2023-11-20 08:26:57
5520,521,121,DEPOSIT,3361.73,2024-01-01 10:38:00
5521,522,122,WITHDRAWAL,15598.91,2023-01-05 08:26:12
5522,523,123,TRANSFER,9971.39,2023-05-26 18:30:17
5523,524,124,DEPOSIT,26891.2,2023-03-14 21:27:02
5524,525,125,WITHDRAWAL,4744.78,2023-09-15 02:56:31
5525,526,126,TRANSFER,23440.02,2024-04-30 10:20:12
5526,527,127,DEPOSIT,3347.93,2023-05-02 12:29:44
5527,528,128,WITHDRAWAL,27962.21,2024-05-09 06:18:11
5528,529,129,TRANSFER,17254.42,2023-06-25 13:29:43
5529,530,130,DEPOSIT,46394.7,2023-01-11 23:23:33
5530,531,131,WITHDRAWAL,14216.54,2023-08-02 06:33:13
5531,532,132,TRANSFER,29227.57,2023-11-28 00:18:12
5532,533,133,DEPOSIT,18370.07,2023-08-26 11:35:56
5533,534,134,WITHDRAWAL,46716.05,2023-11-10 05:28:01
5534,535,135,TRANSFER,27055.44,2024-03-11 19:53:28
5535,536,136,DEPOSIT,10137.38,2024-05-27 03:30:08
5536,537,137,WITHDRAWAL,7629.57,2024-04-05 07:35:38
5537,538,138,TRANSFER,14006.48,2023-06-18 02:45:41
5538,539,139,DEPOSIT,28187.35,2023-07-24 05:30:44
5539,540,140,WITHDRAWAL,39846.26,2023-04-09 09:56:07
5540,541,141,TRANSFER,32245.06,2024-04-01 04:23:00
5541,542,142,DEPOSIT,16514.71,2023-10-25 10:38:25
5542,543,143,WITHDRAWAL,30242.71,2024-04-04 22:50:54
5543,544,144,TRANSFER,33428.16,2024-04-23 08:58:09
5544,545,145,DEPOSIT,10473.24,2024-01-03 16:56:35
5545,546,146,WITHDRAWAL,39170.41,2023-01-03 01:47:13
5546,547,147,TRANSFER,4576.0,2023-06-18 02:47:54
5547,548,148,DEPOSIT,7333.12,2024-04-22 15:00:30
5548,549,149,WITHDRAWAL,23778.45,2023-05-09 00:26:14
5549,550,150,TRANSFER,16173.66,2023-01-01 04:36:07
5550,551,151,DEPOSIT,6857.38,2023-02-10 12:52:37
5551,552,152,WITHDRAWAL,21276.03,2023-12-08 12:23:50
5552,553,153,TRANSFER,16361.2,2024-01-02 08:55:18
5553,554,154,DEPOSIT,38002.77,2024-01-24 15:40:04
5554,555,155,WITHDRAWAL,28011.66,2023-07-07 00:19:55
5555,556,156,TRANSFER,38698.24,2023-10-21 01:33:35
5556,557,157,DEPOSIT,17756.03,2024-01-04 12:54:39
5557,558,158,WITHDRAWAL,15855.43,2024-02-10 10:31:07
5558,559,159,TRANSFER,44165.45,2023-03-02 17:44:50
5559,560,160,DEPOSIT,47768.45,2023-06-16 03:22:23
5560,561,161,WITHDRAWAL,41681.91,2024-05-07 06:19:36
5561,562,162,TRANSFER,41995.41,2023-04-21 23:33:02
5562,563,163,DEPOSIT,22087.92,2024-03-11 08:12:49
5563,564,164,WITHDRAWAL,34271.53,2023-07-14 14:23:10
5564,565,165,TRANSFER,44989.11,2024-03-09 08:06:16
5565,566,166,DEPOSIT,17415.54,2024-05-21 11:52:41
5566,567,167,WITHDRAWAL,43308.26,2023-01-20 15:32:35
5567,568,168,TRANSFER,38539.53,2023-12-29 00:17:02
5568,569,169,DEPOSIT,36427.29,2023-09-26 17:45:00
5569,570,170,WITHDRAWAL,30852.54,2023-06-16 01:08:50
5570,571,171,TRANSFER,19129.05,2023-05-29 08:12:00
5571,572,172,DEPOSIT,46660.29,2023-05-20 00:54:22
5572,573,173,WITHDRAWAL,9799.85,2023-01-09 06:56:54
5573,574,174,TRANSFER,26304.87,2023-10-08 09:22:01
5574,575,175,DEPOSIT,29313.56,2023-01-05 08:39:45
5575,576,176,WITHDRAWAL,4714.48,2023-09-13 02:46:50
5576,577,177,TRANSFER,45791.2,2023-10-14 12:11:13
5577,578,178,DEPOSIT,46078.98,2024-01-26 12:44:50
5578,579,179,WITHDRAWAL,13658.66,2024-04-16 07:05:41
5579,580,180,TRANSFER,13754.82,2024-05-17 17:01:12
5580,581,181,DEPOSIT,19920.72,2024-01-07 20:15:53
5581,582,182,WITHDRAWAL,13715.95,2023-07-16 12:58:09
5582,583,183,TRANSFER,48557.32,2023-02-14 10:47:18
5583,584,184,DEPOSIT,43160.63,2023-01-24 15:11:27
5584,585,185,WITHDRAWAL,49861.61,2024-01-01 16:31:16
5585,586,186,TRANSFER,22729.49,2024-05-06 01:48:33
5586,587,187,DEPOSIT,23677.69,2023-05-15 23:19:32
5587,588,188,WITHDRAWAL,37531.81,2024-05-17 23:10:43
5588,589,189,TRANSFER,1919.3,2023-03-22 16:35:57
5589,590,190,DEPOSIT,30649.9,2023-01-23 09:33:36
5590,591,191,WITHDRAWAL,35284.92,2023-04-29 23:42:04
5591,592,192,TRANSFER,43546.95,2023-05-18 09:47:52
5592,593,193,DEPOSIT,4150.4,2023-04-13 06:06:01
5593,594,194,WITHDRAWAL,2811.84,2023-04-03 18:16:34
5594,595,195,TRANSFER,35532.44,2024-05-10 03:27:14
5595,596,196,DEPOSIT,4882.8,2023-09-02 01:47:38
5596,597,197,WITHDRAWAL,13881.13,2024-02-27 14:27:04
5597,598,198,TRANSFER,32758.71,2023-05-31 19:49:18
5598,599,199,DEPOSIT,16639.92,2023-01-13 22:50:03
5599,600,200,WITHDRAWAL,44887.85,2023-09-03 19:37:12
5600,601,1,TRANSFER,45287.18,2023-05-12 10:22:08
5601,602,2,DEPOSIT,36109.56,2024-03-31 19:37:48
5602,603,3,WITHDRAWAL,25821.86,2023-10-12 11:31:02
5603,604,4,TRANSFER,20824.77,2023-11-10 03:41:27
5604,605,5,DEPOSIT,3257.1,2023-02-17 18:08:01
5605,606,6,WITHDRAWAL,7384.22,2024-01-25 13:06:59
5606,607,7,TRANSFER,4207.6,2023-07-27 02:27:14
5607,608,8,DEPOSIT,2234.98,2023-12-11 09:33:14
5608,609,9,WITHDRAWAL,9942.18,2024-04-17 15:48:11
5609,610,10,TRANSFER,20468.48,2024-01-28 14:33:57
5610,611,11,DEPOSIT,37343.95,2024-05-08 10:50:41
5611,612,12,WITHDRAWAL,15565.11,2023-01-03 12:06:24
5612,613,13,TRANSFER,17540.73,2024-03-11 09:35:03
5613,614,14,DEPOSIT,23317.95,2023-09-23 05:08:08
5614,615,15,WITHDRAWAL,28313.8,2023-03-08 20:55:53
5615,616,16,TRANSFER,4417.22,2023-12-26 15:02:44
5616,617,17,DEPOSIT,9133.22,2023-03-12 08:11:34
5617,618,18,WITHDRAWAL,9291.09,2023-03-09 02:56:30
5618,619,19,TRANSFER,31334.98,2024-04-04 03:48:26
5619,620,20,DEPOSIT,38338.46,2023-01-16 14:49:42
5620,621,21,WITHDRAWAL,10884.12,2023-01-09 02:35:29
5621,622,22,TRANSFER,23022.85,2023-10-18 21:44:13
5622,623,23,DEPOSIT,15396.04,2023-07-11 15:25:12
5623,624,24,WITHDRAWAL,47133.44,2024-05-13 21:39:50
5624,625,25,TRANSFER,37372.95,2023-05-29 10:06:08
5625,626,26,DEPOSIT,15531.25,2023-04-14 02:21:22
5626,627,27,WITHDRAWAL,35298.64,2023-10-22 14:51:33
5627,628,28,TRANSFER,13955.38,2023-05-19 06:14:08
5628,629,29,DEPOSIT,15783.89,2024-03-14 21:06:29
5629,630,30,WITHDRAWAL,41765.41,2023-06-25 12:12:24
5630,631,31,TRANSFER,44179.59,2023-07-31 21:20:59
5631,632,32,DEPOSIT,48964.12,2023-05-18 13:36:30
5632,633,33,WITHDRAWAL,34880.93,2023-07-21 10:42:38
5633,634,34,TRANSFER,4629.68,2023-07-25 11:28:44
5634,635,35,DEPOSIT,28939.02,2023-10-03 20:32:01
5635,636,36,WITHDRAWAL,38620.8,2023-09-28 23:12:24
5636,637,37,TRANSFER,22489.16,2024-02-11 06:13:23
5637,638,38,DEPOSIT,34355.12,2024-05-05 03:11:05
5638,639,39,WITHDRAWAL,1846.19,2023-05-13 09:52:39
5639,640,40,TRANSFER,19290.18,2024-03-30 13:20:49
5640,641,41,DEPOSIT,28439.88,2024-02-22 20:05:31
5641,642,42,WITHDRAWAL,17352.61,2023-12-03 23:36:48
5642,643,43,TRANSFER,10380.27,2023-08-13 05:33:11
5643,644,44,DEPOSIT,27585.04,2024-01-27 06:51:53
5644,645,45,WITHDRAWAL,4546.97,2023-07-28 21:35:36
5645,646,46,TRANSFER,12918.11,2023-06-13 16:08:33
5646,647,47,DEPOSIT,13049.69,2023-12-30 06:20:23
5647,648,48,WITHDRAWAL,25856.32,2023-03-31 13:18:50
5648,649,49,TRANSFER,9329.41,2024-05-05 04:48:41
5649,650,50,DEPOSIT,23367.67,2023-04-19 14:20:44
5650,651,51,WITHDRAWAL,18620.41,2023-09-08 20:59:16
5651,652,52,TRANSFER,32918.66,2023-10-21 12:45:21
5652,653,53,DEPOSIT,16125.38,2023-01-27 07:00:20
5653,654,54,WITHDRAWAL,31477.31,2023-03-23 06:07:37
5654,655,55,TRANSFER,7945.94,2023-01-07 03:14:06
5655,656,56,DEPOSIT,16742.28,2024-01-05 07:53:11
5656,657,57,WITHDRAWAL,45149.96,2024-05-18 05:22:58
5657,658,58,TRANSFER,45658.31,2023-05-26 08:00:41
5658,659,59,DEPOSIT,8145.65,2023-08-26 21:23:29
5659,660,60,WITHDRAWAL,9316.17,2024-02-29 16:40:57
5660,661,61,TRANSFER,21956.05,2023-01-17 21:26:55
5661,662,62,DEPOSIT,22827.72,2024-04-23 22:29:12
5662,663,63,WITHDRAWAL,34727.98,2024-03-23 08:46:10
5663,664,64,TRANSFER,23683.87,2023-11-07 04:06:56
5664,665,65,DEPOSIT,12636.21,2023-07-09 04:49:22
5665,666,66,WITHDRAWAL,30051.09,2023-10-17 21:13:39
5666,667,67,TRANSFER,33931.01,2024-01-10 19:31:31
5667,668,68,DEPOSIT,2016.05,2023-08-22 03:38:09
5668,669,69,WITHDRAWAL,38161.02,2023-07-01 23:43:31
5669,670,70,TRANSFER,5401.69,2024-01-29 18:26:00
5670,671,71,DEPOSIT,38705.88,2023-11-27 19:14:37
5671,672,72,WITHDRAWAL,20043.5,2024-03-24 13:09:23
5672,673,73,TRANSFER,8209.66,2023-01-23 04:18:25
5673,674,74,DEPOSIT,46118.46,2023-05-10 05:38:10
5674,675,75,WITHDRAWAL,48262.13,2024-04-08 14:06:42
5675,676,76,TRANSFER,9931.12,2024-02-12 01:39:39
5676,677,77,DEPOSIT,37594.99,2024-03-17 04:04:07
5677,678,78,WITHDRAWAL,33173.69,2023-04-11 21:20:25
5678,679,79,TRANSFER,48516.55,2023-02-11 18:54:23
5679,680,80,DEPOSIT,39645.24,2023-08-29 05:16:35
5680,681,81,WITHDRAWAL,40076.47,2023-04-20 21:01:23
5681,682,82,TRANSFER,19805.73,2023-12-23 07:02:23
5682,683,83,DEPOSIT,52.15,2023-12-24 17:58:39
5683,684,84,WITHDRAWAL,10028.32,2023-04-25 13:25:54
5684,685,85,TRANSFER,15071.1,2023-05-14 15:35:17
5685,686,86,DEPOSIT,9237.84,2023-03-04 10:18:13
5686,687,87,WITHDRAWAL,21833.08,2023-06-07 22:11:47
5687,688,88,TRANSFER,7715.36,2023-07-10 02:08:41
5688,689,89,DEPOSIT,42284.96,2024-03-07 08:26:28
5689,690,90,WITHDRAWAL,257.19,2023-10-18 16:40:16
5690,691,91,TRANSFER,17242.15,2023-05-04 18:07:22
5691,692,92,DEPOSIT,27495.96,2024-01-01 16:21:39
5692,693,93,WITHDRAWAL,34942.0,2023-11-03 01:34:26
5693,694,94,TRANSFER,33425.16,2024-01-02 20:25:15
5694,695,95,DEPOSIT,35314.14,2023-12-26 23:58:03
5695,696,96,WITHDRAWAL,19384.82,2023-03-16 10:18:17
5696,697,97,TRANSFER,38154.58,2023-09-05 06:35:56
5697,698,98,DEPOSIT,20000.18,2023-04-14 17:06:36
5698,699,99,WITHDRAWAL,44902.08,2023-09-12 01:48:23
5699,700,100,TRANSFER,29850.97,2023-11-26 18:58:36
5700,701,101,DEPOSIT,3592.12,2024-02-19 20:37:42
5701,702,102,WITHDRAWAL,33497.14,2024-01-15 06:44:44
5702,703,103,TRANSFER,1354.54,2024-03-31 11:49:41
5703,704,104,DEPOSIT,8916.22,2024-04-17 15:40:42
5704,705,105,WITHDRAWAL,18462.94,2023-07-02 15:39:18
5705,706,106,TRANSFER,25077.78,2023-09-21 23:16:51
5706,707,107,DEPOSIT,30532.22,2023-01-02 05:40:06
5707,708,108,WITHDRAWAL,45730.15,2023-11-06 06:37:38
5708,709,109,TRANSFER,11511.37,2024-05-16 10:25:57
5709,710,110,DEPOSIT,9406.65,2024-01-24 07:44:15
5710,711,111,WITHDRAWAL,15103.88,2023-06-14 01:39:22
5711,712,112,TRANSFER,16985.94,2023-03-14 02:51:21
5712,713,113,DEPOSIT,9001.98,2024-05-23 00:16:52
5713,714,114,WITHDRAWAL,14255.36,2023-04-28 02:08:18
5714,715,115,TRANSFER,33766.89,2023-10-28 10:45:49
5715,716,116,DEPOSIT,1750.98,2024-01-09 08:00:13
5716,717,117,WITHDRAWAL,8984.1,2023-11-24 13:44:43
5717,718,118,TRANSFER,34120.17,2023-11-06 07:17:12
5718,719,119,DEPOSIT,23251.49,2023-03-24 16:00:33
5719,720,120,WITHDRAWAL,17320.88,2023-03-06 04:31:48
5720,721,121,TRANSFER,32796.87,2023-03-20 18:19:40
5721,722,122,DEPOSIT,40179.48,2023-11-11 03:56:00
5722,723,123,WITHDRAWAL,8052.58,2023-01-10 11:52:51
5723,724,124,TRANSFER,28738.36,2023-04-10 23:52:42
5724,725,125,DEPOSIT,34318.07,2023-10-26 06:05:51
5725,726,126,WITHDRAWAL,24312.11,2023-01-10 00:01:41
5726,727,127,TRANSFER,21128.63,2023-11-09 00:17:38
5727,728,128,DEPOSIT,15154.7,2023-02-12 08:09:50
5728,729,129,WITHDRAWAL,37105.83,2023-07-20 21:34:03
5729,730,130,TRANSFER,30185.77,2023-04-01 01:37:17
5730,731,131,DEPOSIT,25108.06,2023-12-16 17:38:24
5731,732,132,WITHDRAWAL,35604.05,2024-01-03 19:33:40
5732,733,133,TRANSFER,48588.79,2024-02-20 13:34:23
5733,734,134,DEPOSIT,39276.88,2023-03-28 17:43:10
5734,735,135,WITHDRAWAL,26590.26,2023-11-26 09:08:48
5735,736,136,TRANSFER,43517.01,2023-10-25 20:25:58
5736,737,137,DEPOSIT,7527.86,2023-03-04 03:28:40
5737,738,138,WITHDRAWAL,47410.58,2023-09-19 20:17:30
5738,739,139,TRANSFER,12899.25,2024-04-03 09:14:58
5739,740,140,DEPOSIT,40643.63,2024-02-04 22:21:44
5740,741,141,WITHDRAWAL,21750.05,2023-12-20 09:36:59
5741,742,142,TRANSFER,14092.88,2023-12-27 23:48:48
5742,743,143,DEPOSIT,43396.16,2023-04-05 09:52:59
5743,744,144,WITHDRAWAL,18361.54,2023-12-24 11:41:42
5744,745,145,TRANSFER,34322.52,2024-04-10 12:17:16
5745,746,146,DEPOSIT,21290.87,2023-07-15 23:42:45
5746,747,147,WITHDRAWAL,38344.02,2023-08-19 00:31:57
5747,748,148,TRANSFER,27142.0,2023-01-19 06:38:14
5748,749,149,DEPOSIT,14669.05,2023-05-19 19:44:05
5749,750,150,WITHDRAWAL,885.77,2023-11-20 22:33:58
5750,751,151,TRANSFER,14891.19,2023-09-10 03:35:21
5751,752,152,DEPOSIT,29792.99,2023-01-28 15:54:47
5752,753,153,WITHDRAWAL,36597.9,2023-10-05 11:31:11
5753,754,154,TRANSFER,36936.63,2024-02-17 15:33:47
5754,755,155,DEPOSIT,8769.93,2023-07-13 02:44:16
5755,756,156,WITHDRAWAL,4737.68,2024-02-20 12:50:49
5756,757,157,TRANSFER,31649.67,2023-04-23 08:21:55
5757,758,158,DEPOSIT,44636.91,2023-12-01 20:17:47
5758,759,159,WITHDRAWAL,48592.92,2023-09-26 06:28:00
5759,760,160,TRANSFER,12212.59,2024-04-24 10:12:31
5760,761,161,DEPOSIT,28457.72,2024-02-11 15:50:32
5761,762,162,WITHDRAWAL,3836.04,2023-02-01 13:36:10
5762,763,163,TRANSFER,1923.99,2023-10-17 13:24:31
5763,764,164,DEPOSIT,48842.4,2024-04-18 07:10:20
5764,765,165,WITHDRAWAL,40625.7,2024-05-10 09:43:25
5765,766,166,TRANSFER,19101.83,2023-03-20 13:03:50
5766,767,167,DEPOSIT,16895.26,2023-03-03 04:17:00
5767,768,168,WITHDRAWAL,37465.86,2024-05-09 13:42:49
5768,769,169,TRANSFER,20042.97,2023-11-25 04:31:42
5769,770,170,DEPOSIT,47518.44,2023-05-23 20:42:36
5770,771,171,WITHDRAWAL,36082.48,2023-07-19 12:10:48
5771,772,172,TRANSFER,41844.3,2023-03-03 13:56:50
5772,773,173,DEPOSIT,48258.35,2023-12-03 15:49:09
5773,774,174,WITHDRAWAL,28549.05,2023-05-29 20:29:46
5774,775,175,TRANSFER,30782.92,2023-08-24 12:05:02
5775,776,176,DEPOSIT,42713.64,2024-02-23 18:37:35
5776,777,177,WITHDRAWAL,34715.91,2023-07-09 07:52:26
5777,778,178,TRANSFER,18718.08,2023-02-07 22:16:47
5778,779,179,DEPOSIT,10768.31,2024-01-03 07:50:16
5779,780,180,WITHDRAWAL,13746.59,2023-12-06 09:15:25
5780,781,181,TRANSFER,13849.92,2023-05-25 05:57:00
5781,782,182,DEPOSIT,30235.08,2023-02-05 12:41:45
5782,783,183,WITHDRAWAL,33913.63,2023-05-21 18:56:20
5783,784,184,TRANSFER,262.5,2023-07-31 19:06:45
5784,785,185,DEPOSIT,945.76,2023-06-10 21:18:04
5785,786,186,WITHDRAWAL,32864.07,2023-11-18 19:34:29
5786,787,187,TRANSFER,13359.99,2023-08-02 10:03:32
5787,788,188,DEPOSIT,39515.01,2024-04-10 07:39:01
5788,789,189,WITHDRAWAL,15914.79,2024-05-08 02:35:09
5789,790,190,TRANSFER,11248.99,2023-06-21 21:46:21
5790,791,191,DEPOSIT,11060.68,2023-09-10 03:08:50
5791,792,192,WITHDRAWAL,14398.69,2024-04-19 21:03:58
5792,793,193,TRANSFER,41350.48,2024-04-18 06:28:34
5793,794,194,DEPOSIT,21044.03,2024-04-01 15:30:51
5794,795,195,WITHDRAWAL,16444.31,2024-04-07 07:54:20
5795,796,196,TRANSFER,23785.39,2023-10-30 04:13:19
5796,797,197,DEPOSIT,638.24,2024-03-09 03:28:56
5797,798,198,WITHDRAWAL,15988.94,2023-09-22 13:10:09
5798,799,199,TRANSFER,7597.41,2023-12-12 03:54:02
5799,800,200,DEPOSIT,10539.76,2024-01-23 13:33:41
5800,801,1,WITHDRAWAL,33652.57,2023-05-13 01:16:46
5801,802,2,TRANSFER,20152.88,2023-07-18 14:27:19
5802,803,3,DEPOSIT,42616.06,2024-05-28 04:18:45
5803,804,4,WITHDRAWAL,31572.89,2023-03-03 01:22:08
5804,805,5,TRANSFER,49247.51,2024-03-11 23:52:12
5805,806,6,DEPOSIT,10385.48,2023-03-06 12:56:49
5806,807,7,WITHDRAWAL,18465.88,2024-02-16 08:18:20
5807,808,8,TRANSFER,37545.37,2023-08-15 15:58:32
5808,809,9,DEPOSIT,33728.32,2023-12-17 16:33:17
5809,810,10,WITHDRAWAL,7803.47,2023-01-23 23:07:24
5810,811,11,TRANSFER,8345.05,2024-03-30 08:00:50
5811,812,12,DEPOSIT,28248.97,2023-10-01 02:47:26
5812,813,13,WITHDRAWAL,49791.33,2023-11-19 15:29:11
5813,814,14,TRANSFER,37571.91,2023-01-19 04:21:47
5814,815,15,DEPOSIT,27826.41,2023-08-09 12:02:59
5815,816,16,WITHDRAWAL,49484.12,2024-01-17 04:22:16
5816,817,17,TRANSFER,46059.6,2023-10-19 11:48:25
5817,818,18,DEPOSIT,18927.66,2023-04-13 07:01:02
5818,819,19,WITHDRAWAL,4858.02,2023-04-06 22:05:42
5819,820,20,TRANSFER,10573.15,2023-06-19 13:30:26
5820,821,21,DEPOSIT,28541.54,2023-03-27 22:20:39
5821,822,22,WITHDRAWAL,43246.02,2023-05-19 17:45:48
5822,823,23,TRANSFER,27508.02,2023-11-08 13:21:13
5823,824,24,DEPOSIT,37566.53,2023-10-01 10:12:52
5824,825,25,WITHDRAWAL,45023.94,2023-11-21 19:26:24
5825,826,26,TRANSFER,15976.98,2023-08-05 14:41:41
5826,827,27,DEPOSIT,31517.48,2023-10-10 02:04:00
5827,828,28,WITHDRAWAL,44239.05,2024-05-30 22:13:47
5828,829,29,TRANSFER,38090.04,2024-05-06 18:15:37
5829,830,30,DEPOSIT,25120.21,2023-09-04 19:45:25
5830,831,31,WITHDRAWAL,19614.75,2024-02-18 14:40:33
5831,832,32,TRANSFER,24746.71,2023-11-10 18:28:17
5832,833,33,DEPOSIT,14321.31,2023-12-27 07:58:57
5833,834,34,WITHDRAWAL,7856.82,2023-12-16 02:27:56
5834,835,35,TRANSFER,20008.72,2023-05-18 23:12:01
5835,836,36,DEPOSIT,26637.96,2023-01-03 14:12:47
5836,837,37,WITHDRAWAL,38149.12,2023-09-17 11:14:01
5837,838,38,TRANSFER,8621.81,2024-05-24 16:16:46
5838,839,39,DEPOSIT,19173.84,2023-03-18 08:52:30
5839,840,40,WITHDRAWAL,20910.81,2024-05-22 06:44:43
5840,841,41,TRANSFER,20520.59,2023-11-21 21:06:36
5841,842,42,DEPOSIT,1461.76,2024-05-09 07:40:13
5842,843,43,WITHDRAWAL,6937.22,2023-06-24 03:15:11
5843,844,44,TRANSFER,25173.03,2024-04-26 12:09:06
5844,845,45,DEPOSIT,29982.41,2023-03-04 12:44:13
5845,846,46,WITHDRAWAL,47275.0,2023-11-14 12:07:23
5846,847,47,TRANSFER,30494.53,2023-09-10 10:49:03
5847,848,48,DEPOSIT,28469.61,2023-05-10 07:01:05
5848,849,49,WITHDRAWAL,34221.31,2024-01-02 13:06:21
5849,850,50,TRANSFER,1145.75,2023-10-15 14:48:58
5850,851,51,DEPOSIT,44176.79,2024-04-12 01:50:17
5851,852,52,WITHDRAWAL,19473.08,2024-05-23 01:36:24
5852,853,53,TRANSFER,43173.28,2024-02-02 03:59:01
5853,854,54,DEPOSIT,22893.87,2023-05-06 08:19:39
5854,855,55,WITHDRAWAL,8768.8,2023-07-05 21:09:39
5855,856,56,TRANSFER,16142.98,2023-06-05 04:16:04
5856,857,57,DEPOSIT,3249.99,2023-08-16 13:34:43
5857,858,58,WITHDRAWAL,10358.29,2023-01-24 23:49:36
5858,859,59,TRANSFER,22965.05,2023-12-25 05:00:38
5859,860,60,DEPOSIT,22188.22,2024-04-13 13:22:34
5860,861,61,WITHDRAWAL,39839.71,2023-07-07 21:02:16
5861,862,62,TRANSFER,25015.74,2023-12-25 09:14:07
5862,863,63,DEPOSIT,40186.31,2023-03-28 08:07:19
5863,864,64,WITHDRAWAL,43605.55,2023-09-15 07:07:10
5864,865,65,TRANSFER,12250.72,2023-05-04 16:56:39
5865,866,66,DEPOSIT,354.1,2023-02-24 05:57:15
5866,867,67,WITHDRAWAL,34104.36,2023-01-26 02:32:10
5867,868,68,TRANSFER,43354.47,2023-11-12 14:51:05
5868,869,69,DEPOSIT,43109.83,2024-01-01 05:20:06
5869,870,70,WITHDRAWAL,39154.31,2023-02-24 15:42:36
5870,871,71,TRANSFER,44169.02,2023-07-21 23:17:47
5871,872,72,DEPOSIT,6057.89,2024-02-22 08:46:14
5872,873,73,WITHDRAWAL,32358.0,2024-04-16 10:52:11
5873,874,74,TRANSFER,35741.06,2024-02-19 21:39:56
5874,875,75,DEPOSIT,24045.57,2023-12-07 14:37:34
5875,876,76,WITHDRAWAL,14655.22,2023-02-16 10:29:48
5876,877,77,TRANSFER,41417.1,2023-11-06 10:39:12
5877,878,78,DEPOSIT,18175.03,2023-01-31 23:54:37
5878,879,79,WITHDRAWAL,31467.12,2024-02-02 08:09:50
5879,880,80,TRANSFER,21435.14,2023-12-08 19:02:54
5880,881,81,DEPOSIT,5190.11,2023-04-07 08:35:14
5881,882,82,WITHDRAWAL,37899.44,2023-07-23 21:20:16
5882,883,83,TRANSFER,37681.36,2024-03-26 08:28:43
5883,884,84,DEPOSIT,36102.49,2023-03-28 19:47:59
5884,885,85,WITHDRAWAL,20650.52,2023-10-12 15:23:36
5885,886,86,TRANSFER,7106.09,2023-09-21 22:58:35
5886,887,87,DEPOSIT,39779.7,2023-07-08 19:07:42
5887,888,88,WITHDRAWAL,13232.74,2023-06-13 04:16:04
5888,889,89,TRANSFER,32105.36,2023-09-14 08:07:28
5889,890,90,DEPOSIT,22917.52,2023-02-27 12:45:23
5890,891,91,WITHDRAWAL,37627.6,2024-01-17 19:39:29
5891,892,92,TRANSFER,17128.72,2023-07-21 22:44:34
5892,893,93,DEPOSIT,16539.75,2023-12-12 09:17:17
5893,894,94,WITHDRAWAL,34981.09,2023-12-16 19:37:12
5894,895,95,TRANSFER,13772.2,2024-03-17 08:35:49
5895,896,96,DEPOSIT,38068.52,2023-01-28 18:19:42
5896,897,97,WITHDRAWAL,26093.75,2023-04-25 23:22:00
5897,898,98,TRANSFER,11058.87,2023-01-21 03:33:56
5898,899,99,DEPOSIT,28181.34,2023-10-16 01:09:57
5899,900,100,WITHDRAWAL,15340.07,2023-08-15 04:42:09
5900,901,101,TRANSFER,28386.32,2023-05-03 22:58:17
5901,902,102,DEPOSIT,23769.49,2023-08-25 16:47:26
5902,903,103,WITHDRAWAL,33667.2,2023-12-08 15:37:42
5903,904,104,TRANSFER,37189.22,2023-04-30 22:59:39
5904,905,105,DEPOSIT,7334.84,2023-04-10 20:24:11
5905,906,106,WITHDRAWAL,42958.79,2023-08-16 01:28:47
5906,907,107,TRANSFER,31841.75,2023-07-19 20:31:37
5907,908,108,DEPOSIT,42547.45,2023-01-22 18:02:43
5908,909,109,WITHDRAWAL,15154.8,2024-03-29 00:12:07
5909,910,110,TRANSFER,613.22,2024-03-29 18:55:32
5910,911,111,DEPOSIT,36059.76,2023-10-10 20:28:04
5911,912,112,WITHDRAWAL,20298.17,2024-02-06 10:11:06
5912,913,113,TRANSFER,45001.2,2024-04-25 08:55:47
5913,914,114,DEPOSIT,32196.14,2023-09-25 08:36:19
5914,915,115,WITHDRAWAL,42632.0,2024-04-01 00:59:51
5915,916,116,TRANSFER,26171.64,2023-09-02 02:54:23
5916,917,117,DEPOSIT,43271.78,2023-10-21 14:02:03
5917,918,118,WITHDRAWAL,32422.34,2024-01-12 21:38:13
5918,919,119,TRANSFER,24107.8,2024-02-12 23:07:29
5919,920,120,DEPOSIT,44857.71,2024-01-11 22:23:04
5920,921,121,WITHDRAWAL,33440.55,2023-01-12 01:18:53
5921,922,122,TRANSFER,17124.93,2023-02-20 07:04:33
5922,923,123,DEPOSIT,10329.4,2023-08-29 05:55:27
5923,924,124,WITHDRAWAL,13922.99,2023-04-27 13:51:10
5924,925,125,TRANSFER,32503.33,2023-04-03 21:20:44
5925,926,126,DEPOSIT,24944.52,2023-10-04 21:40:08
5926,927,127,WITHDRAWAL,45636.0,2024-03-18 06:32:03
5927,928,128,TRANSFER,42000.46,2023-01-10 11:26:20
5928,929,129,DEPOSIT,44907.75,2024-02-12 02:16:25
5929,930,130,WITHDRAWAL,18184.38,2023-06-07 07:25:57
5930,931,131,TRANSFER,19930.58,2023-01-26 12:11:30
5931,932,132,DEPOSIT,47601.89,2023-03-18 18:30:41
5932,933,133,WITHDRAWAL,3369.21,2024-01-30 02:55:45
5933,934,134,TRANSFER,48083.19,2024-03-05 17:58:12
5934,935,135,DEPOSIT,43632.05,2024-02-22 15:59:48
5935,936,136,WITHDRAWAL,22337.18,2023-02-13 11:26:45
5936,937,137,TRANSFER,12406.12,2024-02-11 04:28:19
5937,938,138,DEPOSIT,39865.52,2023-07-18 21:31:45
5938,939,139,WITHDRAWAL,34488.05,2023-05-22 21:29:19
5939,940,140,TRANSFER,42877.56,2024-05-20 11:55:32
5940,941,141,DEPOSIT,34484.98,2023-06-27 08:33:53
5941,942,142,WITHDRAWAL,8879.76,2023-12-21 05:41:14
5942,943,143,TRANSFER,13295.51,2024-04-18 03:08:59
5943,944,144,DEPOSIT,4577.05,2023-08-04 12:32:16
5944,945,145,WITHDRAWAL,36669.53,2023-05-28 14:07:14
5945,946,146,TRANSFER,45307.99,2023-02-19 10:52:29
5946,947,147,DEPOSIT,26132.66,2023-04-13 22:53:28
5947,948,148,WITHDRAWAL,10394.52,2023-02-17 06:36:28
5948,949,149,TRANSFER,29288.01,2023-07-09 11:22:56
5949,950,150,DEPOSIT,23869.34,2024-03-27 11:39:58
5950,951,151,WITHDRAWAL,26851.31,2023-03-18 07:53:23
5951,952,152,TRANSFER,15949.73,2023-02-09 16:15:08
5952,953,153,DEPOSIT,3662.0,2024-05-07 08:51:31
5953,954,154,WITHDRAWAL,5829.16,2024-01-07 12:08:25
5954,955,155,TRANSFER,23807.03,2023-03-06 18:25:53
5955,956,156,DEPOSIT,27123.02,2023-03-19 13:49:18
5956,957,157,WITHDRAWAL,29918.71,2023-06-16 23:46:39
5957,958,158,TRANSFER,28470.77,2023-08-21 23:40:39
5958,959,159,DEPOSIT,21493.48,2024-03-27 19:55:35
5959,960,160,WITHDRAWAL,36001.87,2023-03-28 14:57:22
5960,961,161,TRANSFER,38872.02,2023-12-10 19:26:29
5961,962,162,DEPOSIT,29450.99,2023-06-01 07:18:43
5962,963,163,WITHDRAWAL,30724.52,2024-05-08 04:00:02
5963,964,164,TRANSFER,49611.96,2023-12-21 09:11:56
5964,965,165,DEPOSIT,37730.47,2023-07-15 12:55:07
5965,966,166,WITHDRAWAL,13544.45,2024-04-12 02:03:13
5966,967,167,TRANSFER,8834.83,2024-05-05 05:04:56
5967,968,168,DEPOSIT,24169.15,2024-01-30 00:37:35
5968,969,169,WITHDRAWAL,47572.27,2023-08-09 09:35:22
5969,970,170,TRANSFER,13217.35,2023-08-21 17:38:36
5970,971,171,DEPOSIT,12458.61,2024-02-18 08:44:28
5971,972,172,WITHDRAWAL,33895.35,2023-08-02 19:44:48
5972,973,173,TRANSFER,15447.11,2024-01-26 17:45:38
5973,974,174,DEPOSIT,5582.39,2023-12-08 19:00:39
5974,975,175,WITHDRAWAL,24384.15,2023-05-22 12:05:11
5975,976,176,TRANSFER,44669.43,2023-09-05 22:27:35
5976,977,177,DEPOSIT,23530.61,2024-01-31 18:39:42
5977,978,178,WITHDRAWAL,8947.97,2023-05-07 16:58:47
5978,979,179,TRANSFER,33652.08,2023-12-02 13:20:30
5979,980,180,DEPOSIT,46265.51,2023-03-15 10:52:29
5980,981,181,WITHDRAWAL,17128.16,2023-12-11 05:48:56
5981,982,182,TRANSFER,41129.66,2024-02-23 08:02:49
5982,983,183,DEPOSIT,38941.8,2023-05-31 08:52:54
5983,984,184,WITHDRAWAL,10668.69,2023-06-30 01:07:02
5984,985,185,TRANSFER,15276.14,2024-01-25 17:51:03
5985,986,186,DEPOSIT,23599.06,2024-02-16 23:21:49
5986,987,187,WITHDRAWAL,46378.3,2023-08-22 01:33:00
5987,988,188,TRANSFER,28554.71,2023-06-13 08:07:32
5988,989,189,DEPOSIT,16195.03,2023-05-01 01:54:32
5989,990,190,WITHDRAWAL,38322.21,2023-05-30 01:21:03
5990,991,191,TRANSFER,42619.34,2023-05-14 10:09:38
5991,992,192,DEPOSIT,33132.91,2024-04-18 21:31:16
5992,993,193,WITHDRAWAL,47835.78,2023-09-10 23:08:19
5993,994,194,TRANSFER,32678.0,2024-01-03 23:48:35
5994,995,195,DEPOSIT,38989.95,2023-11-20 19:45:00
5995,996,196,WITHDRAWAL,11443.89,2023-07-29 05:39:59
5996,997,197,TRANSFER,23604.36,2023-07-24 03:58:48
5997,998,198,DEPOSIT,18545.85,2023-08-24 19:51:07
5998,999,199,WITHDRAWAL,16692.77,2023-08-26 20:35:07
5999,1000,200,TRANSFER,41463.27,2023-10-02 21:47:59
6000,1,1,DEPOSIT,22490.9,2023-09-02 22:29:15
6001,2,2,WITHDRAWAL,28168.69,2023-11-27 08:07:39
6002,3,3,TRANSFER,293.57,2023-11-20 23:44:53
6003,4,4,DEPOSIT,2774.82,2023-11-10 20:37:04
6004,5,5,WITHDRAWAL,17687.06,2023-11-14 12:21:23
6005,6,6,TRANSFER,48749.54,2023-04-19 16:29:22
6006,7,7,DEPOSIT,983.79,2023-08-01 23:35:41
6007,8,8,WITHDRAWAL,10438.37,2023-06-07 01:31:31
6008,9,9,TRANSFER,14746.9,2023-07-18 18:52:06
6009,10,10,DEPOSIT,1193.71,2023-10-18 02:04:55
6010,11,11,WITHDRAWAL,39548.09,2023-11-29 01:08:48
6011,12,12,TRANSFER,27907.83,2023-09-10 23:12:39
6012,13,13,DEPOSIT,39875.76,2023-06-04 22:03:26
6013,14,14,WITHDRAWAL,25152.14,2024-04-24 16:04:30
6014,15,15,TRANSFER,5350.66,2023-08-01 19:02:27
6015,16,16,DEPOSIT,8029.29,2023-07-08 20:25:02
6016,17,17,WITHDRAWAL,47075.29,2024-01-08 13:56:00
6017,18,18,TRANSFER,23498.89,2024-04-05 13:12:27
6018,19,19,DEPOSIT,39063.58,2023-02-05 17:30:04
6019,20,20,WITHDRAWAL,34393.17,2023-10-30 23:18:05
6020,21,21,TRANSFER,12499.81,2024-01-14 07:06:31
6021,22,22,DEPOSIT,29309.86,2024-04-16 05:47:52
6022,23,23,WITHDRAWAL,5080.98,2023-02-16 01:44:44
6023,24,24,TRANSFER,17141.17,2024-05-11 19:32:33
6024,25,25,DEPOSIT,18478.75,2024-02-22 19:06:10
6025,26,26,WITHDRAWAL,5560.43,2023-08-09 18:31:50
6026,27,27,TRANSFER,44043.68,2023-04-15 07:14:55
6027,28,28,DEPOSIT,16234.03,2023-02-27 11:15:01
6028,29,29,WITHDRAWAL,41217.29,2023-11-18 09:22:09
6029,30,30,TRANSFER,29494.52,2023-04-27 20:01:26
6030,31,31,DEPOSIT,10007.72,2024-03-21 21:46:41
6031,32,32,WITHDRAWAL,21918.68,2023-03-10 08:32:06
6032,33,33,TRANSFER,28640.93,2023-09-12 15:25:11
6033,34,34,DEPOSIT,13043.35,2024-05-28 04:10:08
6034,35,35,WITHDRAWAL,40867.33,2024-02-17 11:04:10
6035,36,36,TRANSFER,7031.97,2023-01-17 23:20:50
6036,37,37,DEPOSIT,43537.56,2023-02-22 19:41:04
6037,38,38,WITHDRAWAL,47860.43,2023-09-01 20:39:41
6038,39,39,TRANSFER,45256.12,2023-10-08 13:48:28
6039,40,40,DEPOSIT,37366.19,2023-12-13 07:04:00
6040,41,41,WITHDRAWAL,9215.16,2023-06-16 20:24:04
6041,42,42,TRANSFER,11391.84,2023-12-30 18:14:12
6042,43,43,DEPOSIT,16657.27,2023-10-09 07:58:05
6043,44,44,WITHDRAWAL,12775.34,2023-07-21 04:35:28
6044,45,45,TRANSFER,7022.09,2023-01-18 23:19:45
6045,46,46,DEPOSIT,20544.84,2024-05-13 20:13:32
6046,47,47,WITHDRAWAL,40305.18,2023-11-04 19:42:58
6047,48,48,TRANSFER,41585.41,2023-02-07 07:21:51
6048,49,49,DEPOSIT,45649.98,2023-02-16 19:49:08
6049,50,50,WITHDRAWAL,18679.98,2024-02-02 21:14:58
6050,51,51,TRANSFER,21865.97,2024-03-15 09:41:03
6051,52,52,DEPOSIT,47989.82,2023-01-25 22:05:21
6052,53,53,WITHDRAWAL,39508.97,2023-09-12 01:01:36
6053,54,54,TRANSFER,14139.49,2024-01-18 03:43:16
6054,55,55,DEPOSIT,31722.35,2023-09-17 05:35:55
6055,56,56,WITHDRAWAL,28269.69,2023-02-28 16:24:07
6056,57,57,TRANSFER,39031.6,2024-03-09 15:17:30
6057,58,58,DEPOSIT,7919.61,2024-02-18 00:46:13
6058,59,59,WITHDRAWAL,42316.5,2024-02-03 20:20:25
6059,60,60,TRANSFER,28700.52,2023-03-10 03:24:37
6060,61,61,DEPOSIT,30505.47,2023-12-30 20:28:52
6061,62,62,WITHDRAWAL,37597.85,2023-05-29 06:24:00
6062,63,63,TRANSFER,40889.61,2023-12-01 17:25:45
6063,64,64,DEPOSIT,22569.92,2023-12-28 17:33:35
6064,65,65,WITHDRAWAL,32525.68,2023-04-29 05:18:45
6065,66,66,TRANSFER,9091.87,2023-02-26 17:17:57
6066,67,67,DEPOSIT,16997.09,2024-03-22 18:56:53
6067,68,68,WITHDRAWAL,39057.83,2024-02-14 21:18:04
6068,69,69,TRANSFER,44470.96,2023-12-02 20:28:02
6069,70,70,DEPOSIT,28741.14,2023-11-08 19:52:11
6070,71,71,WITHDRAWAL,31188.25,2023-01-05 22:26:46
6071,72,72,TRANSFER,953.39,2023-10-30 21:08:53
6072,73,73,DEPOSIT,16125.99,2023-06-24 22:35:25
6073,74,74,WITHDRAWAL,12950.06,2023-04-27 21:25:43
6074,75,75,TRANSFER,29222.98,2023-06-23 02:58:13
6075,76,76,DEPOSIT,26622.89,2023-09-11 16:37:28
6076,77,77,WITHDRAWAL,33273.44,2024-05-22 16:13:25
6077,78,78,TRANSFER,46268.57,2024-03-22 04:18:29
6078,79,79,DEPOSIT,7638.71,2024-03-24 01:22:36
6079,80,80,WITHDRAWAL,10315.15,2023-04-26 04:12:37
6080,81,81,TRANSFER,5053.82,2023-05-22 01:01:18
6081,82,82,DEPOSIT,30100.05,2024-02-19 07:42:27
6082,83,83,WITHDRAWAL,38975.37,2023-01-31 15:26:58
6083,84,84,TRANSFER,17432.49,2024-02-24 11:45:03
6084,85,85,DEPOSIT,16379.78,2023-02-23 19:13:41
6085,86,86,WITHDRAWAL,46423.99,2023-09-02 22:17:37
6086,87,87,TRANSFER,10448.27,2024-05-26 05:07:22
6087,88,88,DEPOSIT,8172.81,2023-08-24 07:00:55
6088,89,89,WITHDRAWAL,11656.61,2023-07-30 13:15:32
6089,90,90,TRANSFER,38619.54,2023-06-18 17:34:08
6090,91,91,DEPOSIT,6874.24,2023-01-22 04:50:33
6091,92,92,WITHDRAWAL,6164.27,2023-12-08 11:30:04
6092,93,93,TRANSFER,1280.94,2023-10-19 08:37:50
6093,94,94,DEPOSIT,19027.02,2023-06-12 00:17:38
6094,95,95,WITHDRAWAL,21932.96,2023-12-14 01:11:11
6095,96,96,TRANSFER,10289.56,2023-06-04 06:52:32
6096,97,97,DEPOSIT,29514.96,2023-10-23 13:07:30
6097,98,98,WITHDRAWAL,4651.66,2023-04-07 19:37:54
6098,99,99,TRANSFER,25340.1,2023-05-17 00:02:26
6099,100,100,DEPOSIT,36228.67,2024-03-25 04:21:33
6100,101,101,WITHDRAWAL,8152.52,2023-04-05 12:43:20
6101,102,102,TRANSFER,6026.71,2023-06-12 19:56:06
6102,103,103,DEPOSIT,37034.69,2024-01-15 21:38:30
6103,104,104,WITHDRAWAL,37486.63,2023-10-06 08:52:49
6104,105,105,TRANSFER,20762.24,2023-09-04 03:03:48
6105,106,106,DEPOSIT,49257.75,2023-06-13 08:47:16
6106,107,107,WITHDRAWAL,17999.33,2024-01-29 17:29:26
6107,108,108,TRANSFER,25441.68,2023-07-18 06:50:55
6108,109,109,DEPOSIT,817.11,2023-12-21 22:14:07
6109,110,110,WITHDRAWAL,40172.55,2023-10-23 04:15:23
6110,111,111,TRANSFER,48078.82,2023-11-07 22:17:18
6111,112,112,DEPOSIT,17740.51,2023-03-19 17:21:57
6112,113,113,WITHDRAWAL,41828.37,2023-08-29 18:28:41
6113,114,114,TRANSFER,47297.57,2023-12-04 05:07:18
6114,115,115,DEPOSIT,15041.71,2024-05-21 10:11:42
6115,116,116,WITHDRAWAL,32525.13,2023-03-07 14:17:22
6116,117,117,TRANSFER,43798.33,2023-10-30 16:16:38
6117,118,118,DEPOSIT,47565.94,2023-01-13 07:27:57
6118,119,119,WITHDRAWAL,36484.16,2023-08-02 09:04:47
6119,120,120,TRANSFER,2278.02,2023-09-09 02:12:25
6120,121,121,DEPOSIT,8876.15,2023-07-13 09:39:41
6121,122,122,WITHDRAWAL,6406.14,2023-01-08 04:52:44
6122,123,123,TRANSFER,7019.62,2023-05-01 23:32:43
6123,124,124,DEPOSIT,38116.77,2023-12-31 21:56:36
6124,125,125,WITHDRAWAL,29814.26,2023-02-17 12:30:18
6125,126,126,TRANSFER,43318.59,2023-06-12 23:25:57
6126,127,127,DEPOSIT,14661.3,2024-05-28 09:02:30
6127,128,128,WITHDRAWAL,20749.67,2024-04-24 16:03:36
6128,129,129,TRANSFER,20967.77,2023-05-03 07:41:24
6129,130,130,DEPOSIT,46815.22,2023-05-16 15:28:42
6130,131,131,WITHDRAWAL,37100.91,2023-04-28 13:56:13
6131,132,132,TRANSFER,18259.75,2023-05-22 01:32:35
6132,133,133,DEPOSIT,39329.97,2023-03-26 23:12:24
6133,134,134,WITHDRAWAL,24882.79,2023-01-24 06:52:12
6134,135,135,TRANSFER,20188.68,2023-08-26 17:27:42
6135,136,136,DEPOSIT,45449.95,2023-10-17 20:39:22
6136,137,137,WITHDRAWAL,31099.46,2023-07-25 23:20:18
6137,138,138,TRANSFER,39165.61,2023-01-23 02:52:18
6138,139,139,DEPOSIT,1434.56,2023-09-15 13:08:14
6139,140,140,WITHDRAWAL,1720.8,2024-01-01 10:47:56
6140,141,141,TRANSFER,45679.71,2023-04-23 02:42:27
6141,142,142,DEPOSIT,26978.35,2023-02-06 02:48:45
6142,143,143,WITHDRAWAL,36128.91,2024-04-09 20:59:16
6143,144,144,TRANSFER,7917.05,2023-05-12 20:11:14
6144,145,145,DEPOSIT,17439.83,2023-01-12 14:28:23
6145,146,146,WITHDRAWAL,4615.27,2023-06-22 23:25:22
6146,147,147,TRANSFER,5629.41,2023-02-21 12:24:04
6147,148,148,DEPOSIT,23227.02,2024-01-05 11:29:33
6148,149,149,WITHDRAWAL,42808.46,2023-11-19 09:35:35
6149,150,150,TRANSFER,22026.39,2024-02-21 21:19:12
6150,151,151,DEPOSIT,40473.16,2024-04-13 13:47:17
6151,152,152,WITHDRAWAL,15578.43,2023-01-01 13:27:07
6152,153,153,TRANSFER,44978.45,2023-12-31 15:52:17
6153,154,154,DEPOSIT,6418.65,2023-07-19 12:14:51
6154,155,155,WITHDRAWAL,27003.9,2024-05-24 19:42:11
6155,156,156,TRANSFER,33424.91,2024-04-21 14:30:41
6156,157,157,DEPOSIT,23894.71,2023-03-16 20:59:39
6157,158,158,WITHDRAWAL,9822.39,2024-03-19 16:40:36
6158,159,159,TRANSFER,25741.55,2023-06-20 08:15:20
6159,160,160,DEPOSIT,11285.34,2023-04-21 18:10:24
6160,161,161,WITHDRAWAL,37161.83,2023-03-05 20:06:49
6161,162,162,TRANSFER,14122.17,2023-11-10 16:05:45
6162,163,163,DEPOSIT,5270.36,2024-04-22 16:42:08
6163,164,164,WITHDRAWAL,12541.03,2023-06-25 17:06:35
6164,165,165,TRANSFER,15062.4,2024-05-27 03:32:08
6165,166,166,DEPOSIT,33421.13,2023-12-25 23:05:05
6166,167,167,WITHDRAWAL,25850.05,2024-02-08 19:57:14
6167,168,168,TRANSFER,37997.08,2023-07-27 04:07:50
6168,169,169,DEPOSIT,16403.92,2023-04-13 07:11:53
6169,170,170,WITHDRAWAL,33063.48,2023-10-19 02:13:55
6170,171,171,TRANSFER,36823.15,2024-03-26 00:12:45
6171,172,172,DEPOSIT,37399.32,2023-01-27 14:00:21
6172,173,173,WITHDRAWAL,31597.69,2023-10-27 01:28:46
6173,174,174,TRANSFER,48976.74,2023-06-03 17:03:05
6174,175,175,DEPOSIT,7156.29,2023-01-12 02:58:35
6175,176,176,WITHDRAWAL,41770.6,2023-01-27 11:55:54
6176,177,177,TRANSFER,8102.64,2023-07-04 17:27:36
6177,178,178,DEPOSIT,595.51,2023-09-08 12:26:21
6178,179,179,WITHDRAWAL,24197.4,2024-01-09 10:19:16
6179,180,180,TRANSFER,9395.54,2023-09-25 02:47:37
6180,181,181,DEPOSIT,20288.79,2024-03-24 07:48:55
6181,182,182,WITHDRAWAL,22665.15,2023-06-16 20:50:12
6182,183,183,TRANSFER,27298.51,2023-07-24 03:02:00
6183,184,184,DEPOSIT,37250.57,2023-04-02 12:18:27
6184,185,185,WITHDRAWAL,38427.87,2024-05-24 02:40:09
6185,186,186,TRANSFER,16869.36,2023-09-20 00:39:58
6186,187,187,DEPOSIT,12771.67,2023-05-25 17:14:43
6187,188,188,WITHDRAWAL,38602.67,2024-01-14 12:57:30
6188,189,189,TRANSFER,33165.77,2023-12-21 10:20:48
6189,190,190,DEPOSIT,38165.83,2023-09-23 22:19:58
6190,191,191,WITHDRAWAL,3165.26,2023-07-24 04:07:40
6191,192,192,TRANSFER,21331.46,2023-10-11 19:57:51
6192,193,193,DEPOSIT,48238.03,2023-01-20 17:45:03
6193,194,194,WITHDRAWAL,4738.23,2023-04-09 01:03:49
6194,195,195,TRANSFER,41505.6,2023-12-22 07:10:38
6195,196,196,DEPOSIT,27527.73,2023-04-04 10:08:22
6196,197,197,WITHDRAWAL,6323.7,2023-08-18 16:29:52
6197,198,198,TRANSFER,15358.45,2023-09-28 00:11:08
6198,199,199,DEPOSIT,27669.39,2023-12-05 18:41:17
6199,200,200,WITHDRAWAL,48314.96,2023-03-06 10:37:17
6200,201,1,TRANSFER,9138.79,2024-01-28 00:43:55
6201,202,2,DEPOSIT,9751.95,2024-02-01 19:57:08
6202,203,3,WITHDRAWAL,38797.81,2023-06-22 07:42:57
6203,204,4,TRANSFER,36673.28,2023-06-04 07:36:35
6204,205,5,DEPOSIT,26283.48,2023-10-02 21:51:16
6205,206,6,WITHDRAWAL,28148.52,2023-04-28 21:13:12
6206,207,7,TRANSFER,26257.01,2024-02-17 02:23:02
6207,208,8,DEPOSIT,18139.18,2024-02-19 02:45:10
6208,209,9,WITHDRAWAL,34687.8,2023-06-28 23:24:22
6209,210,10,TRANSFER,8346.01,2024-02-17 08:08:07
6210,211,11,DEPOSIT,5015.9,2023-05-04 07:18:38
6211,212,12,WITHDRAWAL,31749.02,2023-05-09 15:40:11
6212,213,13,TRANSFER,11320.61,2024-04-25 03:47:23
6213,214,14,DEPOSIT,27045.67,2023-04-29 02:26:15
6214,215,15,WITHDRAWAL,21206.55,2024-04-18 12:59:22
6215,216,16,TRANSFER,13928.28,2023-06-07 01:12:32
6216,217,17,DEPOSIT,14831.86,2023-11-08 08:48:41
6217,218,18,WITHDRAWAL,48600.72,2024-02-10 06:05:53
6218,219,19,TRANSFER,23405.53,2024-01-06 03:27:29
6219,220,20,DEPOSIT,36080.17,2023-04-16 17:27:30
6220,221,21,WITHDRAWAL,27.68,2023-08-22 00:16:43
6221,222,22,TRANSFER,35419.97,2023-07-15 05:06:59
6222,223,23,DEPOSIT,10445.65,2023-08-31 00:44:41
6223,224,24,WITHDRAWAL,29703.31,2024-04-21 05:20:03
6224,225,25,TRANSFER,2970.52,2023-02-21 21:31:05
6225,226,26,DEPOSIT,7023.76,2023-11-15 17:57:15
6226,227,27,WITHDRAWAL,41123.84,2024-01-09 13:13:28
6227,228,28,TRANSFER,19568.0,2023-07-08 07:50:20
6228,229,29,DEPOSIT,32307.77,2023-05-04 20:13:59
6229,230,30,WITHDRAWAL,29574.91,2023-10-31 16:45:43
6230,231,31,TRANSFER,41718.11,2023-07-13 01:44:31
6231,232,32,DEPOSIT,11322.99,2023-02-24 18:48:18
6232,233,33,WITHDRAWAL,7030.61,2023-08-03 13:04:27
6233,234,34,TRANSFER,6182.34,2023-11-08 19:23:38
6234,235,35,DEPOSIT,47217.61,2024-03-31 02:31:18
6235,236,36,WITHDRAWAL,10299.5,2023-04-28 22:37:06
6236,237,37,TRANSFER,33615.18,2023-04-21 14:41:08
6237,238,38,DEPOSIT,548.34,2023-09-12 08:28:22
6238,239,39,WITHDRAWAL,26035.81,2023-04-02 02:28:53
6239,240,40,TRANSFER,5139.58,2024-02-12 04:33:35
6240,241,41,DEPOSIT,29926.34,2024-05-03 04:56:30
6241,242,42,WITHDRAWAL,33024.47,2023-06-30 08:10:14
6242,243,43,TRANSFER,41113.8,2023-08-21 02:26:59
6243,244,44,DEPOSIT,37148.16,2024-02-25 09:48:28
6244,245,45,WITHDRAWAL,7692.29,2023-12-19 22:01:22
6245,246,46,TRANSFER,43763.02,2023-09-23 03:43:55
6246,247,47,DEPOSIT,19081.27,2023-02-01 19:45:59
6247,248,48,WITHDRAWAL,5650.75,2023-07-18 09:58:38
6248,249,49,TRANSFER,21301.27,2023-12-29 08:40:08
6249,250,50,DEPOSIT,43813.35,2023-05-11 20:14:51
6250,251,51,WITHDRAWAL,37925.39,2024-01-14 12:00:25
6251,252,52,TRANSFER,26146.74,2023-06-24 11:28:13
6252,253,53,DEPOSIT,49880.29,2023-03-10 19:07:10
6253,254,54,WITHDRAWAL,47987.12,2024-04-13 14:37:35
6254,255,55,TRANSFER,12072.22,2023-10-09 14:24:37
6255,256,56,DEPOSIT,41837.09,2024-01-20 02:44:27
6256,257,57,WITHDRAWAL,21089.49,2023-12-02 21:57:41
6257,258,58,TRANSFER,5268.45,2024-05-10 14:17:55
6258,259,59,DEPOSIT,42117.83,2023-08-06 15:22:22
6259,260,60,WITHDRAWAL,45237.52,2023-08-03 06:30:29
6260,261,61,TRANSFER,25396.1,2024-05-12 07:24:45
6261,262,62,DEPOSIT,33352.25,2023-11-22 22:45:23
6262,263,63,WITHDRAWAL,49154.5,2023-07-15 03:37:19
6263,264,64,TRANSFER,656.18,2023-03-06 12:58:21
6264,265,65,DEPOSIT,12144.78,2024-01-13 03:17:05
6265,266,66,WITHDRAWAL,11077.19,2024-01-20 11:01:22
6266,267,67,TRANSFER,33284.77,2023-12-03 22:00:12
6267,268,68,DEPOSIT,49865.15,2023-03-22 18:03:23
6268,269,69,WITHDRAWAL,28037.93,2024-01-14 22:24:22
6269,270,70,TRANSFER,18797.36,2024-03-15 07:55:21
6270,271,71,DEPOSIT,43520.97,2024-02-08 02:14:31
6271,272,72,WITHDRAWAL,2114.64,2023-10-25 03:56:34
6272,273,73,TRANSFER,29521.25,2023-03-25 17:29:39
6273,274,74,DEPOSIT,47704.03,2024-05-14 04:22:55
6274,275,75,WITHDRAWAL,4754.73,2024-03-23 02:26:15
6275,276,76,TRANSFER,18041.43,2023-07-05 08:05:35
6276,277,77,DEPOSIT,21097.25,2024-04-13 23:45:19
6277,278,78,WITHDRAWAL,35917.27,2023-11-02 19:56:26
6278,279,79,TRANSFER,17371.75,2023-01-31 23:08:09
6279,280,80,DEPOSIT,42613.13,2023-12-08 22:45:47
6280,281,81,WITHDRAWAL,43171.93,2024-03-21 07:55:26
6281,282,82,TRANSFER,47010.45,2023-01-29 22:52:45
6282,283,83,DEPOSIT,37221.87,2024-05-02 20:58:28
6283,284,84,WITHDRAWAL,33456.73,2023-12-02 09:17:09
6284,285,85,TRANSFER,10809.82,2023-01-20 21:58:29
6285,286,86,DEPOSIT,1216.98,2023-05-21 09:11:41
6286,287,87,WITHDRAWAL,4949.22,2023-09-13 12:18:02
6287,288,88,TRANSFER,40096.74,2023-11-17 02:55:09
6288,289,89,DEPOSIT,42473.01,2023-12-21 16:04:22
6289,290,90,WITHDRAWAL,17935.86,2023-07-16 21:50:51
6290,291,91,TRANSFER,17625.4,2023-09-25 05:33:06
6291,292,92,DEPOSIT,13838.86,2023-07-13 04:07:27
6292,293,93,WITHDRAWAL,16232.38,2023-02-07 03:02:24
6293,294,94,TRANSFER,13166.05,2024-05-08 01:39:58
6294,295,95,DEPOSIT,10476.96,2023-05-05 17:39:14
6295,296,96,WITHDRAWAL,32417.86,2024-03-01 01:59:45
6296,297,97,TRANSFER,37668.42,2023-11-08 17:09:47
6297,298,98,DEPOSIT,42237.55,2023-05-14 15:23:37
6298,299,99,WITHDRAWAL,16694.83,2023-03-11 00:38:48
6299,300,100,TRANSFER,26916.36,2024-04-23 18:34:46
6300,301,101,DEPOSIT,15833.54,2023-06-26 18:13:46
6301,302,102,WITHDRAWAL,5073.9,2023-08-26 13:10:50
6302,303,103,TRANSFER,31976.19,2023-03-12 05:47:01
6303,304,104,DEPOSIT,31093.77,2023-09-01 01:19:57
6304,305,105,WITHDRAWAL,9317.75,2024-05-11 16:40:41
6305,306,106,TRANSFER,10115.43,2023-10-25 05:58:39
6306,307,107,DEPOSIT,17536.19,2024-01-13 01:16:09
6307,308,108,WITHDRAWAL,44790.05,2023-12-07 00:36:26
6308,309,109,TRANSFER,47965.82,2023-05-04 16:01:36
6309,310,110,DEPOSIT,806.21,2023-09-08 16:40:42
6310,311,111,WITHDRAWAL,29096.52,2023-05-28 09:56:14
6311,312,112,TRANSFER,35014.41,2024-01-29 02:44:49
6312,313,113,DEPOSIT,14817.22,2024-03-11 08:12:11
6313,314,114,WITHDRAWAL,26917.34,2024-03-10 21:41:19
6314,315,115,TRANSFER,30927.36,2023-11-06 02:43:17
6315,316,116,DEPOSIT,9938.99,2023-02-28 23:32:15
6316,317,117,WITHDRAWAL,35586.16,2023-03-12 07:49:45
6317,318,118,TRANSFER,20237.81,2024-05-30 02:45:39
6318,319,119,DEPOSIT,7296.81,2023-07-24 13:34:24
6319,320,120,WITHDRAWAL,26646.06,2023-09-22 05:06:56
6320,321,121,TRANSFER,6660.28,2023-11-05 04:04:54
6321,322,122,DEPOSIT,5190.27,2023-10-27 05:23:49
6322,323,123,WITHDRAWAL,30674.87,2023-08-17 06:55:17
6323,324,124,TRANSFER,16198.58,2023-03-05 20:32:07
6324,325,125,DEPOSIT,22132.38,2023-06-24 15:02:20
6325,326,126,WITHDRAWAL,12302.72,2023-02-01 16:03:39
6326,327,127,TRANSFER,33379.39,2023-05-01 09:37:46
6327,328,128,DEPOSIT,1327.7,2023-08-01 15:47:01
6328,329,129,WITHDRAWAL,41664.07,2023-06-24 08:23:52
6329,330,130,TRANSFER,12275.13,2023-06-20 01:59:34
6330,331,131,DEPOSIT,22023.39,2023-06-25 09:49:32
6331,332,132,WITHDRAWAL,7277.38,2023-06-17 17:56:13
6332,333,133,TRANSFER,12191.57,2023-08-19 12:37:30
6333,334,134,DEPOSIT,42877.99,2023-01-17 03:15:16
6334,335,135,WITHDRAWAL,41898.16,2024-01-11 08:52:01
6335,336,136,TRANSFER,27820.55,2023-11-18 23:19:18
6336,337,137,DEPOSIT,9620.03,2024-03-17 05:53:06
6337,338,138,WITHDRAWAL,42396.76,2023-05-25 12:22:23
6338,339,139,TRANSFER,19986.85,2024-03-27 04:40:44
6339,340,140,DEPOSIT,44431.32,2024-03-22 23:17:36
6340,341,141,WITHDRAWAL,37342.17,2023-10-28 16:08:15
6341,342,142,TRANSFER,40173.27,2023-10-10 16:52:20
6342,343,143,DEPOSIT,21571.42,2023-07-24 17:03:53
6343,344,144,WITHDRAWAL,45003.64,2023-10-11 03:02:35
6344,345,145,TRANSFER,16014.53,2023-07-02 07:14:00
6345,346,146,DEPOSIT,3861.25,2023-10-05 08:20:42
6346,347,147,WITHDRAWAL,16089.91,2023-04-15 11:07:39
6347,348,148,TRANSFER,39779.9,2023-07-11 18:27:46
6348,349,149,DEPOSIT,6446.95,2024-03-25 16:34:05
6349,350,150,WITHDRAWAL,35420.61,2024-01-30 03:37:30
6350,351,151,TRANSFER,15681.1,2024-02-20 19:49:55
6351,352,152,DEPOSIT,11398.94,2024-04-14 05:05:00
6352,353,153,WITHDRAWAL,35881.05,2023-09-28 13:34:48
6353,354,154,TRANSFER,48824.89,2024-05-15 23:02:12
6354,355,155,DEPOSIT,23269.67,2023-06-23 22:59:16
6355,356,156,WITHDRAWAL,41832.3,2024-03-22 00:57:59
6356,357,157,TRANSFER,30944.11,2023-12-24 11:28:27
6357,358,158,DEPOSIT,29557.24,2024-01-22 03:13:47
6358,359,159,WITHDRAWAL,47658.67,2023-02-20 05:18:28
6359,360,160,TRANSFER,1115.54,2023-05-14 02:01:52
6360,361,161,DEPOSIT,27954.21,2023-12-15 08:03:16
6361,362,162,WITHDRAWAL,44793.12,2023-02-14 16:43:50
6362,363,163,TRANSFER,43380.18,2024-01-06 04:57:39
6363,364,164,DEPOSIT,3198.2,2023-04-25 20:41:07
6364,365,165,WITHDRAWAL,3279.98,2023-10-03 06:43:25
6365,366,166,TRANSFER,28491.98,2023-08-03 10:41:51
6366,367,167,DEPOSIT,35683.47,2023-01-22 10:04:19
6367,368,168,WITHDRAWAL,21547.19,2024-01-17 05:21:29
6368,369,169,TRANSFER,49310.47,2023-04-14 13:57:02
6369,370,170,DEPOSIT,33093.42,2023-06-17 03:41:45
6370,371,171,WITHDRAWAL,26924.4,2023-08-29 15:33:42
6371,372,172,TRANSFER,16533.36,2023-08-25 15:17:38
6372,373,173,DEPOSIT,39922.83,2024-03-18 14:54:40
6373,374,174,WITHDRAWAL,47313.93,2024-01-30 12:57:58
6374,375,175,TRANSFER,38317.35,2023-04-23 00:41:57
6375,376,176,DEPOSIT,15729.79,2024-03-31 20:05:44
6376,377,177,WITHDRAWAL,48544.72,2023-01-06 06:18:05
6377,378,178,TRANSFER,35608.56,2023-02-11 03:26:58
6378,379,179,DEPOSIT,29376.51,2023-10-06 08:07:08
6379,380,180,WITHDRAWAL,30696.38,2023-02-25 03:47:08
6380,381,181,TRANSFER,20691.43,2024-02-16 11:39:55
6381,382,182,DEPOSIT,36630.49,2023-05-06 05:07:13
6382,383,183,WITHDRAWAL,48989.3,2023-07-13 05:57:33
6383,384,184,TRANSFER,41788.61,2023-05-20 07:09:18
6384,385,185,DEPOSIT,32473.86,2023-01-23 21:41:16
6385,386,186,WITHDRAWAL,36436.07,2024-01-20 11:00:13
6386,387,187,TRANSFER,4464.4,2023-09-15 17:00:57
6387,388,188,DEPOSIT,28704.4,2023-11-10 10:48:56
6388,389,189,WITHDRAWAL,40247.65,2023-10-28 22:36:45
6389,390,190,TRANSFER,34823.79,2023-10-24 03:46:26
6390,391,191,DEPOSIT,42364.8,2023-04-18 14:00:15
6391,392,192,WITHDRAWAL,4802.21,2023-05-23 03:10:24
6392,393,193,TRANSFER,8878.77,2023-10-03 20:36:19
6393,394,194,DEPOSIT,43954.44,2023-12-01 06:30:30
6394,395,195,WITHDRAWAL,4545.82,2024-01-24 02:44:39
6395,396,196,TRANSFER,20077.37,2023-07-22 08:10:32
6396,397,197,DEPOSIT,17566.52,2023-06-26 00:52:46
6397,398,198,WITHDRAWAL,31654.04,2024-05-17 17:09:12
6398,399,199,TRANSFER,22591.86,2023-09-21 20:50:34
6399,400,200,DEPOSIT,26198.13,2023-03-15 00:48:24
6400,401,1,WITHDRAWAL,43966.27,2023-01-16 20:17:51
6401,402,2,TRANSFER,49100.69,2023-02-17 07:16:29
6402,403,3,DEPOSIT,34138.68,2023-02-15 22:33:54
6403,404,4,WITHDRAWAL,8433.97,2023-03-16 04:04:07
6404,405,5,TRANSFER,638.8,2024-02-15 23:31:47
6405,406,6,DEPOSIT,19243.83,2023-09-11 21:06:20
6406,407,7,WITHDRAWAL,40003.91,2023-01-22 11:29:58
6407,408,8,TRANSFER,28172.6,2024-03-17 05:45:13
6408,409,9,DEPOSIT,47786.03,2023-02-23 21:30:32
6409,410,10,WITHDRAWAL,31827.72,2023-05-27 09:33:39
6410,411,11,TRANSFER,9097.52,2024-01-22 23:08:47
6411,412,12,DEPOSIT,48788.96,2023-06-19 14:47:01
6412,413,13,WITHDRAWAL,43606.13,2023-03-17 07:34:23
6413,414,14,TRANSFER,29989.92,2023-05-01 03:16:46
6414,415,15,DEPOSIT,8854.65,2024-03-21 19:51:22
6415,416,16,WITHDRAWAL,35321.31,2023-12-09 07:11:54
6416,417,17,TRANSFER,25371.36,2023-05-18 20:41:27
6417,418,18,DEPOSIT,1526.78,2023-12-12 17:23:08
6418,419,19,WITHDRAWAL,46765.3,2023-01-31 02:48:17
6419,420,20,TRANSFER,40362.17,2023-04-04 10:14:20
6420,421,21,DEPOSIT,46752.28,2023-08-31 01:51:47
6421,422,22,WITHDRAWAL,17459.21,2023-03-25 17:04:12
6422,423,23,TRANSFER,29509.42,2023-05-21 03:12:43
6423,424,24,DEPOSIT,45012.53,2023-05-11 00:17:17
6424,425,25,WITHDRAWAL,9666.05,2024-01-22 12:53:16
6425,426,26,TRANSFER,49867.12,2023-05-01 14:07:06
6426,427,27,DEPOSIT,46891.53,2023-09-20 01:31:48
6427,428,28,WITHDRAWAL,27403.54,2024-05-26 11:06:21
6428,429,29,TRANSFER,39205.29,2023-10-30 00:36:42
6429,430,30,DEPOSIT,33438.57,2023-04-01 09:30:38
6430,431,31,WITHDRAWAL,16923.81,2023-02-20 20:19:46
6431,432,32,TRANSFER,7077.66,2023-10-12 01:01:16
6432,433,33,DEPOSIT,9425.13,2024-01-17 04:34:53
6433,434,34,WITHDRAWAL,2089.1,2023-11-11 00:24:46
6434,435,35,TRANSFER,45831.36,2023-02-15 12:50:02
6435,436,36,DEPOSIT,40547.26,2024-01-09 03:44:28
6436,437,37,WITHDRAWAL,35384.8,2024-05-27 08:57:14
6437,438,38,TRANSFER,4948.03,2024-04-04 03:31:18
6438,439,39,DEPOSIT,4556.76,2024-02-08 18:35:27
6439,440,40,WITHDRAWAL,16034.45,2024-05-23 14:26:01
6440,441,41,TRANSFER,28154.2,2024-02-14 14:16:59
6441,442,42,DEPOSIT,26088.42,2024-02-18 03:48:48
6442,443,43,WITHDRAWAL,32163.49,2024-02-29 09:16:56
6443,444,44,TRANSFER,16022.62,2023-08-08 11:19:45
6444,445,45,DEPOSIT,38178.5,2023-12-14 21:32:46
6445,446,46,WITHDRAWAL,47212.92,2023-08-16 13:09:15
6446,447,47,TRANSFER,20217.86,2023-11-28 03:09:57
6447,448,48,DEPOSIT,4128.62,2023-10-20 21:02:14
6448,449,49,WITHDRAWAL,24567.06,2023-01-19 12:18:02
6449,450,50,TRANSFER,28067.04,2023-09-07 17:27:52
6450,451,51,DEPOSIT,19446.54,2024-04-18 12:56:47
6451,452,52,WITHDRAWAL,49614.45,2024-01-22 12:12:30
6452,453,53,TRANSFER,38544.43,2023-08-12 01:40:58
6453,454,54,DEPOSIT,26382.23,2023-02-12 19:25:41
6454,455,55,WITHDRAWAL,9412.06,2023-02-02 08:05:12
6455,456,56,TRANSFER,15362.92,2023-03-11 06:34:31
6456,457,57,DEPOSIT,37395.09,2024-04-01 07:13:54
6457,458,58,WITHDRAWAL,27143.92,2024-03-19 17:20:10
6458,459,59,TRANSFER,15689.55,2024-05-12 19:50:47
6459,460,60,DEPOSIT,26719.26,2023-02-07 05:57:54
6460,461,61,WITHDRAWAL,48338.74,2023-02-06 16:00:44
6461,462,62,TRANSFER,9420.07,2023-10-26 23:04:55
6462,463,63,DEPOSIT,2631.24,2024-02-22 16:38:29
6463,464,64,WITHDRAWAL,36929.62,2023-12-03 22:41:37
6464,465,65,TRANSFER,42462.55,2024-02-11 23:46:40
6465,466,66,DEPOSIT,18547.49,2024-01-31 03:42:18
6466,467,67,WITHDRAWAL,45534.0,2023-02-04 17:39:15
6467,468,68,TRANSFER,22867.12,2023-03-18 14:58:58
6468,469,69,DEPOSIT,44618.88,2023-05-25 05:47:57
6469,470,70,WITHDRAWAL,3657.44,2023-09-06 19:01:15
6470,471,71,TRANSFER,24768.81,2023-06-08 03:31:57
6471,472,72,DEPOSIT,32024.65,2024-03-19 14:55:14
6472,473,73,WITHDRAWAL,2271.24,2023-01-13 02:40:09
6473,474,74,TRANSFER,10309.43,2023-10-24 07:27:55
6474,475,75,DEPOSIT,46216.37,2023-04-01 08:34:02
6475,476,76,WITHDRAWAL,45220.75,2023-01-04 16:20:14
6476,477,77,TRANSFER,40683.75,2024-05-27 07:43:36
6477,478,78,DEPOSIT,49220.25,2023-09-14 21:38:23
6478,479,79,WITHDRAWAL,41330.34,2023-10-30 20:33:24
6479,480,80,TRANSFER,45880.01,2023-10-16 18:33:06
6480,481,81,DEPOSIT,2247.39,2023-11-09 05:03:14
6481,482,82,WITHDRAWAL,29941.59,2023-04-21 00:54:33
6482,483,83,TRANSFER,33429.95,2024-04-27 22:30:58
6483,484,84,DEPOSIT,34022.98,2023-11-25 10:19:12
6484,485,85,WITHDRAWAL,15493.87,2024-05-01 09:02:07
6485,486,86,TRANSFER,36834.31,2024-05-22 11:04:20
6486,487,87,DEPOSIT,20466.08,2023-07-31 17:54:38
6487,488,88,WITHDRAWAL,20800.21,2023-01-08 22:39:09
6488,489,89,TRANSFER,18862.82,2023-11-18 06:48:20
6489,490,90,DEPOSIT,40838.06,2023-05-28 04:28:15
6490,491,91,WITHDRAWAL,12678.74,2024-01-15 05:00:54
6491,492,92,TRANSFER,31330.59,2023-01-09 02:25:25
6492,493,93,DEPOSIT,2099.55,2023-11-04 04:04:00
6493,494,94,WITHDRAWAL,6453.12,2023-12-15 20:21:23
6494,495,95,TRANSFER,3535.51,2023-06-23 04:32:51
6495,496,96,DEPOSIT,5772.77,2023-03-30 20:12:17
6496,497,97,WITHDRAWAL,3334.35,2024-01-15 10:59:10
6497,498,98,TRANSFER,16375.65,2024-02-22 01:16:53
6498,499,99,DEPOSIT,47766.31,2023-07-19 05:29:27
6499,500,100,WITHDRAWAL,14247.49,2023-11-06 07:04:14
6500,501,101,TRANSFER,14242.39,2023-08-11 11:36:33
6501,502,102,DEPOSIT,13082.34,2024-03-18 19:35:22
6502,503,103,WITHDRAWAL,19751.36,2023-04-03 17:47:25
6503,504,104,TRANSFER,47510.95,2023-06-06 23:54:13
6504,505,105,DEPOSIT,42324.25,2024-03-06 21:17:21
6505,506,106,WITHDRAWAL,6364.48,2023-06-05 22:57:46
6506,507,107,TRANSFER,23453.16,2023-01-28 17:24:23
6507,508,108,DEPOSIT,5579.22,2023-03-26 22:19:04
6508,509,109,WITHDRAWAL,41656.41,2023-01-30 12:57:14
6509,510,110,TRANSFER,4189.57,2023-05-24 06:55:31
6510,511,111,DEPOSIT,12095.17,2023-02-22 08:26:02
6511,512,112,WITHDRAWAL,18551.39,2024-04-22 22:24:41
6512,513,113,TRANSFER,22106.77,2023-04-21 21:12:54
6513,514,114,DEPOSIT,33147.21,2023-02-01 21:15:46
6514,515,115,WITHDRAWAL,38341.84,2024-01-27 04:08:38
6515,516,116,TRANSFER,38429.78,2023-05-27 18:38:43
6516,517,117,DEPOSIT,2197.46,2023-09-04 22:28:58
6517,518,118,WITHDRAWAL,47429.98,2023-01-12 00:54:53
6518,519,119,TRANSFER,42975.78,2023-09-23 03:10:42
6519,520,120,DEPOSIT,46092.77,2023-07-14 19:17:28
6520,521,121,WITHDRAWAL,23107.15,2023-09-29 22:39:28
6521,522,122,TRANSFER,2830.84,2024-05-15 07:32:59
6522,523,123,DEPOSIT,7663.34,2023-10-23 04:21:13
6523,524,124,WITHDRAWAL,25284.67,2023-08-15 15:39:02
6524,525,125,TRANSFER,9206.32,2023-06-24 22:41:45
6525,526,126,DEPOSIT,16801.07,2023-05-31 22:44:35
6526,527,127,WITHDRAWAL,1275.23,2023-12-07 21:09:34
6527,528,128,TRANSFER,3478.45,2023-12-09 04:05:01
6528,529,129,DEPOSIT,30086.99,2023-07-10 21:35:56
6529,530,130,WITHDRAWAL,27847.09,2023-08-12 13:06:09
6530,531,131,TRANSFER,27360.7,2023-04-22 08:29:18
6531,532,132,DEPOSIT,2845.09,2023-09-04 15:37:38
6532,533,133,WITHDRAWAL,20502.11,2023-02-20 14:08:10
6533,534,134,TRANSFER,882.92,2024-02-19 23:35:05
6534,535,135,DEPOSIT,36206.73,2023-05-12 23:26:58
6535,536,136,WITHDRAWAL,18524.9,2023-09-07 20:06:26
6536,537,137,TRANSFER,45076.97,2023-04-22 10:46:54
6537,538,138,DEPOSIT,305.02,2023-07-01 11:46:29
6538,539,139,WITHDRAWAL,28139.96,2023-01-03 15:46:16
6539,540,140,TRANSFER,38437.08,2023-10-29 00:01:54
6540,541,141,DEPOSIT,42851.58,2023-04-03 22:17:24
6541,542,142,WITHDRAWAL,1769.41,2024-05-03 00:06:39
6542,543,143,TRANSFER,3705.46,2024-02-28 18:23:44
6543,544,144,DEPOSIT,41201.68,2024-05-18 23:40:33
6544,545,145,WITHDRAWAL,46861.17,2024-01-06 01:15:57
6545,546,146,TRANSFER,19308.88,2024-05-15 19:45:34
6546,547,147,DEPOSIT,19344.49,2024-04-23 11:59:14
6547,548,148,WITHDRAWAL,34147.23,2023-07-04 14:28:19
6548,549,149,TRANSFER,12509.62,2024-04-20 19:51:00
6549,550,150,DEPOSIT,22754.66,2024-05-09 12:54:10
6550,551,151,WITHDRAWAL,22716.62,2023-04-29 22:41:51
6551,552,152,TRANSFER,11199.75,2023-10-07 17:24:20
6552,553,153,DEPOSIT,31858.29,2023-08-11 19:31:24
6553,554,154,WITHDRAWAL,48152.35,2023-05-16 10:10:42
6554,555,155,TRANSFER,49957.03,2023-10-29 17:15:57
6555,556,156,DEPOSIT,18410.22,2023-05-05 12:31:08
6556,557,157,WITHDRAWAL,21592.51,2023-01-17 06:17:46
6557,558,158,TRANSFER,7207.75,2023-08-21 21:45:07
6558,559,159,DEPOSIT,20524.47,2023-12-24 05:45:18
6559,560,160,WITHDRAWAL,42585.67,2024-02-25 14:15:50
6560,561,161,TRANSFER,6259.96,2023-11-09 10:07:42
6561,562,162,DEPOSIT,17653.54,2024-05-01 14:48:17
6562,563,163,WITHDRAWAL,21062.82,2023-11-12 04:31:04
6563,564,164,TRANSFER,23034.47,2023-11-21 10:58:12
6564,565,165,DEPOSIT,22200.21,2023-12-18 07:42:11
6565,566,166,WITHDRAWAL,23181.22,2023-10-29 17:05:58
6566,567,167,TRANSFER,16307.29,2023-09-20 09:04:23
6567,568,168,DEPOSIT,6664.4,2023-11-06 19:43:09
6568,569,169,WITHDRAWAL,10303.69,2024-02-16 14:44:14
6569,570,170,TRANSFER,35632.37,2023-06-18 12:24:52
6570,571,171,DEPOSIT,9738.15,2024-03-17 11:29:38
6571,572,172,WITHDRAWAL,39208.45,2024-05-27 02:43:37
6572,573,173,TRANSFER,45018.71,2023-10-10 06:32:41
6573,574,174,DEPOSIT,43123.31,2024-03-01 19:17:29
6574,575,175,WITHDRAWAL,18747.08,2023-11-14 01:33:01
6575,576,176,TRANSFER,10683.55,2023-08-27 09:00:42
6576,577,177,DEPOSIT,23516.92,2023-04-20 18:36:35
6577,578,178,WITHDRAWAL,32615.35,2024-02-26 15:03:37
6578,579,179,TRANSFER,45234.76,2023-08-22 06:22:32
6579,580,180,DEPOSIT,20611.77,2024-04-29 08:40:25
6580,581,181,WITHDRAWAL,10866.74,2023-06-04 21:16:01
6581,582,182,TRANSFER,44497.33,2024-03-04 12:18:15
6582,583,183,DEPOSIT,19220.68,2024-05-27 08:47:40
6583,584,184,WITHDRAWAL,21594.87,2024-02-06 22:54:54
6584,585,185,TRANSFER,1201.53,2023-12-11 01:45:07
6585,586,186,DEPOSIT,19304.67,2023-06-10 08:34:05
6586,587,187,WITHDRAWAL,13673.27,2023-05-14 20:39:54
6587,588,188,TRANSFER,38464.31,2024-03-13 13:51:58
6588,589,189,DEPOSIT,20099.81,2024-05-13 01:32:43
6589,590,190,WITHDRAWAL,7542.66,2023-06-03 15:26:27
6590,591,191,TRANSFER,23434.3,2023-09-03 19:48:50
6591,592,192,DEPOSIT,38133.39,2023-04-12 09:43:23
6592,593,193,WITHDRAWAL,15817.57,2024-01-14 00:27:56
6593,594,194,TRANSFER,26534.1,2024-04-20 14:33:48
6594,595,195,DEPOSIT,43797.07,2024-05-02 20:21:52
6595,596,196,WITHDRAWAL,39350.24,2023-03-17 09:24:55
6596,597,197,TRANSFER,1083.09,2023-03-08 14:29:49
6597,598,198,DEPOSIT,16582.12,2023-02-10 23:22:54
6598,599,199,WITHDRAWAL,15671.56,2023-03-11 20:43:59
6599,600,200,TRANSFER,10158.32,2023-10-05 01:18:07
6600,601,1,DEPOSIT,47898.25,2023-04-27 23:26:31
6601,602,2,WITHDRAWAL,42035.52,2023-08-27 21:22:05
6602,603,3,TRANSFER,31165.35,2023-10-09 21:41:35
6603,604,4,DEPOSIT,29176.59,2023-09-03 01:20:48
6604,605,5,WITHDRAWAL,23759.62,2023-12-13 21:32:41
6605,606,6,TRANSFER,14494.16,2023-05-17 02:18:00
6606,607,7,DEPOSIT,40118.77,2023-03-20 20:05:15
6607,608,8,WITHDRAWAL,45041.84,2023-05-05 03:07:08
6608,609,9,TRANSFER,8171.2,2023-04-29 01:48:01
6609,610,10,DEPOSIT,26619.94,2023-04-02 23:53:25
6610,611,11,WITHDRAWAL,20489.9,2024-04-25 05:44:25
6611,612,12,TRANSFER,27620.54,2024-03-12 06:10:37
6612,613,13,DEPOSIT,34996.13,2023-12-31 17:22:33
6613,614,14,WITHDRAWAL,34501.29,2023-08-07 10:35:35
6614,615,15,TRANSFER,48806.48,2023-07-13 16:57:45
6615,616,16,DEPOSIT,47270.64,2024-05-30 15:25:00
6616,617,17,WITHDRAWAL,4862.48,2023-12-12 13:36:34
6617,618,18,TRANSFER,6788.58,2023-01-31 14:03:56
6618,619,19,DEPOSIT,23645.93,2023-10-23 21:24:24
6619,620,20,WITHDRAWAL,8531.19,2024-01-06 09:41:18
6620,621,21,TRANSFER,29312.91,2023-01-16 11:58:18
6621,622,22,DEPOSIT,46547.8,2023-10-09 11:19:53
6622,623,23,WITHDRAWAL,28599.79,2024-03-30 07:09:44
6623,624,24,TRANSFER,44700.46,2023-12-14 10:53:57
6624,625,25,DEPOSIT,47330.74,2024-01-17 23:12:06
6625,626,26,WITHDRAWAL,17198.0,2024-03-16 05:36:03
6626,627,27,TRANSFER,49390.89,2023-09-21 21:53:44
6627,628,28,DEPOSIT,3453.81,2023-10-15 08:42:23
6628,629,29,WITHDRAWAL,31205.31,2023-04-15 19:31:38
6629,630,30,TRANSFER,45839.03,2023-11-02 17:31:45
6630,631,31,DEPOSIT,49644.91,2023-03-28 04:39:52
6631,632,32,WITHDRAWAL,48079.14,2023-06-03 02:48:12
6632,633,33,TRANSFER,14624.55,2023-09-07 02:15:17
6633,634,34,DEPOSIT,17742.05,2023-03-06 12:35:14
6634,635,35,WITHDRAWAL,807.62,2024-01-20 06:48:23
6635,636,36,TRANSFER,20892.76,2024-04-03 12:24:48
6636,637,37,DEPOSIT,18267.15,2023-05-12 07:30:35
6637,638,38,WITHDRAWAL,9609.24,2023-07-16 06:57:48
6638,639,39,TRANSFER,49102.0,2023-08-06 16:09:39
6639,640,40,DEPOSIT,24485.56,2023-01-19 05:02:03
6640,641,41,WITHDRAWAL,2610.03,2023-05-10 14:54:16
6641,642,42,TRANSFER,35028.74,2023-07-05 11:37:40
6642,643,43,DEPOSIT,22452.06,2023-07-24 08:47:20
6643,644,44,WITHDRAWAL,16882.52,2023-12-03 06:46:00
6644,645,45,TRANSFER,37502.38,2023-07-31 22:02:30
6645,646,46,DEPOSIT,22909.8,2024-05-25 01:39:07
6646,647,47,WITHDRAWAL,16652.61,2023-03-04 07:51:36
6647,648,48,TRANSFER,6541.19,2023-01-25 08:51:00
6648,649,49,DEPOSIT,543.79,2024-04-29 19:21:56
6649,650,50,WITHDRAWAL,970.42,2024-03-21 13:39:34
6650,651,51,TRANSFER,9990.12,2023-10-23 16:13:26
6651,652,52,DEPOSIT,19007.05,2024-01-01 03:41:24
6652,653,53,WITHDRAWAL,34767.46,2023-01-28 22:46:28
6653,654,54,TRANSFER,34845.84,2023-07-29 22:27:11
6654,655,55,DEPOSIT,18346.03,2023-09-18 16:41:17
6655,656,56,WITHDRAWAL,42682.8,2024-02-03 03:15:44
6656,657,57,TRANSFER,20365.68,2023-11-26 17:31:07
6657,658,58,DEPOSIT,6625.68,2023-09-23 17:44:27
6658,659,59,WITHDRAWAL,35958.66,2023-09-26 22:21:52
6659,660,60,TRANSFER,9653.24,2024-03-05 01:09:32
6660,661,61,DEPOSIT,13340.96,2023-08-07 18:10:16
6661,662,62,WITHDRAWAL,45939.62,2023-12-16 10:15:47
6662,663,63,TRANSFER,40275.7,2023-03-07 20:41:56
6663,664,64,DEPOSIT,43075.34,2023-09-05 11:23:38
6664,665,65,WITHDRAWAL,1160.14,2023-03-30 04:15:52
6665,666,66,TRANSFER,40313.27,2023-04-10 19:53:42
6666,667,67,DEPOSIT,12155.62,2023-03-25 03:32:57
6667,668,68,WITHDRAWAL,18675.68,2023-05-18 13:31:04
6668,669,69,TRANSFER,28599.72,2023-04-30 14:52:56
6669,670,70,DEPOSIT,38946.05,2023-07-04 00:58:51
6670,671,71,WITHDRAWAL,492.17,2023-02-28 13:46:23
6671,672,72,TRANSFER,36827.81,2023-01-11 10:40:27
6672,673,73,DEPOSIT,43509.28,2023-09-22 23:12:49
6673,674,74,WITHDRAWAL,3528.43,2024-04-24 14:18:04
6674,675,75,TRANSFER,31310.06,2024-03-28 15:20:20
6675,676,76,DEPOSIT,31553.84,2023-12-24 21:14:41
6676,677,77,WITHDRAWAL,39308.72,2023-09-15 00:26:05
6677,678,78,TRANSFER,30632.13,2023-03-24 04:51:54
6678,679,79,DEPOSIT,35210.34,2023-02-13 15:01:04
6679,680,80,WITHDRAWAL,45900.93,2023-06-04 23:20:48
6680,681,81,TRANSFER,9286.88,2023-03-05 00:51:00
6681,682,82,DEPOSIT,202.02,2023-03-13 03:17:07
6682,683,83,WITHDRAWAL,10518.85,2023-07-01 00:50:48
6683,684,84,TRANSFER,19351.18,2023-03-03 16:20:46
6684,685,85,DEPOSIT,26471.38,2024-04-30 19:15:55
6685,686,86,WITHDRAWAL,40879.37,2024-01-05 18:06:19
6686,687,87,TRANSFER,30276.84,2024-01-20 17:04:05
6687,688,88,DEPOSIT,23465.83,2023-05-25 12:30:02
6688,689,89,WITHDRAWAL,43251.76,2024-04-04 16:10:34
6689,690,90,TRANSFER,22131.39,2023-02-17 14:05:14
6690,691,91,DEPOSIT,325.61,2024-01-30 06:03:32
6691,692,92,WITHDRAWAL,48709.78,2023-05-17 14:05:54
6692,693,93,TRANSFER,7203.2,2023-07-24 11:33:06
6693,694,94,DEPOSIT,28775.95,2024-02-25 23:34:59
6694,695,95,WITHDRAWAL,35001.35,2023-05-28 01:39:27
6695,696,96,TRANSFER,9418.04,2023-02-28 20:38:13
6696,697,97,DEPOSIT,37816.75,2023-09-07 15:25:54
6697,698,98,WITHDRAWAL,8129.55,2023-06-26 20:55:31
6698,699,99,TRANSFER,41803.66,2024-05-08 10:47:34
6699,700,100,DEPOSIT,30081.68,2023-08-19 11:15:08
6700,701,101,WITHDRAWAL,32033.34,2024-01-29 12:43:24
6701,702,102,TRANSFER,21331.9,2023-06-19 12:37:41
6702,703,103,DEPOSIT,36774.8,2023-09-25 18:46:27
6703,704,104,WITHDRAWAL,359.08,2024-02-17 02:11:04
6704,705,105,TRANSFER,14079.64,2023-07-15 11:26:05
6705,706,106,DEPOSIT,3242.02,2023-05-06 06:10:55
6706,707,107,WITHDRAWAL,24701.21,2023-02-18 18:21:34
6707,708,108,TRANSFER,30996.07,2023-02-16 22:00:42
6708,709,109,DEPOSIT,4006.78,2023-12-01 01:32:52
6709,710,110,WITHDRAWAL,609.83,2023-12-13 08:46:30
6710,711,111,TRANSFER,15926.72,2023-03-10 12:45:28
6711,712,112,DEPOSIT,34906.82,2023-10-08 18:28:17
6712,713,113,WITHDRAWAL,33913.0,2024-04-15 07:27:57
6713,714,114,TRANSFER,28464.36,2023-02-21 04:04:12
6714,715,115,DEPOSIT,22544.84,2023-09-05 19:47:01
6715,716,116,WITHDRAWAL,18528.47,2024-01-09 04:12:53
6716,717,117,TRANSFER,38172.99,2023-08-22 05:00:46
6717,718,118,DEPOSIT,27300.39,2023-09-01 11:35:29
6718,719,119,WITHDRAWAL,11413.3,2023-05-28 19:10:13
6719,720,120,TRANSFER,2144.55,2023-05-13 11:20:14
6720,721,121,DEPOSIT,20492.52,2023-10-02 02:26:20
6721,722,122,WITHDRAWAL,16225.15,2023-12-25 13:35:50
6722,723,123,TRANSFER,23186.56,2023-11-10 04:58:11
6723,724,124,DEPOSIT,22614.3,2023-12-27 16:54:18
6724,725,125,WITHDRAWAL,36895.58,2023-04-21 08:37:01
6725,726,126,TRANSFER,20985.66,2023-10-27 11:26:13
6726,727,127,DEPOSIT,43669.35,2023-01-20 00:20:12
6727,728,128,WITHDRAWAL,19079.05,2023-09-04 00:09:14
6728,729,129,TRANSFER,7477.7,2024-05-06 00:55:56
6729,730,130,DEPOSIT,707.37,2023-10-12 01:19:46
6730,731,131,WITHDRAWAL,45269.06,2024-05-29 00:19:31
6731,732,132,TRANSFER,29650.93,2023-04-28 07:33:52
6732,733,133,DEPOSIT,10857.52,2023-05-23 20:19:25
6733,734,134,WITHDRAWAL,19570.67,2023-01-13 17:31:11
6734,735,135,TRANSFER,13551.8,2023-04-27 10:20:07
6735,736,136,DEPOSIT,1093.82,2023-06-03 14:26:53
6736,737,137,WITHDRAWAL,7924.23,2023-11-01 15:43:57
6737,738,138,TRANSFER,13890.7,2024-03-02 16:13:40
6738,739,139,DEPOSIT,24331.87,2023-05-28 12:51:04
6739,740,140,WITHDRAWAL,21648.48,2024-01-23 16:35:09
6740,741,141,TRANSFER,24372.23,2023-05-05 03:16:22
6741,742,142,DEPOSIT,17674.94,2023-02-16 10:00:53
6742,743,143,WITHDRAWAL,3354.63,2023-03-24 08:11:51
6743,744,144,TRANSFER,35304.15,2023-09-09 02:25:21
6744,745,145,DEPOSIT,14473.2,2024-04-17 02:32:32
6745,746,146,WITHDRAWAL,25942.95,2023-07-02 15:33:31
6746,747,147,TRANSFER,40183.07,2024-01-19 21:08:40
6747,748,148,DEPOSIT,24530.44,2023-11-20 09:14:27
6748,749,149,WITHDRAWAL,31579.12,2023-08-28 05:40:45
6749,750,150,TRANSFER,31526.65,2023-09-20 23:35:53
6750,751,151,DEPOSIT,21455.58,2024-04-25 09:18:22
6751,752,152,WITHDRAWAL,29959.8,2023-04-05 15:23:59
6752,753,153,TRANSFER,14102.04,2024-02-16 09:08:38
6753,754,154,DEPOSIT,40358.14,2023-10-17 23:50:09
6754,755,155,WITHDRAWAL,18484.68,2023-04-10 12:34:54
6755,756,156,TRANSFER,3165.62,2024-01-03 19:06:33
6756,757,157,DEPOSIT,18506.73,2023-12-14 06:08:30
6757,758,158,WITHDRAWAL,10480.7,2023-07-11 03:49:12
6758,759,159,TRANSFER,34417.21,2023-09-11 08:49:12
6759,760,160,DEPOSIT,31697.23,2023-08-31 18:06:45
6760,761,161,WITHDRAWAL,39342.44,2024-01-05 20:46:54
6761,762,162,TRANSFER,17044.46,2024-03-07 01:52:14
6762,763,163,DEPOSIT,34919.49,2023-09-15 03:25:08
6763,764,164,WITHDRAWAL,48274.04,2023-04-09 17:55:40
6764,765,165,TRANSFER,28618.03,2024-05-06 10:02:32
6765,766,166,DEPOSIT,35408.16,2023-06-27 19:30:10
6766,767,167,WITHDRAWAL,11858.52,2024-04-18 07:47:57
6767,768,168,TRANSFER,24434.51,2023-07-13 11:32:35
6768,769,169,DEPOSIT,44528.95,2023-12-31 20:49:19
6769,770,170,WITHDRAWAL,25552.91,2023-09-01 11:19:07
6770,771,171,TRANSFER,19213.33,2023-03-16 05:47:23
6771,772,172,DEPOSIT,31184.11,2023-04-26 05:32:46
6772,773,173,WITHDRAWAL,26466.49,2023-03-05 03:41:05
6773,774,174,TRANSFER,30133.96,2023-12-26 09:09:10
6774,775,175,DEPOSIT,3355.6,2023-07-26 14:44:09
6775,776,176,WITHDRAWAL,38873.89,2023-10-30 14:13:54
6776,777,177,TRANSFER,35598.26,2023-08-03 12:56:03
6777,778,178,DEPOSIT,42390.16,2023-10-10 13:23:47
6778,779,179,WITHDRAWAL,23692.61,2023-02-15 20:14:09
6779,780,180,TRANSFER,31657.16,2023-06-23 11:14:05
6780,781,181,DEPOSIT,17814.88,2023-09-12 03:43:05
6781,782,182,WITHDRAWAL,24132.83,2024-04-27 01:48:05
6782,783,183,TRANSFER,39186.38,2023-04-24 11:52:40
6783,784,184,DEPOSIT,24240.04,2023-09-06 13:53:50
6784,785,185,WITHDRAWAL,30242.5,2023-09-02 00:31:16
6785,786,186,TRANSFER,10010.92,2024-02-21 13:32:46
6786,787,187,DEPOSIT,9417.87,2024-05-16 15:21:34
6787,788,188,WITHDRAWAL,30258.02,2024-04-09 03:49:57
6788,789,189,TRANSFER,36673.66,2023-08-18 14:44:53
6789,790,190,DEPOSIT,26179.87,2023-06-01 10:00:08
6790,791,191,WITHDRAWAL,14129.99,2024-01-27 13:39:01
6791,792,192,TRANSFER,21155.34,2023-10-20 01:18:50
6792,793,193,DEPOSIT,14915.87,2023-01-09 11:27:07
6793,794,194,WITHDRAWAL,7211.54,2023-06-08 15:18:36
6794,795,195,TRANSFER,1450.77,2023-01-20 15:19:20
6795,796,196,DEPOSIT,38121.06,2024-05-15 04:48:41
6796,797,197,WITHDRAWAL,18437.9,2023-03-03 03:15:16
6797,798,198,TRANSFER,22339.79,2023-04-25 15:44:17
6798,799,199,DEPOSIT,27767.67,2023-10-24 17:21:31
6799,800,200,WITHDRAWAL,22212.52,2024-04-06 06:04:27
6800,801,1,TRANSFER,5396.17,2023-09-01 23:00:22
6801,802,2,DEPOSIT,22802.6,2023-08-01 11:22:47
6802,803,3,WITHDRAWAL,35317.77,2023-06-03 14:53:57
6803,804,4,TRANSFER,14245.29,2023-12-19 02:44:55
6804,805,5,DEPOSIT,6435.5,2024-03-31 12:47:09
6805,806,6,WITHDRAWAL,6204.51,2023-01-14 04:05:12
6806,807,7,TRANSFER,27633.23,2023-09-11 15:06:36
6807,808,8,DEPOSIT,7096.22,2023-10-14 11:20:25
6808,809,9,WITHDRAWAL,27510.85,2023-10-19 07:02:53
6809,810,10,TRANSFER,21718.64,2024-05-03 11:21:56
6810,811,11,DEPOSIT,19782.93,2023-09-09 13:38:22
6811,812,12,WITHDRAWAL,30657.97,2023-09-11 16:27:37
6812,813,13,TRANSFER,32184.61,2023-01-27 19:45:36
6813,814,14,DEPOSIT,28285.19,2023-09-09 16:03:42
6814,815,15,WITHDRAWAL,1978.68,2024-03-17 14:09:37
6815,816,16,TRANSFER,2802.4,2024-02-02 10:56:07
6816,817,17,DEPOSIT,24838.86,2023-04-13 10:10:28
6817,818,18,WITHDRAWAL,7004.17,2023-02-22 17:38:53
6818,819,19,TRANSFER,26143.8,2023-03-21 10:08:17
6819,820,20,DEPOSIT,4602.05,2023-07-02 12:58:15
6820,821,21,WITHDRAWAL,48616.25,2023-10-07 20:47:39
6821,822,22,TRANSFER,4067.12,2023-09-20 15:43:22
6822,823,23,DEPOSIT,37545.03,2023-09-24 20:40:00
6823,824,24,WITHDRAWAL,20033.99,2024-01-18 12:02:22
6824,825,25,TRANSFER,26238.72,2023-02-18 06:34:06
6825,826,26,DEPOSIT,39488.54,2024-05-13 12:22:04
6826,827,27,WITHDRAWAL,27409.4,2023-05-01 09:06:40
6827,828,28,TRANSFER,40720.06,2023-03-11 11:54:39
6828,829,29,DEPOSIT,7961.43,2023-12-15 08:36:41
6829,830,30,WITHDRAWAL,11377.53,2023-07-22 12:49:11
6830,831,31,TRANSFER,32241.48,2023-02-13 21:30:02
6831,832,32,DEPOSIT,1221.02,2024-03-09 03:59:38
6832,833,33,WITHDRAWAL,42146.23,2024-05-14 08:34:20
6833,834,34,TRANSFER,23939.87,2023-06-25 03:59:42
6834,835,35,DEPOSIT,10957.86,2023-02-02 18:12:55
6835,836,36,WITHDRAWAL,47498.8,2023-06-30 17:12:07
6836,837,37,TRANSFER,25034.19,2023-04-17 22:24:46
6837,838,38,DEPOSIT,19382.39,2023-09-08 20:13:44
6838,839,39,WITHDRAWAL,33516.45,2024-05-07 16:46:45
6839,840,40,TRANSFER,25517.24,2023-01-15 22:57:10
6840,841,41,DEPOSIT,24616.44,2023-08-13 23:16:11
6841,842,42,WITHDRAWAL,27506.05,2023-11-19 07:01:05
6842,843,43,TRANSFER,10014.22,2023-02-01 04:04:40
6843,844,44,DEPOSIT,10449.74,2023-01-28 23:11:34
6844,845,45,WITHDRAWAL,24578.34,2024-03-28 15:02:44
6845,846,46,TRANSFER,35094.19,2023-09-29 08:56:37
6846,847,47,DEPOSIT,44083.53,2024-03-27 17:29:48
6847,848,48,WITHDRAWAL,44929.96,2024-01-31 11:13:06
6848,849,49,TRANSFER,19865.1,2023-05-08 12:31:18
6849,850,50,DEPOSIT,26816.14,2023-04-29 06:15:17
6850,851,51,WITHDRAWAL,37215.25,2024-05-02 12:47:57
6851,852,52,TRANSFER,13289.68,2023-08-07 13:59:45
6852,853,53,DEPOSIT,25548.87,2023-10-18 17:28:06
6853,854,54,WITHDRAWAL,41742.77,2023-05-05 04:04:05
6854,855,55,TRANSFER,12821.35,2024-04-16 22:49:48
6855,856,56,DEPOSIT,16359.63,2023-06-02 01:27:45
6856,857,57,WITHDRAWAL,19637.7,2023-07-22 05:07:25
6857,858,58,TRANSFER,14276.23,2024-05-20 05:30:08
6858,859,59,DEPOSIT,22282.72,2023-01-23 09:11:48
6859,860,60,WITHDRAWAL,33595.6,2024-05-20 23:08:12
6860,861,61,TRANSFER,10237.46,2023-11-12 02:37:30
6861,862,62,DEPOSIT,2092.59,2023-03-29 12:45:32
6862,863,63,WITHDRAWAL,37143.24,2023-03-24 21:35:03
6863,864,64,TRANSFER,10015.13,2023-06-09 16:20:54
6864,865,65,DEPOSIT,36787.77,2024-03-18 21:25:42
6865,866,66,WITHDRAWAL,41648.16,2023-08-20 22:29:23
6866,867,67,TRANSFER,44333.74,2023-06-16 11:37:56
6867,868,68,DEPOSIT,18053.31,2023-08-24 15:14:16
6868,869,69,WITHDRAWAL,32395.03,2023-02-12 05:29:04
6869,870,70,TRANSFER,28346.66,2023-06-28 11:58:11
6870,871,71,DEPOSIT,10848.13,2023-07-15 23:49:12
6871,872,72,WITHDRAWAL,15501.98,2023-01-19 11:53:51
6872,873,73,TRANSFER,41481.06,2023-06-18 02:25:38
6873,874,74,DEPOSIT,10325.57,2023-09-17 08:56:38
6874,875,75,WITHDRAWAL,36001.26,2023-10-29 19:30:06
6875,876,76,TRANSFER,49211.63,2023-12-22 15:34:57
6876,877,77,DEPOSIT,37695.39,2024-04-12 10:36:25
6877,878,78,WITHDRAWAL,24013.98,2024-01-17 21:37:17
6878,879,79,TRANSFER,14274.27,2024-04-08 12:02:48
6879,880,80,DEPOSIT,3892.93,2023-07-13 00:43:10
6880,881,81,WITHDRAWAL,44221.77,2023-03-25 07:30:03
6881,882,82,TRANSFER,30967.64,2023-01-25 05:36:32
6882,883,83,DEPOSIT,47339.89,2023-01-09 17:00:18
6883,884,84,WITHDRAWAL,15179.29,2023-01-01 00:10:36
6884,885,85,TRANSFER,36440.12,2023-10-24 06:12:04
6885,886,86,DEPOSIT,4870.66,2023-05-04 21:03:24
6886,887,87,WITHDRAWAL,10773.28,2023-10-13 20:56:41
6887,888,88,TRANSFER,48547.3,2023-05-29 04:29:54
6888,889,89,DEPOSIT,3814.21,2023-10-17 13:53:11
6889,890,90,WITHDRAWAL,32684.76,2023-11-21 06:31:20
6890,891,91,TRANSFER,38524.48,2023-08-20 01:14:28
6891,892,92,DEPOSIT,15109.49,2023-04-04 06:23:18
6892,893,93,WITHDRAWAL,22851.81,2023-07-24 01:33:40
6893,894,94,TRANSFER,6025.05,2023-06-08 23:15:00
6894,895,95,DEPOSIT,37215.58,2024-05-09 13:07:50
6895,896,96,WITHDRAWAL,44015.73,2023-01-24 14:05:35
6896,897,97,TRANSFER,8737.32,2024-01-06 02:41:36
6897,898,98,DEPOSIT,4313.9,2023-03-29 10:46:10
6898,899,99,WITHDRAWAL,22767.68,2023-07-02 09:02:30
6899,900,100,TRANSFER,34748.98,2024-03-26 07:49:36
6900,901,101,DEPOSIT,13510.64,2023-08-01 03:35:49
6901,902,102,WITHDRAWAL,23991.45,2024-03-13 11:22:49
6902,903,103,TRANSFER,10781.62,2023-04-30 01:37:23
6903,904,104,DEPOSIT,33904.18,2023-11-05 18:39:46
6904,905,105,WITHDRAWAL,1867.69,2023-01-24 05:20:28
6905,906,106,TRANSFER,41524.26,2023-12-02 22:09:06
6906,907,107,DEPOSIT,8759.39,2023-11-17 08:08:43
6907,908,108,WITHDRAWAL,28842.27,2023-01-11 07:21:11
6908,909,109,TRANSFER,32833.94,2023-02-04 04:50:52
6909,910,110,DEPOSIT,35497.99,2023-08-07 02:55:07
6910,911,111,WITHDRAWAL,10142.9,2024-01-08 04:23:53
6911,912,112,TRANSFER,1230.4,2023-07-27 14:32:35
6912,913,113,DEPOSIT,48159.85,2023-07-31 05:44:50
6913,914,114,WITHDRAWAL,11748.58,2023-05-27 01:52:31
6914,915,115,TRANSFER,40519.59,2023-12-14 23:07:21
6915,916,116,DEPOSIT,2215.71,2024-05-20 00:16:30
6916,917,117,WITHDRAWAL,41771.27,2024-03-13 11:01:55
6917,918,118,TRANSFER,27951.63,2023-12-05 03:24:34
6918,919,119,DEPOSIT,39600.27,2024-01-15 10:48:53
6919,920,120,WITHDRAWAL,14332.99,2023-02-06 17:38:02
6920,921,121,TRANSFER,29906.47,2023-03-10 16:11:37
6921,922,122,DEPOSIT,41037.5,2023-12-21 09:15:21
6922,923,123,WITHDRAWAL,8203.1,2024-02-27 23:54:26
6923,924,124,TRANSFER,45092.03,2024-05-26 13:13:07
6924,925,125,DEPOSIT,27042.94,2024-03-03 23:49:58
6925,926,126,WITHDRAWAL,36762.4,2023-09-07 02:29:26
6926,927,127,TRANSFER,20356.01,2023-09-27 08:35:31
6927,928,128,DEPOSIT,20094.94,2024-03-26 15:55:54
6928,929,129,WITHDRAWAL,49175.8,2023-12-30 02:32:11
6929,930,130,TRANSFER,7390.18,2023-08-16 03:39:16
6930,931,131,DEPOSIT,33788.78,2024-01-20 02:20:49
6931,932,132,WITHDRAWAL,18022.84,2023-11-13 18:25:24
6932,933,133,TRANSFER,4331.41,2023-12-02 07:40:57
6933,934,134,DEPOSIT,44239.77,2023-07-16 15:59:44
6934,935,135,WITHDRAWAL,46236.71,2023-09-16 11:55:03
6935,936,136,TRANSFER,23333.09,2024-05-16 08:19:25
6936,937,137,DEPOSIT,43091.38,2024-02-23 19:38:10
6937,938,138,WITHDRAWAL,44488.15,2023-05-08 14:19:45
6938,939,139,TRANSFER,25322.58,2023-09-24 18:26:31
6939,940,140,DEPOSIT,7261.07,2024-04-30 12:00:55
6940,941,141,WITHDRAWAL,27015.15,2023-09-23 08:48:55
6941,942,142,TRANSFER,42556.38,2023-05-04 19:57:09
6942,943,143,DEPOSIT,6984.67,2024-03-21 14:24:18
6943,944,144,WITHDRAWAL,41236.03,2023-06-09 20:37:42
6944,945,145,TRANSFER,4096.35,2023-11-04 20:30:10
6945,946,146,DEPOSIT,44037.34,2023-11-22 10:16:47
6946,947,147,WITHDRAWAL,27204.4,2024-01-25 10:28:06
6947,948,148,TRANSFER,5199.73,2024-02-08 13:27:55
6948,949,149,DEPOSIT,12743.31,2023-01-04 03:19:13
6949,950,150,WITHDRAWAL,33235.2,2024-03-03 13:06:17
6950,951,151,TRANSFER,36988.17,2023-05-08 22:15:57
6951,952,152,DEPOSIT,24464.11,2023-09-18 02:59:00
6952,953,153,WITHDRAWAL,36595.42,2023-09-10 19:31:22
6953,954,154,TRANSFER,27427.05,2023-10-17 23:13:43
6954,955,155,DEPOSIT,26160.82,2023-11-03 18:35:51
6955,956,156,WITHDRAWAL,10961.38,2023-11-02 02:19:03
6956,957,157,TRANSFER,37493.82,2023-09-30 17:37:07
6957,958,158,DEPOSIT,11298.48,2023-03-24 15:56:10
6958,959,159,WITHDRAWAL,22688.17,2024-05-15 03:12:29
6959,960,160,TRANSFER,35812.93,2023-05-27 06:44:48
6960,961,161,DEPOSIT,39998.76,2024-01-27 20:46:05
6961,962,162,WITHDRAWAL,7226.33,2024-01-20 15:15:05
6962,963,163,TRANSFER,34749.92,2023-02-26 02:01:47
6963,964,164,DEPOSIT,12099.25,2023-08-27 02:37:00
6964,965,165,WITHDRAWAL,15149.85,2023-11-12 10:37:23
6965,966,166,TRANSFER,27102.92,2023-06-12 12:35:28
6966,967,167,DEPOSIT,47578.01,2023-03-17 00:30:58
6967,968,168,WITHDRAWAL,1185.05,2023-05-29 08:37:14
6968,969,169,TRANSFER,14796.25,2023-01-25 03:41:54
6969,970,170,DEPOSIT,9293.85,2023-06-10 20:23:20
6970,971,171,WITHDRAWAL,3360.42,2023-02-25 09:48:08
6971,972,172,TRANSFER,47551.12,2023-12-18 13:03:48
6972,973,173,DEPOSIT,47244.28,2023-11-24 17:06:45
6973,974,174,WITHDRAWAL,20156.01,2024-05-28 20:50:21
6974,975,175,TRANSFER,15017.77,2024-04-09 03:20:30
6975,976,176,DEPOSIT,18752.05,2023-10-29 04:08:01
6976,977,177,WITHDRAWAL,21431.91,2023-08-24 22:59:34
6977,978,178,TRANSFER,45978.59,2024-04-03 00:37:59
6978,979,179,DEPOSIT,30744.01,2024-05-08 09:21:05
6979,980,180,WITHDRAWAL,33959.08,2023-02-02 12:36:15
6980,981,181,TRANSFER,25004.74,2023-01-25 11:32:19
6981,982,182,DEPOSIT,1561.71,2023-10-01 00:22:41
6982,983,183,WITHDRAWAL,43060.13,2024-01-03 20:29:49
6983,984,184,TRANSFER,37648.37,2023-10-26 01:43:00
6984,985,185,DEPOSIT,21140.86,2023-03-18 02:58:46
6985,986,186,WITHDRAWAL,31015.38,2024-04-01 00:47:52
6986,987,187,TRANSFER,47456.62,2023-09-30 16:08:16
6987,988,188,DEPOSIT,49731.97,2024-01-16 20:00:43
6988,989,189,WITHDRAWAL,1943.19,2023-10-23 03:06:13
6989,990,190,TRANSFER,37954.88,2024-01-14 14:41:48
6990,991,191,DEPOSIT,23748.84,2023-03-09 10:36:10
6991,992,192,WITHDRAWAL,4611.52,2024-02-27 07:57:15
6992,993,193,TRANSFER,36216.69,2023-07-10 14:23:31
6993,994,194,DEPOSIT,46116.32,2024-05-05 08:15:46
6994,995,195,WITHDRAWAL,18998.76,2023-12-20 03:57:54
6995,996,196,TRANSFER,12076.52,2023-09-20 01:16:09
6996,997,197,DEPOSIT,1726.76,2023-12-31 12:00:14
6997,998,198,WITHDRAWAL,27635.76,2023-08-29 15:20:37
6998,999,199,TRANSFER,10835.6,2023-12-17 10:57:31
6999,1000,200,DEPOSIT,4756.74,2023-11-15 22:16:15
7000,1,1,WITHDRAWAL,29675.52,2023-04-10 17:15:14
7001,2,2,TRANSFER,46777.55,2023-01-22 22:21:08
7002,3,3,DEPOSIT,3464.29,2023-12-12 04:46:30
7003,4,4,WITHDRAWAL,23164.37,2023-05-21 18:25:59
7004,5,5,TRANSFER,19415.02,2024-03-14 21:17:40
7005,6,6,DEPOSIT,32688.58,2024-02-21 01:28:50
7006,7,7,WITHDRAWAL,12667.68,2023-02-07 20:06:40
7007,8,8,TRANSFER,34913.85,2023-04-02 09:30:03
7008,9,9,DEPOSIT,8704.19,2024-01-17 10:44:56
7009,10,10,WITHDRAWAL,14676.54,2023-12-17 20:46:54
7010,11,11,TRANSFER,2000.43,2023-05-07 09:48:31
7011,12,12,DEPOSIT,16577.47,2024-04-11 21:41:43
7012,13,13,WITHDRAWAL,34343.5,2023-03-27 04:28:55
7013,14,14,TRANSFER,9964.16,2023-03-01 16:02:26
7014,15,15,DEPOSIT,12459.64,2024-01-13 16:18:34
7015,16,16,WITHDRAWAL,38789.25,2023-10-28 19:51:49
7016,17,17,TRANSFER,45271.44,2024-05-22 21:02:55
7017,18,18,DEPOSIT,2203.3,2023-10-20 14:33:45
7018,19,19,WITHDRAWAL,11178.9,2023-05-22 21:21:39
7019,20,20,TRANSFER,42278.47,2024-03-29 06:31:47
7020,21,21,DEPOSIT,35694.26,2023-06-27 15:52:59
7021,22,22,WITHDRAWAL,5085.87,2023-04-01 04:03:57
7022,23,23,TRANSFER,6608.63,2023-04-19 02:58:30
7023,24,24,DEPOSIT,28142.91,2024-04-15 01:51:25
7024,25,25,WITHDRAWAL,24812.32,2023-12-07 06:43:31
7025,26,26,TRANSFER,1036.67,2023-11-30 23:17:10
7026,27,27,DEPOSIT,44885.5,2024-02-12 21:58:32
7027,28,28,WITHDRAWAL,31745.25,2023-10-14 01:23:29
7028,29,29,TRANSFER,20937.04,2023-03-24 14:05:58
7029,30,30,DEPOSIT,13952.32,2023-01-27 01:10:20
7030,31,31,WITHDRAWAL,35105.37,2024-03-08 20:28:52
7031,32,32,TRANSFER,3268.12,2023-02-21 23:49:30
7032,33,33,DEPOSIT,43890.27,2023-07-24 02:29:30
7033,34,34,WITHDRAWAL,23736.53,2023-10-05 18:56:27
7034,35,35,TRANSFER,45964.53,2024-01-29 21:16:55
7035,36,36,DEPOSIT,6059.33,2023-04-17 19:41:39
7036,37,37,WITHDRAWAL,4328.01,2023-05-06 19:48:42
7037,38,38,TRANSFER,33235.4,2023-05-26 02:01:52
7038,39,39,DEPOSIT,32996.5,2023-12-13 11:56:46
7039,40,40,WITHDRAWAL,18672.11,2024-02-29 00:39:56
7040,41,41,TRANSFER,23899.21,2023-07-24 06:47:59
7041,42,42,DEPOSIT,9283.65,2024-05-24 17:37:24
7042,43,43,WITHDRAWAL,5801.33,2023-11-17 23:38:45
7043,44,44,TRANSFER,11620.09,2023-01-31 21:06:04
7044,45,45,DEPOSIT,15024.15,2023-04-25 11:29:49
7045,46,46,WITHDRAWAL,569.57,2023-10-31 11:21:28
7046,47,47,TRANSFER,25514.7,2023-02-16 14:22:08
7047,48,48,DEPOSIT,5646.5,2023-01-10 10:46:47
7048,49,49,WITHDRAWAL,29282.79,2023-07-26 12:30:09
7049,50,50,TRANSFER,15174.17,2023-01-07 21:06:56
7050,51,51,DEPOSIT,15983.26,2023-04-17 11:01:01
7051,52,52,WITHDRAWAL,43030.68,2023-07-09 06:27:09
7052,53,53,TRANSFER,9441.46,2023-06-15 21:03:59
7053,54,54,DEPOSIT,23918.99,2024-01-04 18:09:34
7054,55,55,WITHDRAWAL,4961.36,2023-06-16 07:31:57
7055,56,56,TRANSFER,27656.1,2023-10-29 06:11:18
7056,57,57,DEPOSIT,27074.73,2024-05-02 00:40:57
7057,58,58,WITHDRAWAL,7314.16,2023-02-25 02:01:02
7058,59,59,TRANSFER,42893.7,2023-04-09 14:37:24
7059,60,60,DEPOSIT,43060.66,2023-04-23 22:30:04
7060,61,61,WITHDRAWAL,23889.64,2023-02-22 19:30:01
7061,62,62,TRANSFER,28312.21,2023-02-26 09:10:38
7062,63,63,DEPOSIT,31350.78,2023-07-11 21:40:40
7063,64,64,WITHDRAWAL,41990.15,2023-11-18 04:21:33
7064,65,65,TRANSFER,46881.05,2023-10-08 22:59:46
7065,66,66,DEPOSIT,20325.51,2023-07-23 20:45:59
7066,67,67,WITHDRAWAL,2155.02,2023-12-02 10:39:34
7067,68,68,TRANSFER,39033.79,2023-09-06 22:19:17
7068,69,69,DEPOSIT,9638.36,2023-01-22 11:43:02
7069,70,70,WITHDRAWAL,19544.9,2023-10-18 05:56:30
7070,71,71,TRANSFER,41820.26,2024-04-16 00:47:45
7071,72,72,DEPOSIT,37432.94,2023-06-24 13:06:14
7072,73,73,WITHDRAWAL,23973.5,2023-04-09 21:32:06
7073,74,74,TRANSFER,44438.32,2024-01-31 18:38:59
7074,75,75,DEPOSIT,43594.84,2024-05-16 19:04:34
7075,76,76,WITHDRAWAL,7872.68,2024-05-08 11:40:44
7076,77,77,TRANSFER,26067.71,2024-04-10 05:46:30
7077,78,78,DEPOSIT,38657.23,2024-01-22 03:14:23
7078,79,79,WITHDRAWAL,29995.09,2023-12-03 02:53:12
7079,80,80,TRANSFER,3326.04,2023-11-21 03:20:32
7080,81,81,DEPOSIT,35226.67,2023-03-07 21:34:54
7081,82,82,WITHDRAWAL,38648.17,2023-04-24 01:30:20
7082,83,83,TRANSFER,18482.36,2023-02-01 00:41:41
7083,84,84,DEPOSIT,14048.87,2023-11-02 11:02:04
7084,85,85,WITHDRAWAL,40342.5,2024-05-19 23:59:19
7085,86,86,TRANSFER,15181.81,2023-09-23 05:41:51
7086,87,87,DEPOSIT,30268.74,2024-02-20 18:32:47
7087,88,88,WITHDRAWAL,42770.39,2023-08-28 08:10:50
7088,89,89,TRANSFER,25576.88,2023-12-31 23:47:32
7089,90,90,DEPOSIT,37873.31,2023-10-27 21:18:39
7090,91,91,WITHDRAWAL,34765.53,2024-04-02 22:12:55
7091,92,92,TRANSFER,29971.1,2024-04-15 01:50:07
7092,93,93,DEPOSIT,6871.99,2024-03-21 19:54:50
7093,94,94,WITHDRAWAL,4558.47,2023-09-19 19:32:17
7094,95,95,TRANSFER,48761.58,2024-01-16 08:12:48
7095,96,96,DEPOSIT,25854.71,2024-02-18 18:58:36
7096,97,97,WITHDRAWAL,3156.09,2024-05-05 09:30:46
7097,98,98,TRANSFER,13417.9,2024-05-03 15:40:20
7098,99,99,DEPOSIT,43738.83,2023-07-30 16:29:19
7099,100,100,WITHDRAWAL,25680.76,2024-04-06 17:02:58
7100,101,101,TRANSFER,46341.72,2023-09-01 03:42:19
7101,102,102,DEPOSIT,45361.81,2023-09-09 18:51:41
7102,103,103,WITHDRAWAL,9571.42,2024-03-15 15:16:58
7103,104,104,TRANSFER,9600.41,2023-08-26 22:44:01
7104,105,105,DEPOSIT,25888.41,2023-09-18 04:49:27
7105,106,106,WITHDRAWAL,13933.32,2023-11-16 15:38:51
7106,107,107,TRANSFER,21198.17,2024-04-09 07:03:48
7107,108,108,DEPOSIT,9425.76,2024-05-26 22:43:19
7108,109,109,WITHDRAWAL,44528.61,2024-04-21 04:08:59
7109,110,110,TRANSFER,40114.2,2023-04-19 04:19:26
7110,111,111,DEPOSIT,9506.4,2023-08-18 03:29:01
7111,112,112,WITHDRAWAL,35633.93,2023-10-08 18:36:17
7112,113,113,TRANSFER,16063.91,2024-03-05 10:51:45
7113,114,114,DEPOSIT,29091.63,2023-12-26 09:10:29
7114,115,115,WITHDRAWAL,5869.37,2023-05-15 16:42:04
7115,116,116,TRANSFER,31933.38,2023-08-15 09:13:44
7116,117,117,DEPOSIT,29910.58,2023-06-09 19:09:23
7117,118,118,WITHDRAWAL,41521.16,2024-05-07 00:15:23
7118,119,119,TRANSFER,44364.79,2023-05-23 04:49:05
7119,120,120,DEPOSIT,18756.18,2024-01-21 23:55:31
7120,121,121,WITHDRAWAL,24222.32,2023-11-01 04:31:00
7121,122,122,TRANSFER,46624.87,2023-07-30 06:58:06
7122,123,123,DEPOSIT,26875.06,2023-12-23 13:51:25
7123,124,124,WITHDRAWAL,12743.74,2023-04-24 15:58:25
7124,125,125,TRANSFER,12634.26,2023-02-25 23:06:50
7125,126,126,DEPOSIT,40657.6,2023-10-20 11:37:29
7126,127,127,WITHDRAWAL,173.32,2023-11-02 07:33:37
7127,128,128,TRANSFER,40601.44,2023-05-27 17:52:29
7128,129,129,DEPOSIT,46391.01,2023-07-17 22:01:07
7129,130,130,WITHDRAWAL,46738.2,2023-12-20 05:21:04
7130,131,131,TRANSFER,29183.34,2024-03-03 16:45:05
7131,132,132,DEPOSIT,25560.81,2023-08-04 05:21:46
7132,133,133,WITHDRAWAL,9967.51,2023-11-23 14:33:40
7133,134,134,TRANSFER,49079.07,2023-02-09 14:34:44
7134,135,135,DEPOSIT,49085.02,2024-05-02 20:52:11
7135,136,136,WITHDRAWAL,5412.88,2024-04-07 08:40:12
7136,137,137,TRANSFER,19350.37,2023-12-06 13:28:51
7137,138,138,DEPOSIT,6994.97,2023-04-03 18:36:43
7138,139,139,WITHDRAWAL,18073.13,2023-04-06 11:19:53
7139,140,140,TRANSFER,2061.32,2023-02-12 07:59:37
7140,141,141,DEPOSIT,13875.03,2023-02-24 14:06:49
7141,142,142,WITHDRAWAL,26765.78,2024-03-02 00:36:27
7142,143,143,TRANSFER,39195.69,2023-04-09 23:19:13
7143,144,144,DEPOSIT,10252.59,2023-11-25 18:12:38
7144,145,145,WITHDRAWAL,28332.7,2024-05-27 20:49:38
7145,146,146,TRANSFER,5580.49,2023-01-08 15:43:51
7146,147,147,DEPOSIT,35981.4,2024-04-29 22:54:51
7147,148,148,WITHDRAWAL,21495.83,2023-08-09 17:39:00
7148,149,149,TRANSFER,11029.68,2023-06-29 00:36:50
7149,150,150,DEPOSIT,28535.15,2024-04-13 21:03:43
7150,151,151,WITHDRAWAL,46393.3,2023-07-27 04:18:54
7151,152,152,TRANSFER,42039.99,2023-10-02 14:40:35
7152,153,153,DEPOSIT,1157.47,2023-04-28 19:56:49
7153,154,154,WITHDRAWAL,15842.72,2024-03-29 16:47:10
7154,155,155,TRANSFER,8600.4,2023-06-20 18:43:00
7155,156,156,DEPOSIT,10165.03,2023-10-25 16:42:28
7156,157,157,WITHDRAWAL,881.85,2024-04-23 16:36:07
7157,158,158,TRANSFER,4567.98,2023-05-05 13:59:38
7158,159,159,DEPOSIT,48933.84,2024-04-22 00:15:18
7159,160,160,WITHDRAWAL,40479.42,2023-07-29 12:06:57
7160,161,161,TRANSFER,4793.23,2023-04-07 18:01:40
7161,162,162,DEPOSIT,11056.46,2023-11-12 15:53:10
7162,163,163,WITHDRAWAL,30484.26,2023-12-23 21:49:26
7163,164,164,TRANSFER,45882.1,2023-05-15 19:04:40
7164,165,165,DEPOSIT,5378.27,2023-08-06 01:42:40
7165,166,166,WITHDRAWAL,33561.37,2023-07-05 11:00:33
7166,167,167,TRANSFER,28986.08,2023-12-05 00:35:26
7167,168,168,DEPOSIT,42480.98,2024-04-10 19:31:21
7168,169,169,WITHDRAWAL,10677.26,2023-12-13 13:07:20
7169,170,170,TRANSFER,42365.64,2023-03-19 22:58:09
7170,171,171,DEPOSIT,35624.13,2023-11-14 07:38:13
7171,172,172,WITHDRAWAL,7527.77,2023-12-10 17:18:41
7172,173,173,TRANSFER,42530.81,2023-10-26 15:08:35
7173,174,174,DEPOSIT,1161.1,2023-10-23 06:44:42
7174,175,175,WITHDRAWAL,10264.39,2023-07-31 01:17:22
7175,176,176,TRANSFER,21838.15,2024-01-17 18:35:37
7176,177,177,DEPOSIT,17121.01,2024-02-11 22:51:48
7177,178,178,WITHDRAWAL,24956.62,2023-01-17 02:10:14
7178,179,179,TRANSFER,19401.15,2024-04-23 04:19:15
7179,180,180,DEPOSIT,30331.63,2023-12-10 11:00:33
7180,181,181,WITHDRAWAL,7234.34,2023-10-17 16:29:52
7181,182,182,TRANSFER,30051.67,2023-03-02 02:02:17
7182,183,183,DEPOSIT,8427.4,2023-10-21 08:10:20
7183,184,184,WITHDRAWAL,10364.47,2023-11-10 19:13:24
7184,185,185,TRANSFER,17669.74,2023-09-02 01:19:55
7185,186,186,DEPOSIT,12445.8,2023-08-01 22:22:22
7186,187,187,WITHDRAWAL,44923.65,2023-08-14 18:38:44
7187,188,188,TRANSFER,30025.78,2023-10-22 17:20:59
7188,189,189,DEPOSIT,48033.15,2023-12-31 20:05:07
7189,190,190,WITHDRAWAL,12211.2,2024-03-13 12:50:34
7190,191,191,TRANSFER,22617.77,2023-02-20 06:00:05
7191,192,192,DEPOSIT,19449.61,2023-01-17 23:51:35
7192,193,193,WITHDRAWAL,17982.43,2023-09-26 02:41:56
7193,194,194,TRANSFER,24552.96,2023-01-16 22:02:17
7194,195,195,DEPOSIT,45460.31,2023-12-12 21:30:26
7195,196,196,WITHDRAWAL,21873.74,2023-03-11 11:40:19
7196,197,197,TRANSFER,11435.56,2023-09-28 11:28:43
7197,198,198,DEPOSIT,45580.82,2023-10-12 17:49:17
7198,199,199,WITHDRAWAL,23931.75,2023-07-21 20:07:28
7199,200,200,TRANSFER,10964.65,2023-05-11 21:50:39
7200,201,1,DEPOSIT,32254.0,2024-03-30 18:24:36
7201,202,2,WITHDRAWAL,26551.52,2024-04-10 08:07:50
7202,203,3,TRANSFER,42296.67,2023-06-02 00:20:25
7203,204,4,DEPOSIT,18234.95,2023-10-24 06:37:59
7204,205,5,WITHDRAWAL,4507.73,2023-06-27 13:02:36
7205,206,6,TRANSFER,4627.92,2023-05-04 07:22:58
7206,207,7,DEPOSIT,2512.75,2024-03-05 09:23:12
7207,208,8,WITHDRAWAL,26267.44,2023-03-03 13:25:37
7208,209,9,TRANSFER,22660.51,2023-07-18 04:15:13
7209,210,10,DEPOSIT,7090.29,2023-08-16 16:45:52
7210,211,11,WITHDRAWAL,13932.89,2023-12-05 13:38:55
7211,212,12,TRANSFER,11462.14,2023-05-25 11:39:55
7212,213,13,DEPOSIT,8339.77,2023-08-31 00:36:51
7213,214,14,WITHDRAWAL,11598.46,2023-02-21 20:50:56
7214,215,15,TRANSFER,31051.02,2023-03-13 16:03:20
7215,216,16,DEPOSIT,32734.55,2024-03-20 18:12:22
7216,217,17,WITHDRAWAL,14419.27,2023-05-17 15:49:57
7217,218,18,TRANSFER,47101.39,2024-01-01 06:03:53
7218,219,19,DEPOSIT,11819.9,2023-05-11 10:22:17
7219,220,20,WITHDRAWAL,30135.69,2023-06-01 18:14:25
7220,221,21,TRANSFER,3378.43,2023-03-01 20:16:08
7221,222,22,DEPOSIT,13459.52,2023-03-20 20:17:21
7222,223,23,WITHDRAWAL,26702.33,2023-05-19 19:46:47
7223,224,24,TRANSFER,27676.4,2023-12-26 06:19:01
7224,225,25,DEPOSIT,36163.19,2023-10-14 13:21:52
7225,226,26,WITHDRAWAL,26687.53,2023-04-29 14:52:52
7226,227,27,TRANSFER,12289.87,2023-05-26 02:19:46
7227,228,28,DEPOSIT,16280.64,2023-01-07 19:02:47
7228,229,29,WITHDRAWAL,38319.82,2023-05-14 10:28:56
7229,230,30,TRANSFER,40667.16,2024-02-03 15:35:49
7230,231,31,DEPOSIT,25230.44,2024-01-25 01:41:48
7231,232,32,WITHDRAWAL,19696.35,2023-02-14 03:45:43
7232,233,33,TRANSFER,2426.74,2023-05-10 17:07:45
7233,234,34,DEPOSIT,42328.39,2023-05-02 02:21:43
7234,235,35,WITHDRAWAL,43085.8,2023-07-07 21:49:09
7235,236,36,TRANSFER,28697.49,2023-10-13 04:56:00
7236,237,37,DEPOSIT,23125.64,2023-08-05 22:06:05
7237,238,38,WITHDRAWAL,8765.5,2023-12-20 08:46:25
7238,239,39,TRANSFER,35674.35,2023-03-27 08:14:25
7239,240,40,DEPOSIT,32010.4,2023-05-06 21:31:07
7240,241,41,WITHDRAWAL,3363.03,2023-02-02 20:02:09
7241,242,42,TRANSFER,6803.85,2023-10-21 03:42:49
7242,243,43,DEPOSIT,23044.03,2023-08-12 01:50:33
7243,244,44,WITHDRAWAL,33879.5,2024-01-16 13:27:05
7244,245,45,TRANSFER,27520.28,2023-11-03 19:38:56
7245,246,46,DEPOSIT,44440.75,2023-11-10 17:12:46
7246,247,47,WITHDRAWAL,48105.62,2023-12-29 10:25:52
7247,248,48,TRANSFER,17703.23,2024-02-08 15:05:33
7248,249,49,DEPOSIT,28877.82,2024-04-15 07:39:28
7249,250,50,WITHDRAWAL,37584.05,2023-11-11 17:26:58
7250,251,51,TRANSFER,46844.14,2024-02-11 14:11:44
7251,252,52,DEPOSIT,25162.6,2023-05-10 15:09:29
7252,253,53,WITHDRAWAL,6320.73,2024-01-24 03:34:51
7253,254,54,TRANSFER,10352.58,2023-01-29 06:51:21
7254,255,55,DEPOSIT,49735.78,2024-04-10 21:02:56
7255,256,56,WITHDRAWAL,5785.65,2023-08-20 19:21:55
7256,257,57,TRANSFER,19134.79,2023-11-17 07:56:08
7257,258,58,DEPOSIT,18687.43,2023-08-21 15:25:10
7258,259,59,WITHDRAWAL,24366.21,2023-09-02 07:32:49
7259,260,60,TRANSFER,10786.37,2023-01-13 11:02:09
7260,261,61,DEPOSIT,37519.87,2024-05-10 21:38:20
7261,262,62,WITHDRAWAL,43261.21,2023-12-16 11:29:51
7262,263,63,TRANSFER,32457.08,2023-04-19 14:54:06
7263,264,64,DEPOSIT,19824.07,2023-08-23 13:10:07
7264,265,65,WITHDRAWAL,828.74,2023-04-21 12:57:00
7265,266,66,TRANSFER,45184.15,2023-06-26 08:55:09
7266,267,67,DEPOSIT,24343.92,2023-07-16 10:46:10
7267,268,68,WITHDRAWAL,35647.39,2023-12-29 05:22:34
7268,269,69,TRANSFER,44120.35,2023-10-16 14:30:47
7269,270,70,DEPOSIT,6529.4,2023-12-26 20:31:30
7270,271,71,WITHDRAWAL,12275.85,2023-02-09 21:09:48
7271,272,72,TRANSFER,44852.97,2023-04-24 01:00:54
7272,273,73,DEPOSIT,14777.95,2023-03-20 16:05:10
7273,274,74,WITHDRAWAL,17534.25,2023-02-11 06:12:58
7274,275,75,TRANSFER,44353.46,2023-10-28 05:56:30
7275,276,76,DEPOSIT,3915.39,2023-12-03 14:49:56
7276,277,77,WITHDRAWAL,17745.17,2023-08-17 07:38:40
7277,278,78,TRANSFER,27584.82,2024-02-03 02:50:20
7278,279,79,DEPOSIT,46699.52,2023-02-01 11:25:47
7279,280,80,WITHDRAWAL,3397.11,2024-01-08 09:45:16
7280,281,81,TRANSFER,9682.03,2023-09-15 10:43:12
7281,282,82,DEPOSIT,8305.61,2024-01-29 13:53:59
7282,283,83,WITHDRAWAL,7305.49,2023-03-20 16:25:11
7283,284,84,TRANSFER,13487.73,2024-03-12 04:47:54
7284,285,85,DEPOSIT,25480.24,2023-01-20 04:08:02
7285,286,86,WITHDRAWAL,26059.34,2024-05-04 20:37:29
7286,287,87,TRANSFER,22423.45,2023-01-19 17:59:57
7287,288,88,DEPOSIT,39927.57,2023-09-17 10:58:27
7288,289,89,WITHDRAWAL,17352.82,2023-12-24 12:26:44
7289,290,90,TRANSFER,14253.51,2023-09-11 15:14:01
7290,291,91,DEPOSIT,40063.19,2023-02-09 13:08:58
7291,292,92,WITHDRAWAL,6173.66,2024-03-30 20:46:11
7292,293,93,TRANSFER,37927.04,2023-12-07 12:19:41
7293,294,94,DEPOSIT,38184.35,2023-12-03 15:18:50
7294,295,95,WITHDRAWAL,33319.34,2023-01-29 01:59:42
7295,296,96,TRANSFER,36435.94,2024-03-01 15:16:09
7296,297,97,DEPOSIT,25302.33,2024-03-15 21:32:23
7297,298,98,WITHDRAWAL,46648.05,2023-04-30 02:16:42
7298,299,99,TRANSFER,16514.3,2023-10-21 13:01:56
7299,300,100,DEPOSIT,36575.18,2023-12-08 15:36:42
7300,301,101,WITHDRAWAL,13362.62,2024-05-08 09:04:25
7301,302,102,TRANSFER,38107.82,2023-04-21 11:00:34
7302,303,103,DEPOSIT,4668.55,2023-06-02 11:56:08
7303,304,104,WITHDRAWAL,13795.23,2023-10-26 04:13:10
7304,305,105,TRANSFER,2104.16,2023-06-21 01:31:31
7305,306,106,DEPOSIT,615.62,2023-08-24 06:39:25
7306,307,107,WITHDRAWAL,9732.73,2023-04-14 06:13:08
7307,308,108,TRANSFER,9691.28,2024-03-18 04:25:32
7308,309,109,DEPOSIT,21351.31,2023-04-28 18:53:41
7309,310,110,WITHDRAWAL,12764.84,2024-03-17 07:46:12
7310,311,111,TRANSFER,38.34,2023-06-13 14:09:59
7311,312,112,DEPOSIT,8177.94,2023-02-21 10:35:03
7312,313,113,WITHDRAWAL,13282.73,2023-01-30 02:19:24
7313,314,114,TRANSFER,39352.74,2024-01-10 21:31:11
7314,315,115,DEPOSIT,23420.65,2023-06-20 04:12:59
7315,316,116,WITHDRAWAL,46241.84,2023-05-09 15:04:51
7316,317,117,TRANSFER,5720.71,2024-01-19 07:10:32
7317,318,118,DEPOSIT,40586.37,2023-12-23 23:40:55
7318,319,119,WITHDRAWAL,30843.75,2023-09-24 05:04:59
7319,320,120,TRANSFER,42531.19,2023-10-17 00:45:07
7320,321,121,DEPOSIT,28856.4,2023-07-20 11:01:21
7321,322,122,WITHDRAWAL,44459.62,2024-03-01 14:04:08
7322,323,123,TRANSFER,31579.91,2023-09-14 18:49:41
7323,324,124,DEPOSIT,26340.19,2023-09-11 15:01:03
7324,325,125,WITHDRAWAL,26007.21,2024-04-03 02:17:17
7325,326,126,TRANSFER,40311.39,2023-08-05 16:16:38
7326,327,127,DEPOSIT,11317.68,2023-07-10 12:39:32
7327,328,128,WITHDRAWAL,21699.33,2023-01-18 06:18:27
7328,329,129,TRANSFER,16414.4,2023-07-31 09:57:43
7329,330,130,DEPOSIT,15035.44,2024-01-31 05:22:20
7330,331,131,WITHDRAWAL,2573.82,2023-11-11 08:19:27
7331,332,132,TRANSFER,15024.12,2024-04-04 13:57:14
7332,333,133,DEPOSIT,5333.78,2023-07-20 02:48:00
7333,334,134,WITHDRAWAL,27755.15,2023-04-25 22:23:50
7334,335,135,TRANSFER,44038.5,2023-06-20 01:34:17
7335,336,136,DEPOSIT,23222.74,2023-07-13 04:48:45
7336,337,137,WITHDRAWAL,46303.32,2023-04-30 00:56:27
7337,338,138,TRANSFER,25297.12,2024-02-26 03:30:48
7338,339,139,DEPOSIT,37128.75,2023-11-17 12:15:38
7339,340,140,WITHDRAWAL,28332.98,2023-11-22 16:09:38
7340,341,141,TRANSFER,4065.65,2023-08-21 07:20:23
7341,342,142,DEPOSIT,31156.68,2023-05-07 04:12:11
7342,343,143,WITHDRAWAL,3325.37,2024-05-29 21:01:20
7343,344,144,TRANSFER,46306.96,2023-09-01 20:34:57
7344,345,145,DEPOSIT,21786.82,2023-02-14 04:44:58
7345,346,146,WITHDRAWAL,7710.76,2023-12-02 16:11:24
7346,347,147,TRANSFER,48918.15,2024-01-03 12:36:18
7347,348,148,DEPOSIT,46880.33,2023-09-17 06:13:09
7348,349,149,WITHDRAWAL,15407.29,2023-04-02 19:53:59
7349,350,150,TRANSFER,43956.5,2024-01-13 21:23:21
7350,351,151,DEPOSIT,46392.5,2024-01-18 00:56:57
7351,352,152,WITHDRAWAL,29425.28,2023-11-04 20:24:00
7352,353,153,TRANSFER,21510.98,2023-11-11 19:40:10
7353,354,154,DEPOSIT,14330.51,2023-07-02 14:47:34
7354,355,155,WITHDRAWAL,40228.43,2024-04-19 05:54:01
7355,356,156,TRANSFER,7968.01,2023-09-19 01:34:06
7356,357,157,DEPOSIT,29676.37,2023-09-12 02:23:08
7357,358,158,WITHDRAWAL,5041.99,2023-03-06 08:57:53
7358,359,159,TRANSFER,39811.75,2023-03-05 22:22:27
7359,360,160,DEPOSIT,7510.81,2023-01-07 14:15:45
7360,361,161,WITHDRAWAL,24637.5,2023-11-29 20:36:48
7361,362,162,TRANSFER,46719.37,2023-03-13 16:52:37
7362,363,163,DEPOSIT,7602.87,2024-05-18 07:01:54
7363,364,164,WITHDRAWAL,114.34,2023-02-09 21:22:43
7364,365,165,TRANSFER,1643.9,2023-05-18 22:12:07
7365,366,166,DEPOSIT,49185.22,2023-08-15 08:31:08
7366,367,167,WITHDRAWAL,33940.2,2023-10-12 21:01:55
7367,368,168,TRANSFER,33306.25,2023-10-05 11:37:55
7368,369,169,DEPOSIT,2031.09,2023-03-09 23:29:40
7369,370,170,WITHDRAWAL,16513.79,2023-08-29 14:28:57
7370,371,171,TRANSFER,49815.81,2023-01-31 05:56:09
7371,372,172,DEPOSIT,49409.35,2023-03-05 23:02:12
7372,373,173,WITHDRAWAL,20.65,2024-04-22 04:33:46
7373,374,174,TRANSFER,39479.24,2023-05-30 07:45:54
7374,375,175,DEPOSIT,41211.3,2023-10-31 14:14:09
7375,376,176,WITHDRAWAL,5385.85,2024-01-16 20:58:28
7376,377,177,TRANSFER,14578.51,2024-04-05 21:13:17
7377,378,178,DEPOSIT,3593.45,2024-02-13 14:58:54
7378,379,179,WITHDRAWAL,14229.4,2024-04-20 22:14:41
7379,380,180,TRANSFER,23122.2,2023-02-20 10:36:58
7380,381,181,DEPOSIT,7878.13,2023-07-21 22:25:11
7381,382,182,WITHDRAWAL,4815.05,2024-02-04 22:16:20
7382,383,183,TRANSFER,11197.36,2024-04-16 01:40:24
7383,384,184,DEPOSIT,1611.37,2023-08-09 08:29:45
7384,385,185,WITHDRAWAL,33253.78,2023-09-21 01:02:07
7385,386,186,TRANSFER,40515.44,2024-01-03 03:01:36
7386,387,187,DEPOSIT,47585.71,2023-10-06 15:37:13
7387,388,188,WITHDRAWAL,14689.73,2023-08-26 23:41:12
7388,389,189,TRANSFER,20904.3,2023-11-08 12:56:04
7389,390,190,DEPOSIT,39714.93,2023-07-02 15:02:57
7390,391,191,WITHDRAWAL,33316.11,2023-08-29 06:15:22
7391,392,192,TRANSFER,12041.66,2023-06-13 12:53:09
7392,393,193,DEPOSIT,35164.7,2023-04-26 12:21:31
7393,394,194,WITHDRAWAL,3981.86,2023-01-29 13:57:28
7394,395,195,TRANSFER,43758.33,2024-04-01 11:12:24
7395,396,196,DEPOSIT,5392.65,2023-04-25 16:57:15
7396,397,197,WITHDRAWAL,6314.23,2023-12-15 16:28:44
7397,398,198,TRANSFER,14130.94,2023-02-27 01:03:39
7398,399,199,DEPOSIT,34389.41,2023-09-16 10:30:12
7399,400,200,WITHDRAWAL,11970.31,2024-03-25 22:22:52
7400,401,1,TRANSFER,21772.39,2024-01-10 01:36:51
7401,402,2,DEPOSIT,46494.36,2023-04-06 05:46:28
7402,403,3,WITHDRAWAL,36471.73,2024-03-04 20:16:01
7403,404,4,TRANSFER,46872.44,2023-08-23 23:51:58
7404,405,5,DEPOSIT,44780.53,2023-06-12 22:25:52
7405,406,6,WITHDRAWAL,1701.47,2024-05-24 16:06:46
7406,407,7,TRANSFER,19545.81,2023-05-02 13:56:54
7407,408,8,DEPOSIT,3312.11,2023-09-26 00:51:45
7408,409,9,WITHDRAWAL,42057.66,2023-01-25 08:57:23
7409,410,10,TRANSFER,19484.06,2023-07-15 21:00:44
7410,411,11,DEPOSIT,23180.56,2024-01-22 12:15:06
7411,412,12,WITHDRAWAL,39188.4,2023-11-05 17:44:37
7412,413,13,TRANSFER,22486.12,2023-09-09 07:57:38
7413,414,14,DEPOSIT,37266.61,2023-09-11 22:00:36
7414,415,15,WITHDRAWAL,32923.66,2023-11-25 01:08:41
7415,416,16,TRANSFER,43408.01,2024-03-16 01:36:24
7416,417,17,DEPOSIT,381.86,2023-05-23 21:17:53
7417,418,18,WITHDRAWAL,47714.94,2023-05-08 12:31:14
7418,419,19,TRANSFER,4669.88,2023-11-19 23:05:35
7419,420,20,DEPOSIT,7416.91,2023-09-17 20:34:51
7420,421,21,WITHDRAWAL,12008.77,2023-04-20 00:08:44
7421,422,22,TRANSFER,24772.93,2024-04-14 01:55:08
7422,423,23,DEPOSIT,45366.27,2023-08-04 19:43:43
7423,424,24,WITHDRAWAL,20899.33,2023-05-21 05:00:17
7424,425,25,TRANSFER,31580.58,2023-01-08 03:58:08
7425,426,26,DEPOSIT,40012.43,2023-09-24 09:17:36
7426,427,27,WITHDRAWAL,16865.62,2023-10-17 17:40:09
7427,428,28,TRANSFER,24145.09,2023-03-23 05:50:02
7428,429,29,DEPOSIT,10093.64,2024-01-25 04:45:01
7429,430,30,WITHDRAWAL,16632.57,2023-04-25 19:18:02
7430,431,31,TRANSFER,42890.13,2024-05-26 14:25:02
7431,432,32,DEPOSIT,13679.57,2024-01-28 05:31:50
7432,433,33,WITHDRAWAL,44480.42,2023-10-31 10:59:34
7433,434,34,TRANSFER,30627.06,2024-04-03 15:29:25
7434,435,35,DEPOSIT,9841.08,2024-04-20 12:41:31
7435,436,36,WITHDRAWAL,22753.08,2023-01-31 14:56:22
7436,437,37,TRANSFER,27360.69,2024-04-04 00:34:30
7437,438,38,DEPOSIT,49839.54,2024-02-23 11:48:55
7438,439,39,WITHDRAWAL,2235.24,2023-12-21 12:35:26
7439,440,40,TRANSFER,905.57,2023-09-16 08:12:51
7440,441,41,DEPOSIT,31355.87,2024-04-02 17:43:33
7441,442,42,WITHDRAWAL,23731.13,2023-02-18 18:38:53
7442,443,43,TRANSFER,46453.13,2023-11-21 02:00:45
7443,444,44,DEPOSIT,28599.16,2024-04-17 20:07:02
7444,445,45,WITHDRAWAL,41741.76,2023-09-02 19:22:21
7445,446,46,TRANSFER,22469.07,2023-06-23 03:08:55
7446,447,47,DEPOSIT,44576.74,2023-08-22 05:40:17
7447,448,48,WITHDRAWAL,40838.65,2023-01-31 01:36:55
7448,449,49,TRANSFER,12714.55,2024-03-26 03:51:03
7449,450,50,DEPOSIT,224.21,2023-07-26 02:46:45
7450,451,51,WITHDRAWAL,2036.8,2023-06-28 00:59:10
7451,452,52,TRANSFER,11956.61,2023-12-15 22:37:32
7452,453,53,DEPOSIT,21506.24,2023-01-02 17:57:02
7453,454,54,WITHDRAWAL,40121.53,2023-03-01 02:42:47
7454,455,55,TRANSFER,26767.53,2023-08-01 12:55:14
7455,456,56,DEPOSIT,46996.45,2024-02-29 12:21:16
7456,457,57,WITHDRAWAL,25092.57,2023-01-13 16:39:47
7457,458,58,TRANSFER,39401.81,2024-05-12 02:49:51
7458,459,59,DEPOSIT,33169.08,2024-04-11 05:22:38
7459,460,60,WITHDRAWAL,49443.53,2024-01-21 17:57:30
7460,461,61,TRANSFER,26709.16,2023-06-15 18:20:08
7461,462,62,DEPOSIT,14384.98,2024-03-05 00:43:22
7462,463,63,WITHDRAWAL,42763.14,2023-04-01 00:00:15
7463,464,64,TRANSFER,28042.13,2023-10-30 03:58:47
7464,465,65,DEPOSIT,8870.06,2023-09-13 05:18:46
7465,466,66,WITHDRAWAL,10020.85,2024-05-24 14:38:15
7466,467,67,TRANSFER,3993.05,2023-11-30 14:28:09
7467,468,68,DEPOSIT,12287.36,2024-05-17 10:01:37
7468,469,69,WITHDRAWAL,1044.34,2024-01-08 17:19:22
7469,470,70,TRANSFER,46554.79,2023-04-11 21:05:29
7470,471,71,DEPOSIT,8459.44,2023-07-20 13:04:13
7471,472,72,WITHDRAWAL,33593.83,2023-08-16 01:10:36
7472,473,73,TRANSFER,8101.45,2023-11-19 18:53:29
7473,474,74,DEPOSIT,10212.63,2023-11-28 05:35:34
7474,475,75,WITHDRAWAL,18077.87,2023-05-08 07:27:12
7475,476,76,TRANSFER,15481.53,2023-08-13 07:13:17
7476,477,77,DEPOSIT,34580.96,2024-02-26 05:34:08
7477,478,78,WITHDRAWAL,3438.8,2024-05-11 08:14:41
7478,479,79,TRANSFER,43662.33,2023-05-01 20:00:33
7479,480,80,DEPOSIT,47679.74,2023-01-03 14:02:32
7480,481,81,WITHDRAWAL,38935.46,2023-02-21 05:59:55
7481,482,82,TRANSFER,48257.53,2023-07-29 18:07:02
7482,483,83,DEPOSIT,38247.37,2023-03-30 01:23:02
7483,484,84,WITHDRAWAL,6080.74,2023-09-20 04:00:44
7484,485,85,TRANSFER,23270.21,2024-02-20 05:30:54
7485,486,86,DEPOSIT,24067.28,2023-04-05 20:03:45
7486,487,87,WITHDRAWAL,13922.25,2024-04-22 04:36:44
7487,488,88,TRANSFER,17819.39,2023-03-06 16:13:47
7488,489,89,DEPOSIT,17668.48,2023-03-13 11:33:55
7489,490,90,WITHDRAWAL,40332.03,2023-10-29 06:37:11
7490,491,91,TRANSFER,47247.59,2024-02-28 13:12:42
7491,492,92,DEPOSIT,45546.89,2023-01-15 03:47:09
7492,493,93,WITHDRAWAL,40220.72,2024-04-26 20:00:44
7493,494,94,TRANSFER,49606.23,2023-03-09 03:03:49
7494,495,95,DEPOSIT,7299.19,2023-05-07 01:20:40
7495,496,96,WITHDRAWAL,26109.11,2023-05-05 12:57:03
7496,497,97,TRANSFER,9716.58,2024-02-20 09:33:59
7497,498,98,DEPOSIT,17575.62,2024-05-05 13:19:22
7498,499,99,WITHDRAWAL,42676.78,2023-09-22 05:25:45
7499,500,100,TRANSFER,5187.43,2023-12-02 20:32:57
7500,501,101,DEPOSIT,38795.35,2024-02-03 00:11:47
7501,502,102,WITHDRAWAL,10625.88,2023-11-09 14:23:12
7502,503,103,TRANSFER,31057.54,2023-05-28 16:32:06
7503,504,104,DEPOSIT,38675.43,2024-01-11 11:39:36
7504,505,105,WITHDRAWAL,48807.1,2023-02-21 23:07:00
7505,506,106,TRANSFER,41727.21,2023-06-26 02:56:55
7506,507,107,DEPOSIT,27877.31,2024-01-19 23:49:16
7507,508,108,WITHDRAWAL,19369.91,2023-12-22 15:00:07
7508,509,109,TRANSFER,18449.85,2024-05-14 01:34:42
7509,510,110,DEPOSIT,1828.61,2023-02-02 14:16:38
7510,511,111,WITHDRAWAL,196.05,2023-05-27 02:04:30
7511,512,112,TRANSFER,865.9,2023-10-04 01:32:10
7512,513,113,DEPOSIT,32439.35,2023-10-17 08:36:01
7513,514,114,WITHDRAWAL,37489.14,2023-11-19 18:06:33
7514,515,115,TRANSFER,48479.49,2023-01-06 18:39:02
7515,516,116,DEPOSIT,4270.41,2023-12-26 23:55:02
7516,517,117,WITHDRAWAL,29736.48,2023-03-16 13:08:51
7517,518,118,TRANSFER,38308.6,2024-03-12 01:29:00
7518,519,119,DEPOSIT,6797.16,2024-04-05 12:11:12
7519,520,120,WITHDRAWAL,27683.72,2024-01-19 23:15:58
7520,521,121,TRANSFER,36297.92,2024-03-04 10:39:16
7521,522,122,DEPOSIT,5996.45,2023-09-22 15:10:13
7522,523,123,WITHDRAWAL,39309.45,2023-01-26 05:28:22
7523,524,124,TRANSFER,15860.17,2024-05-10 14:40:43
7524,525,125,DEPOSIT,26858.71,2023-08-31 09:11:09
7525,526,126,WITHDRAWAL,14679.63,2023-11-27 14:30:57
7526,527,127,TRANSFER,2755.1,2023-03-24 18:41:16
7527,528,128,DEPOSIT,33244.54,2023-08-22 04:13:44
7528,529,129,WITHDRAWAL,34798.38,2023-04-17 08:21:50
7529,530,130,TRANSFER,49964.04,2023-10-22 19:54:20
7530,531,131,DEPOSIT,17003.66,2023-08-07 00:01:56
7531,532,132,WITHDRAWAL,49065.7,2023-11-17 00:47:33
7532,533,133,TRANSFER,18195.62,2024-02-17 09:51:18
7533,534,134,DEPOSIT,15426.17,2024-01-23 00:44:37
7534,535,135,WITHDRAWAL,20349.48,2023-08-21 21:03:08
7535,536,136,TRANSFER,49062.88,2023-01-21 07:25:47
7536,537,137,DEPOSIT,9246.96,2023-09-12 13:46:28
7537,538,138,WITHDRAWAL,43476.55,2023-03-14 07:04:01
7538,539,139,TRANSFER,30149.29,2024-02-12 17:51:29
7539,540,140,DEPOSIT,18132.98,2023-03-19 18:25:15
7540,541,141,WITHDRAWAL,48732.21,2023-03-15 21:51:35
7541,542,142,TRANSFER,15922.4,2023-09-17 06:12:22
7542,543,143,DEPOSIT,9139.12,2023-04-07 02:26:16
7543,544,144,WITHDRAWAL,29115.59,2023-06-14 21:45:14
7544,545,145,TRANSFER,11583.65,2023-03-03 05:39:46
7545,546,146,DEPOSIT,15581.31,2023-08-03 18:36:40
7546,547,147,WITHDRAWAL,37744.48,2024-03-03 08:37:39
7547,548,148,TRANSFER,40580.74,2023-03-03 21:01:42
7548,549,149,DEPOSIT,46761.11,2024-03-02 08:55:04
7549,550,150,WITHDRAWAL,14867.35,2024-02-29 03:22:56
7550,551,151,TRANSFER,32898.41,2024-03-05 00:51:44
7551,552,152,DEPOSIT,44767.34,2023-03-20 00:15:26
7552,553,153,WITHDRAWAL,15601.49,2023-02-01 15:24:02
7553,554,154,TRANSFER,4657.44,2023-11-23 08:33:29
7554,555,155,DEPOSIT,13459.72,2023-09-16 20:32:19
7555,556,156,WITHDRAWAL,6853.21,2023-02-10 10:20:49
7556,557,157,TRANSFER,47449.7,2023-03-15 06:09:30
7557,558,158,DEPOSIT,210.43,2024-04-01 22:47:10
7558,559,159,WITHDRAWAL,2135.82,2024-01-06 11:29:50
7559,560,160,TRANSFER,20305.37,2023-10-08 11:55:03
7560,561,161,DEPOSIT,13221.47,2023-03-25 00:35:29
7561,562,162,WITHDRAWAL,46983.46,2024-04-03 22:18:50
7562,563,163,TRANSFER,4109.62,2023-07-12 07:08:48
7563,564,164,DEPOSIT,9264.61,2023-05-11 18:49:37
7564,565,165,WITHDRAWAL,35037.87,2024-03-17 23:12:45
7565,566,166,TRANSFER,31545.64,2023-03-22 16:20:52
7566,567,167,DEPOSIT,23521.08,2023-01-14 02:01:21
7567,568,168,WITHDRAWAL,8476.79,2023-04-09 09:08:24
7568,569,169,TRANSFER,11936.94,2024-01-31 21:12:24
7569,570,170,DEPOSIT,274.27,2023-11-13 20:00:09
7570,571,171,WITHDRAWAL,43754.89,2024-02-11 04:57:46
7571,572,172,TRANSFER,39735.1,2024-03-23 22:17:41
7572,573,173,DEPOSIT,24637.71,2023-05-26 16:11:04
7573,574,174,WITHDRAWAL,2977.99,2023-07-04 18:59:44
7574,575,175,TRANSFER,30666.77,2023-06-13 21:27:54
7575,576,176,DEPOSIT,9631.66,2023-10-29 17:04:03
7576,577,177,WITHDRAWAL,14642.39,2024-02-14 22:33:13
7577,578,178,TRANSFER,20231.98,2023-04-16 19:08:52
7578,579,179,DEPOSIT,20583.04,2024-04-03 20:45:12
7579,580,180,WITHDRAWAL,14390.26,2024-03-25 04:53:03
7580,581,181,TRANSFER,30823.08,2023-07-13 10:16:05
7581,582,182,DEPOSIT,35348.15,2023-04-07 19:37:19
7582,583,183,WITHDRAWAL,32420.4,2023-07-18 01:31:52
7583,584,184,TRANSFER,82.62,2024-01-22 13:22:34
7584,585,185,DEPOSIT,20283.19,2023-03-31 00:29:55
7585,586,186,WITHDRAWAL,37341.81,2023-05-29 11:34:21
7586,587,187,TRANSFER,28835.03,2023-04-10 13:39:14
7587,588,188,DEPOSIT,29014.4,2024-05-12 17:45:39
7588,589,189,WITHDRAWAL,6631.1,2023-07-13 05:35:52
7589,590,190,TRANSFER,11550.47,2023-02-01 05:29:52
7590,591,191,DEPOSIT,37246.56,2023-07-14 04:15:45
7591,592,192,WITHDRAWAL,34206.57,2023-02-26 01:53:29
7592,593,193,TRANSFER,48261.34,2023-04-14 06:35:33
7593,594,194,DEPOSIT,47970.4,2023-08-03 19:14:53
7594,595,195,WITHDRAWAL,150.86,2024-03-22 06:50:57
7595,596,196,TRANSFER,35864.65,2023-06-13 06:30:16
7596,597,197,DEPOSIT,20673.66,2023-01-11 16:30:12
7597,598,198,WITHDRAWAL,10324.61,2023-09-23 03:21:19
7598,599,199,TRANSFER,7357.91,2023-04-23 03:30:26
7599,600,200,DEPOSIT,39282.02,2024-05-18 06:54:43
7600,601,1,WITHDRAWAL,16262.33,2023-10-14 10:07:31
7601,602,2,TRANSFER,18942.44,2023-11-16 07:57:35
7602,603,3,DEPOSIT,34018.92,2024-02-08 00:21:43
7603,604,4,WITHDRAWAL,33159.36,2023-12-11 09:47:40
7604,605,5,TRANSFER,7304.31,2024-05-08 06:13:09
7605,606,6,DEPOSIT,17665.38,2023-10-30 07:25:10
7606,607,7,WITHDRAWAL,12146.0,2024-05-29 10:13:59
7607,608,8,TRANSFER,47457.66,2024-01-15 18:00:30
7608,609,9,DEPOSIT,2456.18,2023-12-06 18:40:27
7609,610,10,WITHDRAWAL,21670.34,2023-01-03 08:59:38
7610,611,11,TRANSFER,3079.62,2023-05-04 04:36:48
7611,612,12,DEPOSIT,37418.73,2023-02-16 06:52:52
7612,613,13,WITHDRAWAL,14460.75,2024-02-12 05:19:29
7613,614,14,TRANSFER,5529.72,2023-11-18 02:24:56
7614,615,15,DEPOSIT,7043.49,2023-08-12 01:58:52
7615,616,16,WITHDRAWAL,8861.23,2023-08-05 23:03:10
7616,617,17,TRANSFER,23666.97,2023-01-11 16:38:49
7617,618,18,DEPOSIT,3274.1,2024-02-16 08:19:01
7618,619,19,WITHDRAWAL,17398.67,2023-12-19 23:10:17
7619,620,20,TRANSFER,11223.54,2024-05-15 09:41:26
7620,621,21,DEPOSIT,34424.66,2023-06-06 01:29:41
7621,622,22,WITHDRAWAL,41975.0,2023-08-03 01:50:47
7622,623,23,TRANSFER,13489.28,2023-10-31 09:13:00
7623,624,24,DEPOSIT,11036.08,2024-01-09 02:22:42
7624,625,25,WITHDRAWAL,867.12,2023-04-14 16:22:23
7625,626,26,TRANSFER,32264.57,2023-07-02 01:55:24
7626,627,27,DEPOSIT,10951.46,2023-10-26 17:07:17
7627,628,28,WITHDRAWAL,25489.79,2024-03-04 13:18:04
7628,629,29,TRANSFER,5500.12,2023-04-23 09:15:27
7629,630,30,DEPOSIT,26106.19,2023-10-16 00:50:53
7630,631,31,WITHDRAWAL,13597.89,2023-03-18 18:24:37
7631,632,32,TRANSFER,25828.86,2024-05-26 07:29:10
7632,633,33,DEPOSIT,37322.68,2023-08-29 22:52:02
7633,634,34,WITHDRAWAL,3157.76,2023-01-16 18:24:40
7634,635,35,TRANSFER,12068.88,2023-03-25 04:50:44
7635,636,36,DEPOSIT,12612.42,2023-08-08 16:01:21
7636,637,37,WITHDRAWAL,37889.27,2023-07-09 17:58:25
7637,638,38,TRANSFER,42793.95,2024-03-07 19:48:45
7638,639,39,DEPOSIT,39951.74,2024-03-22 03:50:48
7639,640,40,WITHDRAWAL,46092.16,2024-02-16 14:24:43
7640,641,41,TRANSFER,24856.86,2024-05-02 09:48:29
7641,642,42,DEPOSIT,178.51,2024-02-15 08:44:38
7642,643,43,WITHDRAWAL,16375.56,2023-01-16 04:48:43
7643,644,44,TRANSFER,20992.11,2024-03-06 04:55:46
7644,645,45,DEPOSIT,83.01,2023-09-23 02:13:24
7645,646,46,WITHDRAWAL,9376.72,2023-05-31 05:35:38
7646,647,47,TRANSFER,36046.83,2023-08-26 22:33:18
7647,648,48,DEPOSIT,12565.87,2023-11-26 23:45:12
7648,649,49,WITHDRAWAL,29313.76,2023-07-31 05:21:29
7649,650,50,TRANSFER,20103.66,2024-05-03 10:33:30
7650,651,51,DEPOSIT,28265.13,2024-04-12 06:07:15
7651,652,52,WITHDRAWAL,4813.54,2023-10-05 04:51:55
7652,653,53,TRANSFER,31234.72,2024-01-02 12:00:17
7653,654,54,DEPOSIT,16242.51,2023-07-10 04:58:11
7654,655,55,WITHDRAWAL,17850.46,2023-09-19 02:15:08
7655,656,56,TRANSFER,26628.97,2023-07-07 07:40:52
7656,657,57,DEPOSIT,11386.61,2024-01-19 00:59:33
7657,658,58,WITHDRAWAL,831.4,2024-03-12 20:33:12
7658,659,59,TRANSFER,5168.59,2023-03-01 05:44:37
7659,660,60,DEPOSIT,11572.91,2023-04-17 09:47:08
7660,661,61,WITHDRAWAL,10255.92,2023-02-04 01:55:18
7661,662,62,TRANSFER,26753.69,2023-11-17 06:56:42
7662,663,63,DEPOSIT,5139.73,2023-02-26 09:26:09
7663,664,64,WITHDRAWAL,22069.65,2024-03-02 02:02:59
7664,665,65,TRANSFER,11044.4,2023-04-16 10:01:38
7665,666,66,DEPOSIT,10931.34,2023-06-16 15:11:55
7666,667,67,WITHDRAWAL,1840.43,2023-03-17 05:31:48
7667,668,68,TRANSFER,45910.99,2023-01-10 02:03:47
7668,669,69,DEPOSIT,6022.67,2023-11-14 18:53:18
7669,670,70,WITHDRAWAL,32154.53,2023-08-06 19:14:16
7670,671,71,TRANSFER,44656.21,2023-12-16 09:34:02
7671,672,72,DEPOSIT,17047.31,2023-03-14 14:38:55
7672,673,73,WITHDRAWAL,30592.58,2023-07-03 20:35:06
7673,674,74,TRANSFER,40272.74,2023-03-14 15:09:20
7674,675,75,DEPOSIT,26849.19,2024-04-09 17:33:28
7675,676,76,WITHDRAWAL,46914.2,2024-05-03 15:24:15
7676,677,77,TRANSFER,2218.09,2023-07-07 08:28:49
7677,678,78,DEPOSIT,27058.35,2023-08-04 05:10:24
7678,679,79,WITHDRAWAL,37868.75,2024-05-25 12:54:16
7679,680,80,TRANSFER,46312.15,2023-01-05 22:29:44
7680,681,81,DEPOSIT,40855.1,2024-01-16 05:51:47
7681,682,82,WITHDRAWAL,39788.16,2023-06-18 01:12:56
7682,683,83,TRANSFER,5013.68,2023-09-14 21:31:01
7683,684,84,DEPOSIT,29148.13,2024-01-27 05:39:25
7684,685,85,WITHDRAWAL,13890.72,2024-03-23 03:21:21
7685,686,86,TRANSFER,34821.99,2023-11-28 17:49:39
7686,687,87,DEPOSIT,37668.84,2023-10-05 05:05:31
7687,688,88,WITHDRAWAL,34799.99,2024-03-08 01:56:19
7688,689,89,TRANSFER,36947.65,2023-01-21 21:26:26
7689,690,90,DEPOSIT,28589.49,2024-05-02 03:58:32
7690,691,91,WITHDRAWAL,9635.31,2023-08-02 19:10:47
7691,692,92,TRANSFER,11718.64,2023-05-02 21:50:15
7692,693,93,DEPOSIT,36624.69,2023-02-05 02:40:00
7693,694,94,WITHDRAWAL,41365.6,2023-06-02 03:01:17
7694,695,95,TRANSFER,6640.08,2023-06-03 12:21:49
7695,696,96,DEPOSIT,3073.15,2023-12-24 22:57:43
7696,697,97,WITHDRAWAL,11289.0,2023-12-16 02:40:20
7697,698,98,TRANSFER,1584.23,2023-04-15 11:32:31
7698,699,99,DEPOSIT,18338.45,2023-06-08 13:53:07
7699,700,100,WITHDRAWAL,41738.97,2023-08-21 16:49:48
7700,701,101,TRANSFER,7704.93,2023-12-02 09:45:19
7701,702,102,DEPOSIT,41682.65,2023-02-19 03:24:02
7702,703,103,WITHDRAWAL,23691.77,2023-05-04 13:15:31
7703,704,104,TRANSFER,8577.04,2023-01-06 22:05:57
7704,705,105,DEPOSIT,26656.15,2023-01-28 06:51:41
7705,706,106,WITHDRAWAL,5435.14,2023-11-23 12:00:57
7706,707,107,TRANSFER,10597.14,2023-05-03 08:39:09
7707,708,108,DEPOSIT,20758.49,2023-04-30 09:54:56
7708,709,109,WITHDRAWAL,11470.56,2023-12-04 13:52:31
7709,710,110,TRANSFER,13314.34,2023-05-10 01:59:27
7710,711,111,DEPOSIT,35688.98,2024-02-09 02:23:02
7711,712,112,WITHDRAWAL,47498.84,2024-02-17 08:03:20
7712,713,113,TRANSFER,44949.76,2024-04-04 13:46:08
7713,714,114,DEPOSIT,49220.53,2024-03-30 20:45:24
7714,715,115,WITHDRAWAL,7878.28,2023-12-18 21:33:37
7715,716,116,TRANSFER,26647.06,2024-04-06 13:59:17
7716,717,117,DEPOSIT,10787.22,2024-03-16 15:07:10
7717,718,118,WITHDRAWAL,21250.07,2023-12-15 19:03:30
7718,719,119,TRANSFER,41836.13,2024-04-19 12:54:36
7719,720,120,DEPOSIT,13965.98,2023-12-12 16:48:50
7720,721,121,WITHDRAWAL,30318.0,2023-07-22 03:00:50
7721,722,122,TRANSFER,9821.52,2023-01-16 13:20:39
7722,723,123,DEPOSIT,18782.55,2023-08-18 13:09:25
7723,724,124,WITHDRAWAL,23248.77,2024-02-20 21:28:09
7724,725,125,TRANSFER,43737.49,2023-03-12 16:49:27
7725,726,126,DEPOSIT,39832.12,2023-03-31 14:14:00
7726,727,127,WITHDRAWAL,45042.54,2023-04-09 11:19:50
7727,728,128,TRANSFER,36852.81,2023-06-28 10:37:24
7728,729,129,DEPOSIT,47478.64,2024-02-19 09:57:37
7729,730,130,WITHDRAWAL,28007.64,2023-03-29 21:32:47
7730,731,131,TRANSFER,45467.56,2023-11-03 12:00:30
7731,732,132,DEPOSIT,35625.32,2024-03-27 00:19:49
7732,733,133,WITHDRAWAL,2651.06,2023-04-16 00:38:56
7733,734,134,TRANSFER,26955.88,2023-05-20 15:34:36
7734,735,135,DEPOSIT,39949.16,2023-06-30 01:04:23
7735,736,136,WITHDRAWAL,45400.98,2023-07-06 18:55:34
7736,737,137,TRANSFER,42916.57,2024-01-30 21:33:38
7737,738,138,DEPOSIT,44222.21,2024-02-27 06:45:10
7738,739,139,WITHDRAWAL,26954.75,2023-07-07 13:47:17
7739,740,140,TRANSFER,16962.21,2023-03-06 21:49:05
7740,741,141,DEPOSIT,4685.89,2024-02-22 12:57:55
7741,742,142,WITHDRAWAL,16610.47,2023-07-22 20:00:21
7742,743,143,TRANSFER,41407.22,2023-04-16 18:34:41
7743,744,144,DEPOSIT,21391.76,2023-02-04 04:33:55
7744,745,145,WITHDRAWAL,6994.22,2023-06-09 11:04:34
7745,746,146,TRANSFER,34941.79,2023-06-21 06:33:49
7746,747,147,DEPOSIT,25902.57,2023-03-11 10:13:17
7747,748,148,WITHDRAWAL,22122.96,2024-04-30 07:51:45
7748,749,149,TRANSFER,36048.78,2023-11-24 20:55:55
7749,750,150,DEPOSIT,4017.04,2024-02-29 15:42:59
7750,751,151,WITHDRAWAL,23050.35,2023-09-07 23:34:38
7751,752,152,TRANSFER,49637.67,2023-08-03 14:48:55
7752,753,153,DEPOSIT,1507.71,2023-09-20 06:50:21
7753,754,154,WITHDRAWAL,39004.58,2023-01-09 22:55:39
7754,755,155,TRANSFER,43145.66,2023-01-19 19:15:18
7755,756,156,DEPOSIT,4190.85,2023-01-24 13:43:00
7756,757,157,WITHDRAWAL,37880.35,2023-05-09 02:24:17
7757,758,158,TRANSFER,29296.17,2024-05-09 19:16:16
7758,759,159,DEPOSIT,34400.94,2023-03-06 04:23:00
7759,760,160,WITHDRAWAL,47654.9,2024-01-09 10:23:11
7760,761,161,TRANSFER,21954.56,2023-03-18 07:42:37
7761,762,162,DEPOSIT,32380.91,2024-02-23 16:16:20
7762,763,163,WITHDRAWAL,39375.41,2023-02-14 11:10:19
7763,764,164,TRANSFER,1301.8,2024-04-14 19:36:30
7764,765,165,DEPOSIT,49420.26,2023-04-27 08:00:46
7765,766,166,WITHDRAWAL,18958.46,2023-08-31 23:50:07
7766,767,167,TRANSFER,39736.53,2023-03-31 10:41:32
7767,768,168,DEPOSIT,32283.9,2024-01-27 11:36:55
7768,769,169,WITHDRAWAL,13047.6,2023-08-15 21:50:44
7769,770,170,TRANSFER,27293.3,2023-03-08 01:16:07
7770,771,171,DEPOSIT,30021.41,2023-04-25 21:52:07
7771,772,172,WITHDRAWAL,27005.27,2024-03-23 16:35:43
7772,773,173,TRANSFER,24562.05,2023-08-12 01:29:38
7773,774,174,DEPOSIT,7537.36,2023-03-01 11:59:59
7774,775,175,WITHDRAWAL,25075.76,2023-08-13 10:55:31
7775,776,176,TRANSFER,15712.54,2023-02-02 23:30:31
7776,777,177,DEPOSIT,2028.75,2023-12-31 04:27:07
7777,778,178,WITHDRAWAL,23370.97,2023-12-04 15:12:26
7778,779,179,TRANSFER,29964.59,2023-02-04 06:56:55
7779,780,180,DEPOSIT,33105.24,2023-01-03 04:06:48
7780,781,181,WITHDRAWAL,18901.01,2023-07-10 18:33:18
7781,782,182,TRANSFER,17081.04,2024-05-09 12:21:00
7782,783,183,DEPOSIT,36197.72,2023-10-08 18:13:42
7783,784,184,WITHDRAWAL,26506.46,2023-08-02 15:51:00
7784,785,185,TRANSFER,18892.28,2023-11-11 17:09:54
7785,786,186,DEPOSIT,11797.73,2023-04-06 11:48:40
7786,787,187,WITHDRAWAL,39887.03,2023-04-26 22:39:05
7787,788,188,TRANSFER,11399.96,2024-02-02 10:27:16
7788,789,189,DEPOSIT,18484.62,2023-09-07 19:48:43
7789,790,190,WITHDRAWAL,18316.87,2023-02-08 01:23:14
7790,791,191,TRANSFER,39259.14,2023-05-13 05:25:21
7791,792,192,DEPOSIT,36482.69,2023-10-19 12:34:29
7792,793,193,WITHDRAWAL,35717.26,2024-03-05 04:09:14
7793,794,194,TRANSFER,23493.76,2024-04-30 11:09:34
7794,795,195,DEPOSIT,10403.75,2023-11-12 22:01:56
7795,796,196,WITHDRAWAL,30109.1,2023-11-15 14:22:26
7796,797,197,TRANSFER,27917.54,2024-04-22 01:40:55
7797,798,198,DEPOSIT,17760.3,2024-04-25 02:03:11
7798,799,199,WITHDRAWAL,38620.6,2023-01-14 04:47:52
7799,800,200,TRANSFER,47655.74,2024-05-09 04:27:57
7800,801,1,DEPOSIT,9246.47,2024-02-13 10:01:44
7801,802,2,WITHDRAWAL,3044.98,2023-02-20 02:38:16
7802,803,3,TRANSFER,46407.65,2023-02-06 11:53:37
7803,804,4,DEPOSIT,12648.23,2023-11-01 05:22:49
7804,805,5,WITHDRAWAL,6221.98,2024-02-15 13:22:01
7805,806,6,TRANSFER,45762.59,2024-03-07 16:44:26
7806,807,7,DEPOSIT,13087.78,2023-01-04 20:40:47
7807,808,8,WITHDRAWAL,48107.98,2023-07-20 21:48:07
7808,809,9,TRANSFER,8880.48,2024-05-15 00:52:51
7809,810,10,DEPOSIT,24927.38,2024-01-03 21:19:21
7810,811,11,WITHDRAWAL,25788.01,2023-07-13 09:58:56
7811,812,12,TRANSFER,35911.89,2023-10-21 16:04:10
7812,813,13,DEPOSIT,26420.78,2023-05-26 18:41:00
7813,814,14,WITHDRAWAL,19991.44,2023-02-19 20:08:22
7814,815,15,TRANSFER,7751.5,2023-07-08 03:26:31
7815,816,16,DEPOSIT,7083.63,2023-02-20 21:34:41
7816,817,17,WITHDRAWAL,30957.54,2023-11-07 18:04:51
7817,818,18,TRANSFER,36302.22,2023-08-18 06:00:55
7818,819,19,DEPOSIT,28575.31,2024-02-10 05:37:49
7819,820,20,WITHDRAWAL,20387.98,2023-08-27 20:09:07
7820,821,21,TRANSFER,1045.26,2023-05-04 04:23:07
7821,822,22,DEPOSIT,37826.41,2023-11-23 01:38:01
7822,823,23,WITHDRAWAL,18419.14,2023-04-12 08:53:23
7823,824,24,TRANSFER,21550.14,2024-02-15 08:37:05
7824,825,25,DEPOSIT,15486.16,2023-03-22 20:25:55
7825,826,26,WITHDRAWAL,4117.59,2023-07-15 14:49:22
7826,827,27,TRANSFER,41103.63,2023-02-01 16:10:22
7827,828,28,DEPOSIT,47273.19,2023-08-15 12:17:23
7828,829,29,WITHDRAWAL,19500.14,2024-05-05 14:28:47
7829,830,30,TRANSFER,47307.62,2023-10-03 11:38:28
7830,831,31,DEPOSIT,37885.32,2023-10-18 05:37:10
7831,832,32,WITHDRAWAL,9337.59,2023-02-02 20:53:13
7832,833,33,TRANSFER,36059.0,2023-06-27 22:20:35
7833,834,34,DEPOSIT,17003.14,2023-10-14 15:32:46
7834,835,35,WITHDRAWAL,14698.72,2023-05-26 05:05:58
7835,836,36,TRANSFER,33436.53,2023-01-19 01:40:27
7836,837,37,DEPOSIT,18869.78,2023-12-31 22:18:15
7837,838,38,WITHDRAWAL,39606.77,2023-11-16 09:10:02
7838,839,39,TRANSFER,25653.88,2023-08-14 17:11:27
7839,840,40,DEPOSIT,25265.76,2024-02-16 22:31:57
7840,841,41,WITHDRAWAL,38604.12,2023-01-18 11:16:51
7841,842,42,TRANSFER,18424.91,2023-03-26 15:15:29
7842,843,43,DEPOSIT,34873.33,2024-03-07 22:16:29
7843,844,44,WITHDRAWAL,8930.95,2024-02-07 22:08:35
7844,845,45,TRANSFER,16584.25,2023-08-02 22:26:48
7845,846,46,DEPOSIT,23289.48,2023-04-15 06:40:23
7846,847,47,WITHDRAWAL,33687.15,2023-02-17 19:00:13
7847,848,48,TRANSFER,1886.67,2023-09-22 00:44:09
7848,849,49,DEPOSIT,2885.6,2024-05-11 09:20:19
7849,850,50,WITHDRAWAL,11948.47,2023-08-15 07:38:49
7850,851,51,TRANSFER,10454.77,2023-06-17 21:01:11
7851,852,52,DEPOSIT,9724.5,2023-10-03 18:51:45
7852,853,53,WITHDRAWAL,12893.28,2024-02-13 17:18:45
7853,854,54,TRANSFER,44175.18,2023-09-02 17:24:05
7854,855,55,DEPOSIT,19742.05,2023-04-05 21:36:29
7855,856,56,WITHDRAWAL,40337.18,2023-06-22 08:07:15
7856,857,57,TRANSFER,4511.98,2023-03-21 08:41:32
7857,858,58,DEPOSIT,22742.65,2024-04-10 22:06:40
7858,859,59,WITHDRAWAL,36065.37,2023-12-29 07:15:30
7859,860,60,TRANSFER,27223.45,2023-04-07 03:24:14
7860,861,61,DEPOSIT,48779.76,2024-04-16 01:10:06
7861,862,62,WITHDRAWAL,29669.95,2023-07-07 06:21:40
7862,863,63,TRANSFER,33942.36,2024-05-05 00:20:10
7863,864,64,DEPOSIT,10846.95,2024-01-18 14:22:35
7864,865,65,WITHDRAWAL,32204.97,2023-11-11 13:38:41
7865,866,66,TRANSFER,1970.17,2023-06-25 07:40:52
7866,867,67,DEPOSIT,42742.13,2023-11-12 20:26:53
7867,868,68,WITHDRAWAL,47810.97,2023-03-01 16:24:46
7868,869,69,TRANSFER,38070.07,2024-04-20 06:10:47
7869,870,70,DEPOSIT,37922.33,2024-01-21 18:31:57
7870,871,71,WITHDRAWAL,49571.18,2023-09-12 07:56:37
7871,872,72,TRANSFER,23091.04,2023-03-16 00:39:57
7872,873,73,DEPOSIT,42920.34,2024-01-24 21:25:01
7873,874,74,WITHDRAWAL,36017.1,2024-03-05 04:16:30
7874,875,75,TRANSFER,44592.28,2024-02-12 08:54:19
7875,876,76,DEPOSIT,45576.43,2023-01-09 06:56:21
7876,877,77,WITHDRAWAL,41019.24,2023-06-12 02:30:58
7877,878,78,TRANSFER,29308.65,2023-01-23 20:01:21
7878,879,79,DEPOSIT,38933.86,2023-09-17 21:10:52
7879,880,80,WITHDRAWAL,27491.52,2023-03-29 00:06:14
7880,881,81,TRANSFER,26198.25,2024-04-08 20:33:09
7881,882,82,DEPOSIT,12226.85,2023-01-11 04:34:41
7882,883,83,WITHDRAWAL,16699.26,2023-10-21 01:12:58
7883,884,84,TRANSFER,35144.9,2024-05-09 15:26:08
7884,885,85,DEPOSIT,36465.77,2023-07-24 23:12:46
7885,886,86,WITHDRAWAL,5993.85,2024-04-07 23:35:22
7886,887,87,TRANSFER,45834.44,2023-11-19 17:41:04
7887,888,88,DEPOSIT,34009.24,2024-04-27 09:21:43
7888,889,89,WITHDRAWAL,18401.56,2023-11-01 06:57:43
7889,890,90,TRANSFER,6704.98,2023-09-26 14:02:26
7890,891,91,DEPOSIT,3821.83,2023-02-15 00:10:26
7891,892,92,WITHDRAWAL,3554.93,2024-04-13 21:37:24
7892,893,93,TRANSFER,43543.37,2023-04-06 16:07:23
7893,894,94,DEPOSIT,38595.65,2024-05-11 13:12:03
7894,895,95,WITHDRAWAL,5451.72,2023-08-11 19:00:49
7895,896,96,TRANSFER,11299.95,2023-08-15 23:48:48
7896,897,97,DEPOSIT,26499.13,2023-11-05 08:39:22
7897,898,98,WITHDRAWAL,41904.88,2023-09-24 09:03:24
7898,899,99,TRANSFER,6973.29,2024-03-31 14:12:59
7899,900,100,DEPOSIT,9743.35,2023-11-13 08:13:52
7900,901,101,WITHDRAWAL,47080.59,2023-05-03 11:19:58
7901,902,102,TRANSFER,30102.21,2024-04-16 03:15:11
7902,903,103,DEPOSIT,3684.34,2023-04-25 20:43:34
7903,904,104,WITHDRAWAL,13758.23,2023-12-17 12:41:29
7904,905,105,TRANSFER,20919.27,2023-09-20 07:05:06
7905,906,106,DEPOSIT,12764.82,2023-03-13 15:11:37
7906,907,107,WITHDRAWAL,34773.9,2023-01-29 08:05:23
7907,908,108,TRANSFER,6511.32,2023-08-17 07:35:42
7908,909,109,DEPOSIT,20368.32,2024-02-21 09:43:19
7909,910,110,WITHDRAWAL,41480.86,2023-02-03 06:50:45
7910,911,111,TRANSFER,1072.5,2024-05-04 16:57:39
7911,912,112,DEPOSIT,11890.06,2023-09-20 03:18:12
7912,913,113,WITHDRAWAL,21439.19,2023-11-04 04:35:24
7913,914,114,TRANSFER,25971.77,2023-02-06 00:10:59
7914,915,115,DEPOSIT,5834.47,2023-03-16 13:17:46
7915,916,116,WITHDRAWAL,21331.53,2023-04-11 00:45:12
7916,917,117,TRANSFER,46942.87,2023-01-14 22:57:47
7917,918,118,DEPOSIT,43742.71,2023-05-30 20:38:08
7918,919,119,WITHDRAWAL,26017.63,2023-02-13 00:29:49
7919,920,120,TRANSFER,18072.49,2023-06-07 19:35:27
7920,921,121,DEPOSIT,44228.13,2023-11-06 00:05:40
7921,922,122,WITHDRAWAL,40910.43,2023-03-10 15:31:04
7922,923,123,TRANSFER,19320.34,2023-01-22 04:20:26
7923,924,124,DEPOSIT,3643.24,2023-12-20 21:32:08
7924,925,125,WITHDRAWAL,5006.29,2023-06-15 07:52:33
7925,926,126,TRANSFER,38382.06,2023-05-17 07:42:32
7926,927,127,DEPOSIT,44875.71,2023-07-17 07:24:17
7927,928,128,WITHDRAWAL,2612.08,2023-10-04 08:30:21
7928,929,129,TRANSFER,25458.7,2023-11-30 19:55:49
7929,930,130,DEPOSIT,21817.66,2023-05-23 10:53:47
7930,931,131,WITHDRAWAL,24274.45,2023-03-26 11:41:18
7931,932,132,TRANSFER,21229.43,2024-01-12 22:05:28
7932,933,133,DEPOSIT,32211.11,2024-03-12 00:42:40
7933,934,134,WITHDRAWAL,31062.72,2023-04-21 18:10:41
7934,935,135,TRANSFER,41571.26,2024-02-12 09:14:31
7935,936,136,DEPOSIT,37485.67,2023-08-14 13:27:49
7936,937,137,WITHDRAWAL,5800.27,2023-02-01 08:01:35
7937,938,138,TRANSFER,44819.06,2023-08-25 03:05:10
7938,939,139,DEPOSIT,39692.63,2023-01-04 20:26:33
7939,940,140,WITHDRAWAL,39014.36,2023-12-14 12:41:59
7940,941,141,TRANSFER,14929.03,2023-09-24 02:41:59
7941,942,142,DEPOSIT,43143.06,2024-01-06 09:48:56
7942,943,143,WITHDRAWAL,36835.54,2024-03-03 10:06:56
7943,944,144,TRANSFER,6833.4,2024-02-15 13:57:59
7944,945,145,DEPOSIT,10605.92,2023-02-05 19:44:59
7945,946,146,WITHDRAWAL,18721.39,2024-05-16 02:11:55
7946,947,147,TRANSFER,2679.48,2023-04-07 10:05:01
7947,948,148,DEPOSIT,22582.18,2023-10-15 19:47:30
7948,949,149,WITHDRAWAL,30288.05,2023-01-15 00:33:15
7949,950,150,TRANSFER,25374.9,2023-02-06 21:18:04
7950,951,151,DEPOSIT,29046.37,2024-03-14 10:19:48
7951,952,152,WITHDRAWAL,40166.29,2023-02-20 08:42:13
7952,953,153,TRANSFER,28708.63,2023-08-10 23:02:05
7953,954,154,DEPOSIT,35735.49,2023-01-13 06:02:07
7954,955,155,WITHDRAWAL,49594.79,2023-12-18 22:32:38
7955,956,156,TRANSFER,40368.17,2024-03-28 18:01:36
7956,957,157,DEPOSIT,37813.37,2023-11-09 21:45:45
7957,958,158,WITHDRAWAL,31192.54,2024-03-20 21:31:50
7958,959,159,TRANSFER,21042.69,2024-05-01 04:47:09
7959,960,160,DEPOSIT,28640.04,2024-04-30 01:13:25
7960,961,161,WITHDRAWAL,43480.3,2023-10-19 22:41:14
7961,962,162,TRANSFER,14827.62,2024-05-25 03:06:09
7962,963,163,DEPOSIT,32091.05,2024-03-05 07:02:53
7963,964,164,WITHDRAWAL,37303.49,2024-04-11 06:36:08
7964,965,165,TRANSFER,4491.84,2023-12-21 08:13:35
7965,966,166,DEPOSIT,14784.42,2024-02-10 14:44:42
7966,967,167,WITHDRAWAL,39178.7,2024-02-20 18:03:19
7967,968,168,TRANSFER,19211.1,2024-03-25 22:33:14
7968,969,169,DEPOSIT,12417.56,2024-03-17 18:28:38
7969,970,170,WITHDRAWAL,28271.34,2023-09-14 14:14:28
7970,971,171,TRANSFER,1073.46,2023-08-17 16:09:13
7971,972,172,DEPOSIT,44368.05,2024-01-24 16:50:51
7972,973,173,WITHDRAWAL,30942.99,2024-03-18 07:54:18
7973,974,174,TRANSFER,47664.89,2023-06-01 00:49:44
7974,975,175,DEPOSIT,5426.66,2023-05-28 20:51:39
7975,976,176,WITHDRAWAL,14728.64,2023-06-23 05:32:29
7976,977,177,TRANSFER,38815.68,2023-04-20 17:52:40
7977,978,178,DEPOSIT,20216.57,2023-11-30 21:26:35
7978,979,179,WITHDRAWAL,48031.8,2024-03-10 20:20:14
7979,980,180,TRANSFER,20396.88,2023-02-12 13:02:01
7980,981,181,DEPOSIT,49501.23,2023-01-18 20:01:04
7981,982,182,WITHDRAWAL,7758.49,2024-01-03 08:56:26
7982,983,183,TRANSFER,5894.66,2024-05-12 06:55:43
7983,984,184,DEPOSIT,48617.4,2023-11-21 10:33:37
7984,985,185,WITHDRAWAL,32100.38,2023-01-24 16:56:24
7985,986,186,TRANSFER,37466.34,2023-05-16 02:00:12
7986,987,187,DEPOSIT,28087.37,2023-08-29 09:31:51
7987,988,188,WITHDRAWAL,26004.49,2023-06-27 04:17:06
7988,989,189,TRANSFER,16295.65,2023-06-21 04:30:15
7989,990,190,DEPOSIT,30123.98,2024-05-29 14:42:09
7990,991,191,WITHDRAWAL,32512.98,2023-10-09 00:28:22
7991,992,192,TRANSFER,6934.77,2024-02-09 01:23:23
7992,993,193,DEPOSIT,37853.04,2024-03-11 20:39:19
7993,994,194,WITHDRAWAL,41402.4,2023-08-10 03:13:09
7994,995,195,TRANSFER,48001.43,2023-09-25 17:21:16
7995,996,196,DEPOSIT,5899.09,2024-05-30 10:04:53
7996,997,197,WITHDRAWAL,45113.4,2023-04-21 15:34:38
7997,998,198,TRANSFER,30504.25,2024-03-15 19:59:51
7998,999,199,DEPOSIT,1506.7,2023-09-23 03:02:01
7999,1000,200,WITHDRAWAL,20317.48,2023-04-25 08:47:48
8000,1,1,TRANSFER,27229.58,2023-10-06 15:03:58
8001,2,2,DEPOSIT,21712.94,2023-04-24 21:03:02
8002,3,3,WITHDRAWAL,4683.93,2023-07-26 15:19:04
8003,4,4,TRANSFER,19127.87,2024-03-03 16:11:16
8004,5,5,DEPOSIT,17242.42,2023-10-21 19:57:02
8005,6,6,WITHDRAWAL,3649.48,2024-05-04 14:37:42
8006,7,7,TRANSFER,756.51,2023-06-18 06:18:54
8007,8,8,DEPOSIT,40439.02,2024-01-10 07:48:32
8008,9,9,WITHDRAWAL,33603.86,2023-03-18 07:33:52
8009,10,10,TRANSFER,38326.89,2023-04-24 04:22:19
8010,11,11,DEPOSIT,15691.6,2024-02-15 12:02:25
8011,12,12,WITHDRAWAL,49023.9,2023-09-19 15:23:07
8012,13,13,TRANSFER,12604.01,2023-04-04 08:25:41
8013,14,14,DEPOSIT,38863.16,2023-05-30 03:54:06
8014,15,15,WITHDRAWAL,27077.99,2023-11-06 15:45:23
8015,16,16,TRANSFER,29384.68,2023-07-06 21:07:26
8016,17,17,DEPOSIT,42489.68,2023-08-30 08:39:49
8017,18,18,WITHDRAWAL,31305.8,2023-07-31 04:36:37
8018,19,19,TRANSFER,42733.3,2023-02-01 12:07:54
8019,20,20,DEPOSIT,23926.08,2023-05-08 13:45:26
8020,21,21,WITHDRAWAL,58.9,2023-06-23 18:43:00
8021,22,22,TRANSFER,21718.06,2024-02-04 03:45:51
8022,23,23,DEPOSIT,45367.88,2023-10-31 10:40:19
8023,24,24,WITHDRAWAL,3139.62,2023-10-30 08:49:20
8024,25,25,TRANSFER,5848.03,2023-02-12 20:05:14
8025,26,26,DEPOSIT,25199.93,2023-10-28 17:41:48
8026,27,27,WITHDRAWAL,4069.89,2023-02-28 07:09:32
8027,28,28,TRANSFER,40717.54,2023-05-31 03:59:10
8028,29,29,DEPOSIT,41179.79,2023-09-18 01:53:17
8029,30,30,WITHDRAWAL,2405.33,2023-01-20 19:04:51
8030,31,31,TRANSFER,18765.82,2023-02-21 10:28:32
8031,32,32,DEPOSIT,30607.26,2023-02-13 11:39:33
8032,33,33,WITHDRAWAL,4014.42,2023-08-05 21:32:34
8033,34,34,TRANSFER,30330.62,2024-05-04 05:28:44
8034,35,35,DEPOSIT,2725.63,2023-09-07 15:11:44
8035,36,36,WITHDRAWAL,38684.98,2023-11-13 17:46:33
8036,37,37,TRANSFER,26095.17,2024-05-03 23:25:28
8037,38,38,DEPOSIT,47471.69,2024-03-28 09:53:12
8038,39,39,WITHDRAWAL,20562.64,2024-05-13 17:06:44
8039,40,40,TRANSFER,2524.46,2023-04-22 13:47:42
8040,41,41,DEPOSIT,11033.33,2023-10-14 02:44:52
8041,42,42,WITHDRAWAL,13513.37,2023-08-06 07:51:15
8042,43,43,TRANSFER,22038.07,2024-01-20 16:28:46
8043,44,44,DEPOSIT,14082.23,2024-04-10 03:06:24
8044,45,45,WITHDRAWAL,2918.52,2023-05-07 01:43:13
8045,46,46,TRANSFER,44272.92,2023-12-15 18:26:03
8046,47,47,DEPOSIT,38150.69,2023-11-10 04:33:04
8047,48,48,WITHDRAWAL,33572.96,2023-11-16 17:38:22
8048,49,49,TRANSFER,6868.28,2024-04-08 04:03:41
8049,50,50,DEPOSIT,27777.67,2023-01-16 02:48:25
8050,51,51,WITHDRAWAL,37295.69,2023-03-13 12:18:00
8051,52,52,TRANSFER,36252.16,2024-01-18 05:17:56
8052,53,53,DEPOSIT,46142.22,2024-01-04 06:35:53
8053,54,54,WITHDRAWAL,49099.3,2023-02-07 01:06:04
8054,55,55,TRANSFER,34967.02,2024-03-15 04:13:05
8055,56,56,DEPOSIT,3349.04,2024-04-12 10:19:53
8056,57,57,WITHDRAWAL,1146.53,2023-07-24 16:51:04
8057,58,58,TRANSFER,33734.87,2024-02-11 23:43:19
8058,59,59,DEPOSIT,3367.23,2023-07-24 02:55:47
8059,60,60,WITHDRAWAL,9929.98,2023-06-01 16:04:09
8060,61,61,TRANSFER,11613.33,2023-12-19 12:41:01
8061,62,62,DEPOSIT,47710.12,2023-04-14 01:04:02
8062,63,63,WITHDRAWAL,17900.37,2023-09-02 01:06:55
8063,64,64,TRANSFER,10138.9,2023-05-14 00:18:11
8064,65,65,DEPOSIT,5444.58,2023-11-08 17:00:12
8065,66,66,WITHDRAWAL,46359.07,2024-02-28 01:40:19
8066,67,67,TRANSFER,541.96,2023-12-27 14:20:28
8067,68,68,DEPOSIT,33904.85,2023-05-08 14:16:05
8068,69,69,WITHDRAWAL,30150.33,2023-03-03 01:06:33
8069,70,70,TRANSFER,18997.68,2023-01-01 08:39:28
8070,71,71,DEPOSIT,37519.38,2023-06-20 00:03:08
8071,72,72,WITHDRAWAL,41260.12,2023-07-04 20:08:16
8072,73,73,TRANSFER,6626.49,2023-09-04 19:24:00
8073,74,74,DEPOSIT,27310.18,2024-01-21 01:24:50
8074,75,75,WITHDRAWAL,18805.3,2023-09-25 22:37:04
8075,76,76,TRANSFER,10920.5,2023-05-28 21:04:28
8076,77,77,DEPOSIT,44571.11,2023-02-27 17:43:26
8077,78,78,WITHDRAWAL,14843.44,2024-02-28 11:03:20
8078,79,79,TRANSFER,29631.83,2023-07-25 12:28:36
8079,80,80,DEPOSIT,43229.25,2023-05-12 00:40:34
8080,81,81,WITHDRAWAL,2398.8,2023-09-08 21:34:44
8081,82,82,TRANSFER,14707.89,2023-11-04 06:18:17
8082,83,83,DEPOSIT,48654.2,2023-02-03 09:36:05
8083,84,84,WITHDRAWAL,21563.68,2023-03-15 09:54:37
8084,85,85,TRANSFER,49746.49,2023-08-10 04:19:21
8085,86,86,DEPOSIT,22592.41,2023-07-03 16:49:10
8086,87,87,WITHDRAWAL,41601.7,2023-07-14 06:41:07
8087,88,88,TRANSFER,23525.2,2023-11-06 09:57:38
8088,89,89,DEPOSIT,46384.92,2023-03-26 02:32:03
8089,90,90,WITHDRAWAL,37048.41,2023-12-26 18:46:06
8090,91,91,TRANSFER,33367.15,2024-01-24 02:18:21
8091,92,92,DEPOSIT,45759.37,2023-05-13 06:57:40
8092,93,93,WITHDRAWAL,710.54,2023-02-28 09:25:48
8093,94,94,TRANSFER,31956.73,2023-05-06 10:08:53
8094,95,95,DEPOSIT,44714.37,2024-01-17 19:37:41
8095,96,96,WITHDRAWAL,26816.84,2024-04-02 11:37:36
8096,97,97,TRANSFER,5125.87,2023-05-22 16:02:00
8097,98,98,DEPOSIT,13062.31,2023-05-31 04:57:54
8098,99,99,WITHDRAWAL,8589.26,2023-11-23 02:54:06
8099,100,100,TRANSFER,17013.48,2024-02-29 04:30:33
8100,101,101,DEPOSIT,39221.88,2024-01-17 14:36:17
8101,102,102,WITHDRAWAL,21902.17,2024-04-16 01:52:09
8102,103,103,TRANSFER,43330.51,2023-11-27 21:35:51
8103,104,104,DEPOSIT,43737.92,2023-06-29 21:52:25
8104,105,105,WITHDRAWAL,12159.04,2024-02-23 22:23:50
8105,106,106,TRANSFER,42405.32,2023-03-31 07:29:03
8106,107,107,DEPOSIT,27180.15,2023-05-18 15:33:25
8107,108,108,WITHDRAWAL,20427.17,2023-09-05 08:10:56
8108,109,109,TRANSFER,11453.13,2023-09-20 21:33:42
8109,110,110,DEPOSIT,47988.77,2023-12-16 05:57:28
8110,111,111,WITHDRAWAL,24646.38,2023-01-18 19:14:06
8111,112,112,TRANSFER,27234.47,2024-04-02 04:30:55
8112,113,113,DEPOSIT,21440.17,2024-05-09 12:01:08
8113,114,114,WITHDRAWAL,22684.15,2023-04-03 10:13:36
8114,115,115,TRANSFER,20138.94,2023-02-17 10:46:49
8115,116,116,DEPOSIT,11805.14,2024-01-21 14:46:02
8116,117,117,WITHDRAWAL,25918.69,2023-11-11 15:19:33
8117,118,118,TRANSFER,43006.45,2023-04-24 19:46:52
8118,119,119,DEPOSIT,18260.66,2023-01-13 00:13:45
8119,120,120,WITHDRAWAL,18812.08,2023-01-02 17:58:13
8120,121,121,TRANSFER,4226.78,2023-04-22 13:26:51
8121,122,122,DEPOSIT,9030.64,2023-05-13 18:33:27
8122,123,123,WITHDRAWAL,17471.7,2024-05-03 16:40:14
8123,124,124,TRANSFER,4318.59,2023-05-04 16:01:22
8124,125,125,DEPOSIT,33940.57,2023-11-02 12:42:05
8125,126,126,WITHDRAWAL,18308.36,2024-05-27 06:59:56
8126,127,127,TRANSFER,26958.34,2023-09-18 05:48:13
8127,128,128,DEPOSIT,46853.57,2023-12-14 09:56:48
8128,129,129,WITHDRAWAL,20252.68,2023-07-25 18:15:15
8129,130,130,TRANSFER,36627.16,2023-04-27 18:33:01
8130,131,131,DEPOSIT,32568.57,2024-02-11 02:23:47
8131,132,132,WITHDRAWAL,3646.94,2023-05-16 07:35:52
8132,133,133,TRANSFER,6945.82,2024-03-19 05:05:43
8133,134,134,DEPOSIT,19902.54,2024-03-17 01:48:31
8134,135,135,WITHDRAWAL,37750.6,2023-12-21 17:59:04
8135,136,136,TRANSFER,27880.75,2023-01-31 15:07:05
8136,137,137,DEPOSIT,38630.82,2024-02-19 23:19:08
8137,138,138,WITHDRAWAL,11768.61,2023-07-28 13:31:43
8138,139,139,TRANSFER,30451.97,2024-04-29 05:42:28
8139,140,140,DEPOSIT,39169.63,2023-08-13 07:41:54
8140,141,141,WITHDRAWAL,47654.81,2023-01-13 13:21:40
8141,142,142,TRANSFER,44609.91,2023-04-09 13:06:15
8142,143,143,DEPOSIT,42545.11,2023-01-30 08:25:18
8143,144,144,WITHDRAWAL,47570.49,2023-01-27 08:08:50
8144,145,145,TRANSFER,33119.06,2023-06-28 11:45:54
8145,146,146,DEPOSIT,21663.21,2024-02-26 04:52:30
8146,147,147,WITHDRAWAL,35840.39,2024-04-09 15:40:58
8147,148,148,TRANSFER,25372.99,2023-07-14 18:42:57
8148,149,149,DEPOSIT,32422.05,2023-08-15 16:48:23
8149,150,150,WITHDRAWAL,44125.73,2023-08-20 13:40:53
8150,151,151,TRANSFER,42308.32,2023-09-20 07:34:29
8151,152,152,DEPOSIT,25615.16,2024-04-18 14:11:25
8152,153,153,WITHDRAWAL,3310.2,2024-05-03 23:01:45
8153,154,154,TRANSFER,14185.46,2023-03-07 06:08:12
8154,155,155,DEPOSIT,31307.03,2023-12-17 23:20:56
8155,156,156,WITHDRAWAL,22899.69,2024-01-30 05:08:10
8156,157,157,TRANSFER,34767.07,2023-01-28 19:21:02
8157,158,158,DEPOSIT,4592.37,2023-12-09 20:23:45
8158,159,159,WITHDRAWAL,11771.69,2023-05-20 01:35:25
8159,160,160,TRANSFER,20088.65,2024-02-27 12:18:55
8160,161,161,DEPOSIT,23885.3,2023-10-31 07:22:35
8161,162,162,WITHDRAWAL,38457.67,2024-02-23 20:43:23
8162,163,163,TRANSFER,9346.18,2024-05-25 02:16:25
8163,164,164,DEPOSIT,22605.8,2024-04-23 03:17:47
8164,165,165,WITHDRAWAL,39014.59,2023-10-23 12:04:12
8165,166,166,TRANSFER,3183.42,2024-04-21 22:14:27
8166,167,167,DEPOSIT,33187.97,2024-05-02 15:23:38
8167,168,168,WITHDRAWAL,24749.96,2023-12-25 09:13:50
8168,169,169,TRANSFER,24628.63,2024-02-18 08:52:36
8169,170,170,DEPOSIT,7504.35,2024-02-25 23:10:46
8170,171,171,WITHDRAWAL,28733.9,2024-04-29 09:30:55
8171,172,172,TRANSFER,25295.22,2023-12-06 00:17:21
8172,173,173,DEPOSIT,41853.88,2023-04-30 13:11:22
8173,174,174,WITHDRAWAL,16012.61,2023-04-11 13:49:20
8174,175,175,TRANSFER,9815.72,2024-03-24 00:24:39
8175,176,176,DEPOSIT,39528.5,2023-01-30 15:43:31
8176,177,177,WITHDRAWAL,15919.51,2024-02-18 07:49:15
8177,178,178,TRANSFER,42.72,2024-02-12 07:16:40
8178,179,179,DEPOSIT,9320.0,2024-05-14 20:37:53
8179,180,180,WITHDRAWAL,39622.34,2024-04-30 14:34:32
8180,181,181,TRANSFER,2603.08,2023-10-14 08:42:37
8181,182,182,DEPOSIT,44152.19,2023-07-29 04:37:23
8182,183,183,WITHDRAWAL,44736.89,2024-05-30 09:50:36
8183,184,184,TRANSFER,37780.8,2023-10-07 21:32:46
8184,185,185,DEPOSIT,19053.15,2023-10-31 01:00:20
8185,186,186,WITHDRAWAL,16600.53,2024-04-26 05:02:49
8186,187,187,TRANSFER,28463.98,2023-12-21 16:18:06
8187,188,188,DEPOSIT,33653.83,2023-01-24 19:03:42
8188,189,189,WITHDRAWAL,13987.06,2023-05-11 10:14:57
8189,190,190,TRANSFER,8803.6,2024-02-25 19:19:35
8190,191,191,DEPOSIT,42625.56,2023-09-24 03:06:49
8191,192,192,WITHDRAWAL,12567.77,2023-07-28 09:53:34
8192,193,193,TRANSFER,19664.74,2024-02-11 16:19:46
8193,194,194,DEPOSIT,19709.41,2024-04-06 01:24:40
8194,195,195,WITHDRAWAL,17657.47,2023-04-20 00:23:28
8195,196,196,TRANSFER,14715.25,2024-04-19 21:05:15
8196,197,197,DEPOSIT,12338.77,2024-05-10 18:47:49
8197,198,198,WITHDRAWAL,34179.44,2023-04-14 09:07:29
8198,199,199,TRANSFER,42338.69,2024-03-23 10:24:35
8199,200,200,DEPOSIT,41517.12,2023-10-31 23:57:06
8200,201,1,WITHDRAWAL,43315.94,2023-06-22 14:03:18
8201,202,2,TRANSFER,27313.64,2023-06-01 03:00:24
8202,203,3,DEPOSIT,46727.47,2024-03-20 17:56:04
8203,204,4,WITHDRAWAL,20251.0,2023-09-22 05:31:40
8204,205,5,TRANSFER,3989.55,2023-07-22 12:19:47
8205,206,6,DEPOSIT,9338.22,2023-09-12 16:08:19
8206,207,7,WITHDRAWAL,36123.82,2023-09-20 10:41:15
8207,208,8,TRANSFER,8903.15,2024-01-11 09:25:04
8208,209,9,DEPOSIT,19459.94,2023-09-24 16:31:13
8209,210,10,WITHDRAWAL,8601.14,2024-03-22 23:02:51
8210,211,11,TRANSFER,11090.39,2024-04-02 14:04:18
8211,212,12,DEPOSIT,17172.82,2023-06-22 15:25:16
8212,213,13,WITHDRAWAL,39086.31,2024-04-17 04:46:39
8213,214,14,TRANSFER,5120.01,2023-10-15 10:16:01
8214,215,15,DEPOSIT,5319.47,2024-01-27 20:12:43
8215,216,16,WITHDRAWAL,18467.88,2023-10-31 20:51:23
8216,217,17,TRANSFER,47581.9,2023-01-20 22:19:24
8217,218,18,DEPOSIT,25951.56,2024-01-16 07:24:14
8218,219,19,WITHDRAWAL,47479.36,2023-10-28 00:45:50
8219,220,20,TRANSFER,16225.57,2024-03-09 22:38:29
8220,221,21,DEPOSIT,16028.87,2024-04-18 17:03:32
8221,222,22,WITHDRAWAL,38652.43,2024-01-14 20:39:41
8222,223,23,TRANSFER,41244.85,2023-08-12 03:44:55
8223,224,24,DEPOSIT,390.04,2023-06-24 03:30:57
8224,225,25,WITHDRAWAL,31410.11,2023-08-27 03:47:55
8225,226,26,TRANSFER,43888.73,2023-04-04 04:32:52
8226,227,27,DEPOSIT,41218.19,2024-02-02 22:09:15
8227,228,28,WITHDRAWAL,46316.67,2023-02-27 20:57:37
8228,229,29,TRANSFER,45694.88,2023-03-29 22:08:34
8229,230,30,DEPOSIT,24217.61,2024-04-10 06:11:19
8230,231,31,WITHDRAWAL,9965.4,2023-02-06 10:05:23
8231,232,32,TRANSFER,29103.03,2023-09-17 03:02:12
8232,233,33,DEPOSIT,39674.64,2023-07-29 01:01:02
8233,234,34,WITHDRAWAL,41929.76,2023-03-08 19:20:44
8234,235,35,TRANSFER,19732.59,2023-06-13 06:08:54
8235,236,36,DEPOSIT,16269.05,2023-03-10 12:18:08
8236,237,37,WITHDRAWAL,5385.06,2023-12-19 09:08:50
8237,238,38,TRANSFER,10122.84,2023-09-12 14:00:13
8238,239,39,DEPOSIT,36449.33,2023-06-18 05:38:22
8239,240,40,WITHDRAWAL,30972.78,2023-10-12 08:47:14
8240,241,41,TRANSFER,40878.77,2023-06-16 13:57:56
8241,242,42,DEPOSIT,36394.8,2024-01-05 14:35:30
8242,243,43,WITHDRAWAL,4877.92,2024-02-12 09:51:02
8243,244,44,TRANSFER,22371.87,2023-11-28 01:52:38
8244,245,45,DEPOSIT,2299.15,2023-09-04 11:16:40
8245,246,46,WITHDRAWAL,13295.06,2024-04-27 04:00:23
8246,247,47,TRANSFER,34859.32,2023-04-27 06:21:30
8247,248,48,DEPOSIT,40121.1,2024-05-14 16:12:20
8248,249,49,WITHDRAWAL,47519.84,2023-08-09 04:25:40
8249,250,50,TRANSFER,1769.26,2023-03-09 16:21:07
8250,251,51,DEPOSIT,8874.46,2023-10-02 20:25:09
8251,252,52,WITHDRAWAL,30789.78,2023-10-25 10:22:37
8252,253,53,TRANSFER,34806.98,2023-04-05 18:30:00
8253,254,54,DEPOSIT,23649.66,2024-02-11 18:52:01
8254,255,55,WITHDRAWAL,30257.54,2023-02-16 17:08:03
8255,256,56,TRANSFER,37890.66,2023-04-13 05:50:34
8256,257,57,DEPOSIT,13591.38,2023-01-06 05:23:29
8257,258,58,WITHDRAWAL,11758.15,2023-04-11 19:11:52
8258,259,59,TRANSFER,26343.89,2024-02-04 10:25:20
8259,260,60,DEPOSIT,20115.66,2023-09-28 13:05:08
8260,261,61,WITHDRAWAL,46759.35,2023-04-17 07:03:52
8261,262,62,TRANSFER,40456.8,2024-03-08 22:48:42
8262,263,63,DEPOSIT,20809.99,2023-11-29 13:19:38
8263,264,64,WITHDRAWAL,43203.08,2023-09-10 00:16:57
8264,265,65,TRANSFER,25326.91,2024-03-29 06:28:46
8265,266,66,DEPOSIT,26950.36,2023-12-16 08:30:02
8266,267,67,WITHDRAWAL,14939.52,2023-08-06 02:58:03
8267,268,68,TRANSFER,6919.57,2023-05-11 04:06:05
8268,269,69,DEPOSIT,25515.32,2023-09-20 10:44:09
8269,270,70,WITHDRAWAL,27072.06,2023-08-06 04:22:41
8270,271,71,TRANSFER,36647.06,2023-09-21 17:24:48
8271,272,72,DEPOSIT,48227.12,2023-11-24 17:59:26
8272,273,73,WITHDRAWAL,39382.51,2023-09-04 11:24:33
8273,274,74,TRANSFER,14408.75,2024-04-21 15:13:28
8274,275,75,DEPOSIT,6453.55,2024-01-25 22:32:21
8275,276,76,WITHDRAWAL,45525.23,2024-04-22 04:55:13
8276,277,77,TRANSFER,40622.77,2023-03-06 10:49:10
8277,278,78,DEPOSIT,49269.45,2023-11-29 12:29:52
8278,279,79,WITHDRAWAL,6814.9,2023-01-20 17:24:39
8279,280,80,TRANSFER,44125.67,2023-01-05 20:38:57
8280,281,81,DEPOSIT,7805.6,2023-02-03 07:14:48
8281,282,82,WITHDRAWAL,18631.45,2023-08-27 07:56:09
8282,283,83,TRANSFER,29320.7,2023-06-28 07:33:29
8283,284,84,DEPOSIT,3646.68,2023-06-30 06:27:47
8284,285,85,WITHDRAWAL,6565.08,2023-07-03 15:12:41
8285,286,86,TRANSFER,39967.61,2023-03-31 21:25:46
8286,287,87,DEPOSIT,3471.44,2023-09-04 12:20:04
8287,288,88,WITHDRAWAL,16205.59,2023-01-05 07:49:36
8288,289,89,TRANSFER,1699.13,2024-01-09 05:42:48
8289,290,90,DEPOSIT,31674.56,2023-06-08 12:32:13
8290,291,91,WITHDRAWAL,27781.75,2023-11-27 15:18:11
8291,292,92,TRANSFER,34102.93,2023-05-22 11:30:14
8292,293,93,DEPOSIT,15170.09,2023-08-09 12:27:22
8293,294,94,WITHDRAWAL,26244.35,2024-02-08 17:56:32
8294,295,95,TRANSFER,19297.42,2023-10-25 12:53:48
8295,296,96,DEPOSIT,49755.07,2024-04-26 12:56:03
8296,297,97,WITHDRAWAL,7212.18,2024-01-17 01:59:42
8297,298,98,TRANSFER,21159.39,2023-06-22 11:58:26
8298,299,99,DEPOSIT,39443.49,2024-05-10 00:32:23
8299,300,100,WITHDRAWAL,32160.85,2023-08-16 07:43:49
8300,301,101,TRANSFER,37347.54,2023-04-27 06:41:51
8301,302,102,DEPOSIT,18321.04,2023-04-11 18:27:53
8302,303,103,WITHDRAWAL,49239.65,2024-02-05 06:08:58
8303,304,104,TRANSFER,45962.86,2023-05-11 06:19:16
8304,305,105,DEPOSIT,10465.45,2023-08-12 15:05:32
8305,306,106,WITHDRAWAL,26296.12,2023-02-24 01:18:41
8306,307,107,TRANSFER,35381.21,2023-05-15 06:36:11
8307,308,108,DEPOSIT,36854.94,2023-03-24 05:23:44
8308,309,109,WITHDRAWAL,41818.57,2023-05-28 21:45:19
8309,310,110,TRANSFER,10017.05,2023-04-09 02:19:02
8310,311,111,DEPOSIT,43934.41,2023-04-22 05:40:35
8311,312,112,WITHDRAWAL,364.14,2024-05-16 02:25:42
8312,313,113,TRANSFER,31207.15,2023-08-25 19:10:42
8313,314,114,DEPOSIT,18864.04,2023-02-15 19:33:02
8314,315,115,WITHDRAWAL,44275.25,2023-01-07 07:16:18
8315,316,116,TRANSFER,12244.98,2024-02-08 13:52:14
8316,317,117,DEPOSIT,24482.0,2023-07-23 19:18:39
8317,318,118,WITHDRAWAL,35880.05,2023-06-08 10:02:04
8318,319,119,TRANSFER,17256.9,2023-12-26 18:24:52
8319,320,120,DEPOSIT,8261.31,2024-02-18 14:45:50
8320,321,121,WITHDRAWAL,20207.23,2024-01-02 08:23:36
8321,322,122,TRANSFER,33261.21,2023-03-09 15:30:37
8322,323,123,DEPOSIT,39348.28,2023-05-18 10:25:20
8323,324,124,WITHDRAWAL,24009.18,2023-09-29 22:06:28
8324,325,125,TRANSFER,13024.43,2023-09-07 05:03:22
8325,326,126,DEPOSIT,28106.44,2023-10-10 02:18:13
8326,327,127,WITHDRAWAL,24196.83,2023-07-26 07:42:28
8327,328,128,TRANSFER,7746.2,2023-10-22 07:23:13
8328,329,129,DEPOSIT,47107.46,2024-03-19 16:17:25
8329,330,130,WITHDRAWAL,7130.86,2023-09-10 18:32:02
8330,331,131,TRANSFER,25551.3,2023-03-12 02:05:05
8331,332,132,DEPOSIT,19126.82,2023-12-19 07:13:07
8332,333,133,WITHDRAWAL,27694.45,2024-05-25 20:00:14
8333,334,134,TRANSFER,19630.85,2023-03-21 10:04:37
8334,335,135,DEPOSIT,43452.83,2024-03-02 17:04:30
8335,336,136,WITHDRAWAL,48017.93,2023-12-08 09:33:16
8336,337,137,TRANSFER,23443.94,2024-05-16 07:30:23
8337,338,138,DEPOSIT,22863.77,2023-02-19 04:24:23
8338,339,139,WITHDRAWAL,9924.08,2023-06-17 01:10:04
8339,340,140,TRANSFER,46290.49,2023-06-18 18:12:17
8340,341,141,DEPOSIT,29131.9,2024-05-24 01:28:06
8341,342,142,WITHDRAWAL,47834.98,2023-05-25 14:03:30
8342,343,143,TRANSFER,16297.87,2023-01-23 17:34:05
8343,344,144,DEPOSIT,7768.03,2023-05-15 00:27:02
8344,345,145,WITHDRAWAL,45482.98,2024-03-16 07:18:31
8345,346,146,TRANSFER,37052.32,2023-06-16 07:05:06
8346,347,147,DEPOSIT,47767.55,2023-05-13 23:15:39
8347,348,148,WITHDRAWAL,39972.15,2023-11-28 17:43:19
8348,349,149,TRANSFER,42694.83,2024-05-25 11:58:26
8349,350,150,DEPOSIT,32021.47,2023-02-28 12:51:56
8350,351,151,WITHDRAWAL,27661.29,2023-07-03 12:25:49
8351,352,152,TRANSFER,11830.37,2023-04-22 17:59:10
8352,353,153,DEPOSIT,16261.87,2023-05-10 08:58:29
8353,354,154,WITHDRAWAL,35126.49,2023-10-10 11:42:56
8354,355,155,TRANSFER,39469.69,2023-07-09 22:12:18
8355,356,156,DEPOSIT,10167.29,2024-02-24 13:22:42
8356,357,157,WITHDRAWAL,46985.41,2024-03-07 19:32:59
8357,358,158,TRANSFER,20899.59,2023-07-27 05:06:26
8358,359,159,DEPOSIT,36242.06,2024-01-15 21:32:41
8359,360,160,WITHDRAWAL,36858.38,2023-12-26 15:27:25
8360,361,161,TRANSFER,10951.11,2024-01-19 00:05:00
8361,362,162,DEPOSIT,14499.24,2023-11-02 07:34:33
8362,363,163,WITHDRAWAL,28556.48,2023-01-16 04:37:50
8363,364,164,TRANSFER,43273.0,2023-07-22 18:05:58
8364,365,165,DEPOSIT,40540.07,2024-03-24 15:24:38
8365,366,166,WITHDRAWAL,30564.53,2024-01-22 21:34:51
8366,367,167,TRANSFER,9031.22,2023-04-01 11:19:27
8367,368,168,DEPOSIT,30184.34,2023-12-14 01:27:13
8368,369,169,WITHDRAWAL,21945.41,2024-03-28 06:13:15
8369,370,170,TRANSFER,28556.45,2023-05-26 02:06:21
8370,371,171,DEPOSIT,3503.42,2023-12-08 20:50:09
8371,372,172,WITHDRAWAL,16562.18,2023-02-13 01:25:49
8372,373,173,TRANSFER,23430.87,2024-04-07 20:18:09
8373,374,174,DEPOSIT,45534.07,2024-02-14 07:59:35
8374,375,175,WITHDRAWAL,10719.72,2023-03-29 09:23:45
8375,376,176,TRANSFER,6922.39,2023-09-11 21:25:28
8376,377,177,DEPOSIT,47290.76,2024-03-09 15:41:40
8377,378,178,WITHDRAWAL,12158.93,2024-02-08 01:50:03
8378,379,179,TRANSFER,1413.64,2023-04-26 22:01:38
8379,380,180,DEPOSIT,6744.47,2023-03-18 13:13:28
8380,381,181,WITHDRAWAL,19862.61,2023-10-10 23:10:47
8381,382,182,TRANSFER,27403.49,2023-02-12 04:03:01
8382,383,183,DEPOSIT,1892.48,2023-05-15 13:55:06
8383,384,184,WITHDRAWAL,13272.93,2023-02-04 12:53:56
8384,385,185,TRANSFER,24452.38,2024-03-06 11:13:24
8385,386,186,DEPOSIT,25936.01,2023-12-28 15:27:02
8386,387,187,WITHDRAWAL,43182.52,2024-01-28 22:56:47
8387,388,188,TRANSFER,17472.15,2023-12-07 11:48:29
8388,389,189,DEPOSIT,34669.05,2023-06-13 13:36:09
8389,390,190,WITHDRAWAL,33370.72,2023-10-17 02:10:41
8390,391,191,TRANSFER,9240.96,2023-10-05 13:45:10
8391,392,192,DEPOSIT,26754.13,2024-05-10 02:30:10
8392,393,193,WITHDRAWAL,39936.62,2023-02-17 06:54:15
8393,394,194,TRANSFER,10107.74,2023-02-01 09:48:54
8394,395,195,DEPOSIT,48899.71,2023-08-05 00:43:20
8395,396,196,WITHDRAWAL,46128.01,2023-07-03 12:42:54
8396,397,197,TRANSFER,4109.67,2024-05-16 07:15:20
8397,398,198,DEPOSIT,42760.73,2024-03-20 19:15:58
8398,399,199,WITHDRAWAL,16043.5,2024-03-21 17:22:57
8399,400,200,TRANSFER,3329.76,2023-12-24 11:01:30
8400,401,1,DEPOSIT,47705.17,2023-05-07 14:37:43
8401,402,2,WITHDRAWAL,44928.0,2024-03-19 03:11:28
8402,403,3,TRANSFER,1151.8,2023-03-14 16:15:25
8403,404,4,DEPOSIT,32149.15,2023-04-26 21:34:34
8404,405,5,WITHDRAWAL,38963.23,2023-05-11 02:03:17
8405,406,6,TRANSFER,37466.42,2024-03-31 20:13:37
8406,407,7,DEPOSIT,1211.26,2024-05-30 18:00:47
8407,408,8,WITHDRAWAL,9949.99,2023-08-24 04:25:37
8408,409,9,TRANSFER,32691.2,2023-08-04 07:05:15
8409,410,10,DEPOSIT,9650.64,2024-02-02 04:49:56
8410,411,11,WITHDRAWAL,41164.23,2024-04-20 10:00:05
8411,412,12,TRANSFER,28831.69,2023-01-04 19:34:30
8412,413,13,DEPOSIT,4141.56,2024-01-01 03:14:09
8413,414,14,WITHDRAWAL,24998.26,2024-04-05 23:21:41
8414,415,15,TRANSFER,48371.06,2024-04-17 18:56:17
8415,416,16,DEPOSIT,19897.0,2023-04-23 18:25:36
8416,417,17,WITHDRAWAL,7555.08,2024-05-06 21:23:38
8417,418,18,TRANSFER,5786.82,2023-04-28 21:31:19
8418,419,19,DEPOSIT,5912.78,2023-05-03 06:14:00
8419,420,20,WITHDRAWAL,20511.47,2023-12-24 13:26:53
8420,421,21,TRANSFER,6990.36,2024-05-27 18:41:58
8421,422,22,DEPOSIT,30295.81,2023-03-31 10:50:53
8422,423,23,WITHDRAWAL,5805.54,2023-03-11 07:29:26
8423,424,24,TRANSFER,20140.79,2023-10-25 03:50:47
8424,425,25,DEPOSIT,45665.13,2023-04-11 14:06:04
8425,426,26,WITHDRAWAL,6056.63,2023-02-02 12:09:41
8426,427,27,TRANSFER,22330.09,2023-01-25 18:58:57
8427,428,28,DEPOSIT,33089.27,2023-09-24 08:50:42
8428,429,29,WITHDRAWAL,38000.0,2024-02-16 00:10:05
8429,430,30,TRANSFER,9905.59,2023-07-13 03:36:59
8430,431,31,DEPOSIT,37341.19,2024-04-28 21:04:38
8431,432,32,WITHDRAWAL,1860.78,2023-06-16 06:54:44
8432,433,33,TRANSFER,9630.3,2024-03-20 04:41:15
8433,434,34,DEPOSIT,16872.29,2023-10-23 09:00:00
8434,435,35,WITHDRAWAL,680.32,2024-02-21 10:31:54
8435,436,36,TRANSFER,22772.61,2023-05-19 21:46:34
8436,437,37,DEPOSIT,38834.67,2023-08-23 03:43:04
8437,438,38,WITHDRAWAL,7490.09,2023-03-22 11:47:42
8438,439,39,TRANSFER,8815.1,2023-08-08 01:41:58
8439,440,40,DEPOSIT,14229.68,2023-03-11 23:35:39
8440,441,41,WITHDRAWAL,34155.26,2024-03-09 17:04:50
8441,442,42,TRANSFER,26245.57,2024-04-30 17:20:20
8442,443,43,DEPOSIT,42993.59,2023-09-19 21:02:10
8443,444,44,WITHDRAWAL,33249.52,2024-03-23 17:25:32
8444,445,45,TRANSFER,7514.9,2023-04-15 13:45:51
8445,446,46,DEPOSIT,18785.09,2023-08-11 16:43:01
8446,447,47,WITHDRAWAL,42001.17,2023-01-14 07:02:41
8447,448,48,TRANSFER,9690.76,2024-04-04 08:31:03
8448,449,49,DEPOSIT,49728.41,2023-10-12 20:17:25
8449,450,50,WITHDRAWAL,36081.49,2023-09-29 20:00:46
8450,451,51,TRANSFER,40525.13,2023-02-21 06:39:24
8451,452,52,DEPOSIT,71.79,2024-05-23 21:00:01
8452,453,53,WITHDRAWAL,35786.51,2023-06-16 16:46:21
8453,454,54,TRANSFER,29814.18,2024-03-17 20:30:25
8454,455,55,DEPOSIT,38963.15,2023-04-10 13:52:59
8455,456,56,WITHDRAWAL,24832.94,2024-03-29 04:27:42
8456,457,57,TRANSFER,38820.39,2023-01-14 06:33:12
8457,458,58,DEPOSIT,48444.59,2023-06-27 18:19:11
8458,459,59,WITHDRAWAL,7102.53,2023-04-03 03:48:09
8459,460,60,TRANSFER,21198.87,2023-05-29 03:57:27
8460,461,61,DEPOSIT,27489.25,2023-10-06 20:32:40
8461,462,62,WITHDRAWAL,18340.86,2024-02-24 03:36:22
8462,463,63,TRANSFER,38130.98,2023-08-27 09:52:20
8463,464,64,DEPOSIT,10608.51,2023-04-12 05:35:40
8464,465,65,WITHDRAWAL,12975.27,2023-01-22 00:06:08
8465,466,66,TRANSFER,44406.23,2023-02-28 05:09:02
8466,467,67,DEPOSIT,1292.02,2023-05-02 07:13:49
8467,468,68,WITHDRAWAL,46509.96,2024-01-10 06:22:50
8468,469,69,TRANSFER,6164.41,2023-11-25 03:13:16
8469,470,70,DEPOSIT,8106.07,2024-04-22 02:28:17
8470,471,71,WITHDRAWAL,27880.84,2023-06-29 06:33:01
8471,472,72,TRANSFER,3024.85,2023-08-04 21:00:18
8472,473,73,DEPOSIT,30975.04,2024-04-10 07:24:52
8473,474,74,WITHDRAWAL,35944.86,2023-12-11 04:15:15
8474,475,75,TRANSFER,21566.78,2023-03-08 07:28:44
8475,476,76,DEPOSIT,1128.8,2024-04-03 21:32:47
8476,477,77,WITHDRAWAL,6508.08,2023-06-27 05:58:46
8477,478,78,TRANSFER,26557.05,2023-08-07 13:39:12
8478,479,79,DEPOSIT,17126.09,2023-03-25 03:21:51
8479,480,80,WITHDRAWAL,47646.19,2023-07-22 18:32:44
8480,481,81,TRANSFER,41390.1,2023-05-04 04:29:21
8481,482,82,DEPOSIT,32105.63,2024-05-05 16:23:20
8482,483,83,WITHDRAWAL,35063.04,2023-06-22 07:20:22
8483,484,84,TRANSFER,1628.83,2023-08-10 17:16:54
8484,485,85,DEPOSIT,6243.49,2023-02-15 13:16:26
8485,486,86,WITHDRAWAL,18165.71,2024-04-23 13:37:47
8486,487,87,TRANSFER,47829.89,2023-11-11 23:48:48
8487,488,88,DEPOSIT,45711.19,2024-03-14 09:42:20
8488,489,89,WITHDRAWAL,22579.17,2024-05-11 23:27:27
8489,490,90,TRANSFER,44653.2,2023-11-25 16:49:01
8490,491,91,DEPOSIT,31149.09,2023-08-28 10:22:13
8491,492,92,WITHDRAWAL,22146.19,2023-10-16 01:51:12
8492,493,93,TRANSFER,18604.77,2023-09-28 07:47:20
8493,494,94,DEPOSIT,42176.83,2023-11-27 05:44:42
8494,495,95,WITHDRAWAL,12571.55,2023-07-11 03:35:26
8495,496,96,TRANSFER,6851.59,2023-03-24 15:54:22
8496,497,97,DEPOSIT,23092.68,2023-07-15 00:50:05
8497,498,98,WITHDRAWAL,5536.91,2023-01-03 02:55:43
8498,499,99,TRANSFER,2979.33,2024-03-07 00:51:27
8499,500,100,DEPOSIT,39864.98,2023-04-03 01:10:43
8500,501,101,WITHDRAWAL,6140.61,2024-02-04 09:03:58
8501,502,102,TRANSFER,1342.0,2023-06-10 22:51:02
8502,503,103,DEPOSIT,27696.63,2023-11-17 10:54:47
8503,504,104,WITHDRAWAL,22471.8,2023-03-19 23:09:59
8504,505,105,TRANSFER,38174.58,2023-08-03 12:10:54
8505,506,106,DEPOSIT,24454.32,2023-03-11 21:21:41
8506,507,107,WITHDRAWAL,25818.83,2023-11-26 04:18:10
8507,508,108,TRANSFER,666.32,2024-02-27 19:50:29
8508,509,109,DEPOSIT,40618.68,2023-03-17 16:11:44
8509,510,110,WITHDRAWAL,22393.58,2023-10-12 11:16:51
8510,511,111,TRANSFER,29641.44,2023-04-26 01:22:59
8511,512,112,DEPOSIT,48710.32,2023-03-26 00:39:05
8512,513,113,WITHDRAWAL,23178.13,2023-02-17 05:26:22
8513,514,114,TRANSFER,25423.07,2023-06-01 20:07:06
8514,515,115,DEPOSIT,22653.63,2023-11-14 08:36:38
8515,516,116,WITHDRAWAL,2703.62,2023-07-11 11:08:56
8516,517,117,TRANSFER,16613.64,2023-06-28 00:23:33
8517,518,118,DEPOSIT,40651.73,2023-02-07 03:01:35
8518,519,119,WITHDRAWAL,18062.45,2023-08-12 11:35:18
8519,520,120,TRANSFER,47694.84,2024-02-17 04:51:20
8520,521,121,DEPOSIT,15018.83,2024-01-18 04:09:44
8521,522,122,WITHDRAWAL,8757.28,2023-11-08 04:02:40
8522,523,123,TRANSFER,1249.26,2023-06-02 16:01:28
8523,524,124,DEPOSIT,21760.45,2024-03-14 22:48:33
8524,525,125,WITHDRAWAL,26589.27,2023-09-29 00:35:35
8525,526,126,TRANSFER,33821.54,2024-02-15 04:54:49
8526,527,127,DEPOSIT,21301.16,2023-12-14 01:19:31
8527,528,128,WITHDRAWAL,29812.05,2023-11-30 14:10:44
8528,529,129,TRANSFER,1493.91,2024-01-21 09:21:23
8529,530,130,DEPOSIT,28067.28,2023-04-04 14:12:54
8530,531,131,WITHDRAWAL,9956.25,2023-09-17 05:47:16
8531,532,132,TRANSFER,30352.06,2023-06-05 15:05:08
8532,533,133,DEPOSIT,41131.05,2023-05-02 14:56:45
8533,534,134,WITHDRAWAL,46099.24,2023-12-08 08:25:50
8534,535,135,TRANSFER,44482.93,2023-12-06 19:07:21
8535,536,136,DEPOSIT,41161.42,2023-12-06 06:42:25
8536,537,137,WITHDRAWAL,17668.15,2023-03-03 07:25:31
8537,538,138,TRANSFER,26235.55,2023-02-19 18:26:10
8538,539,139,DEPOSIT,34976.87,2023-04-18 08:38:42
8539,540,140,WITHDRAWAL,958.84,2024-01-04 22:42:18
8540,541,141,TRANSFER,48991.34,2023-02-14 17:23:07
8541,542,142,DEPOSIT,20746.05,2023-11-10 00:10:21
8542,543,143,WITHDRAWAL,15536.96,2023-03-19 19:15:05
8543,544,144,TRANSFER,31345.61,2023-09-14 13:49:48
8544,545,145,DEPOSIT,37757.25,2023-01-20 08:47:30
8545,546,146,WITHDRAWAL,2538.37,2023-04-01 11:20:09
8546,547,147,TRANSFER,24287.83,2024-04-02 02:42:05
8547,548,148,DEPOSIT,6224.93,2023-12-30 00:11:46
8548,549,149,WITHDRAWAL,1877.16,2023-07-15 23:31:22
8549,550,150,TRANSFER,13142.08,2024-05-23 20:00:31
8550,551,151,DEPOSIT,27198.46,2023-07-03 06:27:48
8551,552,152,WITHDRAWAL,3406.56,2024-03-04 18:40:17
8552,553,153,TRANSFER,37866.79,2024-03-13 05:36:14
8553,554,154,DEPOSIT,34824.94,2024-05-05 04:04:57
8554,555,155,WITHDRAWAL,161.31,2024-03-21 23:16:59
8555,556,156,TRANSFER,33388.81,2023-07-13 15:06:43
8556,557,157,DEPOSIT,15840.13,2023-02-21 02:12:22
8557,558,158,WITHDRAWAL,2124.42,2023-05-14 16:33:36
8558,559,159,TRANSFER,30446.37,2024-04-19 05:38:00
8559,560,160,DEPOSIT,40393.52,2023-01-30 10:27:58
8560,561,161,WITHDRAWAL,32332.74,2023-08-20 04:12:14
8561,562,162,TRANSFER,41087.37,2024-04-09 10:17:06
8562,563,163,DEPOSIT,39168.46,2023-11-03 19:20:15
8563,564,164,WITHDRAWAL,49485.0,2024-02-16 00:46:39
8564,565,165,TRANSFER,11191.8,2024-05-11 05:36:58
8565,566,166,DEPOSIT,9941.2,2023-02-20 13:53:58
8566,567,167,WITHDRAWAL,21956.48,2024-04-03 12:18:33
8567,568,168,TRANSFER,40685.13,2023-04-04 10:08:35
8568,569,169,DEPOSIT,30153.32,2023-10-24 21:07:13
8569,570,170,WITHDRAWAL,5111.75,2023-08-16 06:45:28
8570,571,171,TRANSFER,47773.05,2023-10-24 17:04:15
8571,572,172,DEPOSIT,10822.02,2023-04-26 07:07:10
8572,573,173,WITHDRAWAL,47627.79,2023-08-11 15:38:13
8573,574,174,TRANSFER,23999.79,2024-01-12 17:27:14
8574,575,175,DEPOSIT,12419.61,2023-07-26 17:50:43
8575,576,176,WITHDRAWAL,38112.13,2023-05-16 07:14:16
8576,577,177,TRANSFER,9158.94,2023-12-06 08:17:20
8577,578,178,DEPOSIT,33489.88,2024-02-05 07:31:50
8578,579,179,WITHDRAWAL,14462.4,2024-04-07 05:51:57
8579,580,180,TRANSFER,45599.36,2024-03-17 12:54:34
8580,581,181,DEPOSIT,22308.94,2024-04-19 05:24:19
8581,582,182,WITHDRAWAL,3359.11,2023-01-12 09:17:28
8582,583,183,TRANSFER,8265.49,2023-07-25 03:26:11
8583,584,184,DEPOSIT,42407.6,2023-12-01 14:27:06
8584,585,185,WITHDRAWAL,6986.93,2024-05-27 21:17:59
8585,586,186,TRANSFER,23368.75,2023-06-16 11:37:44
8586,587,187,DEPOSIT,23042.48,2024-02-05 10:56:40
8587,588,188,WITHDRAWAL,42214.1,2024-02-24 20:35:18
8588,589,189,TRANSFER,4460.25,2023-03-24 02:13:35
8589,590,190,DEPOSIT,42052.96,2023-02-12 15:49:44
8590,591,191,WITHDRAWAL,33271.25,2024-05-28 05:23:01
8591,592,192,TRANSFER,31544.92,2023-01-22 07:19:16
8592,593,193,DEPOSIT,31392.23,2024-05-27 23:29:46
8593,594,194,WITHDRAWAL,42482.47,2023-03-15 20:22:59
8594,595,195,TRANSFER,47186.27,2024-02-28 21:28:25
8595,596,196,DEPOSIT,11768.18,2023-03-07 00:03:48
8596,597,197,WITHDRAWAL,28582.41,2024-04-22 20:20:09
8597,598,198,TRANSFER,25227.79,2024-04-07 12:26:19
8598,599,199,DEPOSIT,22434.53,2024-03-30 03:50:21
8599,600,200,WITHDRAWAL,44873.37,2023-04-24 20:55:54
8600,601,1,TRANSFER,48800.8,2023-03-06 20:34:03
8601,602,2,DEPOSIT,36550.53,2023-01-18 09:48:41
8602,603,3,WITHDRAWAL,25187.44,2024-02-22 11:45:36
8603,604,4,TRANSFER,48229.46,2024-04-01 10:32:29
8604,605,5,DEPOSIT,25415.79,2024-05-28 18:59:57
8605,606,6,WITHDRAWAL,48525.71,2023-02-24 20:15:15
8606,607,7,TRANSFER,44709.24,2023-11-06 21:55:47
8607,608,8,DEPOSIT,26759.85,2023-08-25 05:05:50
8608,609,9,WITHDRAWAL,37894.06,2023-05-05 19:58:09
8609,610,10,TRANSFER,47340.69,2023-12-17 12:40:49
8610,611,11,DEPOSIT,26102.1,2023-10-04 13:16:08
8611,612,12,WITHDRAWAL,28558.67,2023-07-01 02:00:14
8612,613,13,TRANSFER,48626.23,2023-12-09 00:47:09
8613,614,14,DEPOSIT,21889.02,2023-10-18 08:07:25
8614,615,15,WITHDRAWAL,26959.6,2023-01-09 23:00:35
8615,616,16,TRANSFER,40595.4,2023-02-17 22:26:28
8616,617,17,DEPOSIT,27009.35,2023-07-21 13:26:35
8617,618,18,WITHDRAWAL,23720.64,2023-11-22 06:45:58
8618,619,19,TRANSFER,33332.54,2024-01-03 14:29:24
8619,620,20,DEPOSIT,42107.52,2023-05-20 16:16:24
8620,621,21,WITHDRAWAL,28175.82,2023-10-23 08:22:19
8621,622,22,TRANSFER,29788.06,2023-08-21 16:07:20
8622,623,23,DEPOSIT,38232.83,2023-03-13 01:45:09
8623,624,24,WITHDRAWAL,46708.09,2023-03-07 06:28:46
8624,625,25,TRANSFER,44550.59,2024-02-01 19:50:03
8625,626,26,DEPOSIT,13528.1,2024-04-03 14:24:42
8626,627,27,WITHDRAWAL,29999.09,2023-05-09 10:20:12
8627,628,28,TRANSFER,27988.85,2023-11-25 22:08:13
8628,629,29,DEPOSIT,7530.35,2024-01-28 00:02:31
8629,630,30,WITHDRAWAL,28934.01,2023-11-01 13:21:29
8630,631,31,TRANSFER,33232.53,2024-01-06 14:27:15
8631,632,32,DEPOSIT,13364.05,2023-02-08 20:32:26
8632,633,33,WITHDRAWAL,17738.52,2024-04-02 08:48:16
8633,634,34,TRANSFER,12939.99,2023-04-02 14:04:33
8634,635,35,DEPOSIT,39507.93,2023-03-10 16:35:05
8635,636,36,WITHDRAWAL,5633.52,2023-11-25 23:02:13
8636,637,37,TRANSFER,2210.62,2023-11-28 18:38:48
8637,638,38,DEPOSIT,32119.92,2024-03-04 15:11:32
8638,639,39,WITHDRAWAL,24380.46,2023-05-18 12:03:54
8639,640,40,TRANSFER,27913.8,2024-03-05 16:36:26
8640,641,41,DEPOSIT,36146.04,2023-09-16 21:17:28
8641,642,42,WITHDRAWAL,5359.37,2023-10-02 23:49:55
8642,643,43,TRANSFER,29055.88,2023-12-24 11:29:09
8643,644,44,DEPOSIT,33504.72,2024-05-26 13:46:28
8644,645,45,WITHDRAWAL,9094.45,2023-11-06 06:12:23
8645,646,46,TRANSFER,2267.93,2024-05-12 02:26:20
8646,647,47,DEPOSIT,46312.09,2024-04-14 17:17:51
8647,648,48,WITHDRAWAL,14159.17,2024-05-11 20:00:53
8648,649,49,TRANSFER,18821.97,2024-04-18 15:57:29
8649,650,50,DEPOSIT,12440.26,2024-02-29 17:03:42
8650,651,51,WITHDRAWAL,46778.47,2023-07-25 16:48:52
8651,652,52,TRANSFER,1290.8,2023-11-30 10:53:08
8652,653,53,DEPOSIT,25589.91,2023-12-18 21:38:46
8653,654,54,WITHDRAWAL,3247.35,2023-04-28 19:41:43
8654,655,55,TRANSFER,7655.93,2023-01-10 00:31:26
8655,656,56,DEPOSIT,5119.46,2023-09-20 13:06:38
8656,657,57,WITHDRAWAL,7998.76,2023-04-21 13:24:15
8657,658,58,TRANSFER,29004.07,2023-10-04 04:19:50
8658,659,59,DEPOSIT,41277.74,2023-07-08 20:47:40
8659,660,60,WITHDRAWAL,13768.11,2023-11-12 20:09:01
8660,661,61,TRANSFER,6261.63,2024-02-29 15:26:54
8661,662,62,DEPOSIT,48383.39,2024-01-26 07:53:28
8662,663,63,WITHDRAWAL,13303.25,2023-06-22 10:25:41
8663,664,64,TRANSFER,26639.85,2023-11-07 18:58:26
8664,665,65,DEPOSIT,11405.32,2024-01-25 18:23:37
8665,666,66,WITHDRAWAL,44017.91,2023-02-01 21:56:04
8666,667,67,TRANSFER,49250.77,2023-04-17 18:25:43
8667,668,68,DEPOSIT,23981.38,2023-11-03 22:50:52
8668,669,69,WITHDRAWAL,22264.26,2024-02-14 11:53:37
8669,670,70,TRANSFER,3416.81,2024-03-23 04:45:45
8670,671,71,DEPOSIT,31165.72,2023-01-18 03:07:54
8671,672,72,WITHDRAWAL,4468.2,2023-02-19 06:02:51
8672,673,73,TRANSFER,10730.45,2023-02-27 08:43:14
8673,674,74,DEPOSIT,29329.03,2023-03-29 17:28:11
8674,675,75,WITHDRAWAL,17893.78,2023-07-12 20:22:14
8675,676,76,TRANSFER,32008.45,2024-04-10 19:01:58
8676,677,77,DEPOSIT,49928.96,2023-05-07 19:06:33
8677,678,78,WITHDRAWAL,35739.59,2023-06-08 21:28:52
8678,679,79,TRANSFER,11640.12,2023-03-25 20:31:44
8679,680,80,DEPOSIT,35988.53,2024-01-05 00:41:58
8680,681,81,WITHDRAWAL,17093.03,2023-01-01 07:54:42
8681,682,82,TRANSFER,2199.11,2023-07-13 02:42:46
8682,683,83,DEPOSIT,16067.67,2023-07-17 16:27:26
8683,684,84,WITHDRAWAL,4728.83,2024-02-01 22:32:33
8684,685,85,TRANSFER,38990.15,2023-09-16 05:19:49
8685,686,86,DEPOSIT,45501.39,2023-01-18 00:49:15
8686,687,87,WITHDRAWAL,45322.39,2023-10-07 20:46:49
8687,688,88,TRANSFER,37526.32,2023-08-05 06:03:45
8688,689,89,DEPOSIT,7240.78,2024-01-20 22:30:13
8689,690,90,WITHDRAWAL,30817.82,2023-04-07 18:08:26
8690,691,91,TRANSFER,15901.0,2023-11-30 03:36:21
8691,692,92,DEPOSIT,43653.36,2023-01-25 12:25:44
8692,693,93,WITHDRAWAL,13687.27,2023-08-13 14:11:13
8693,694,94,TRANSFER,20825.38,2024-03-16 13:44:05
8694,695,95,DEPOSIT,23507.61,2023-02-19 01:45:10
8695,696,96,WITHDRAWAL,44829.82,2024-01-12 02:52:48
8696,697,97,TRANSFER,38622.27,2023-02-20 17:54:22
8697,698,98,DEPOSIT,35012.73,2023-04-09 11:17:59
8698,699,99,WITHDRAWAL,26916.62,2024-04-06 19:09:46
8699,700,100,TRANSFER,31528.04,2024-02-29 13:45:25
8700,701,101,DEPOSIT,27056.68,2024-02-29 15:18:29
8701,702,102,WITHDRAWAL,43316.27,2023-01-03 05:09:24
8702,703,103,TRANSFER,41668.06,2023-12-25 15:10:44
8703,704,104,DEPOSIT,4853.94,2023-04-23 23:34:28
8704,705,105,WITHDRAWAL,22148.12,2023-03-03 20:12:51
8705,706,106,TRANSFER,25853.41,2023-11-18 07:55:01
8706,707,107,DEPOSIT,39365.97,2023-03-23 05:37:45
8707,708,108,WITHDRAWAL,31131.15,2023-09-11 13:25:56
8708,709,109,TRANSFER,31333.24,2023-11-03 10:22:45
8709,710,110,DEPOSIT,27300.29,2023-07-25 20:27:04
8710,711,111,WITHDRAWAL,33161.77,2024-04-23 19:47:58
8711,712,112,TRANSFER,40240.27,2024-04-24 13:17:39
8712,713,113,DEPOSIT,34947.05,2023-07-13 09:14:41
8713,714,114,WITHDRAWAL,19797.42,2024-03-27 20:58:16
8714,715,115,TRANSFER,27482.11,2024-04-25 10:30:58
8715,716,116,DEPOSIT,46516.19,2023-08-31 00:56:21
8716,717,117,WITHDRAWAL,28365.4,2023-10-24 01:22:56
8717,718,118,TRANSFER,16373.06,2023-03-12 03:14:13
8718,719,119,DEPOSIT,13068.33,2024-04-01 23:40:47
8719,720,120,WITHDRAWAL,40180.93,2023-09-01 13:06:04
8720,721,121,TRANSFER,5541.19,2023-02-08 07:01:42
8721,722,122,DEPOSIT,6747.04,2024-04-21 16:08:35
8722,723,123,WITHDRAWAL,33979.36,2024-04-10 08:11:06
8723,724,124,TRANSFER,42242.48,2023-02-15 12:09:39
8724,725,125,DEPOSIT,49734.25,2024-01-07 02:01:50
8725,726,126,WITHDRAWAL,34852.57,2023-07-11 09:09:49
8726,727,127,TRANSFER,44458.8,2023-10-24 07:29:14
8727,728,128,DEPOSIT,17569.54,2023-02-04 13:19:28
8728,729,129,WITHDRAWAL,23729.3,2023-02-24 16:02:47
8729,730,130,TRANSFER,34141.48,2023-11-25 03:38:17
8730,731,131,DEPOSIT,11361.19,2023-02-18 01:17:12
8731,732,132,WITHDRAWAL,26895.5,2024-04-07 22:22:01
8732,733,133,TRANSFER,40377.12,2024-03-07 06:24:44
8733,734,134,DEPOSIT,21068.23,2023-06-10 21:23:53
8734,735,135,WITHDRAWAL,20545.37,2023-07-13 01:21:40
8735,736,136,TRANSFER,6296.89,2024-05-18 00:29:01
8736,737,137,DEPOSIT,28967.65,2024-02-04 18:06:10
8737,738,138,WITHDRAWAL,18625.69,2023-09-12 11:54:37
8738,739,139,TRANSFER,18955.36,2023-02-13 08:23:57
8739,740,140,DEPOSIT,2467.09,2023-01-06 23:08:04
8740,741,141,WITHDRAWAL,32806.64,2024-04-06 11:09:03
8741,742,142,TRANSFER,15063.63,2024-03-20 14:18:23
8742,743,143,DEPOSIT,14942.68,2023-04-16 13:06:45
8743,744,144,WITHDRAWAL,12518.39,2024-03-26 18:46:01
8744,745,145,TRANSFER,14672.93,2023-02-06 11:21:58
8745,746,146,DEPOSIT,49932.01,2023-10-20 07:24:08
8746,747,147,WITHDRAWAL,39278.0,2023-08-01 19:12:09
8747,748,148,TRANSFER,30673.39,2024-03-08 10:36:59
8748,749,149,DEPOSIT,24880.2,2023-12-02 00:45:37
8749,750,150,WITHDRAWAL,16350.46,2023-02-08 20:06:40
8750,751,151,TRANSFER,13113.92,2023-12-05 11:58:30
8751,752,152,DEPOSIT,41011.37,2023-01-12 03:35:52
8752,753,153,WITHDRAWAL,15744.23,2023-08-30 08:39:08
8753,754,154,TRANSFER,24506.56,2023-10-10 20:56:50
8754,755,155,DEPOSIT,17002.44,2023-12-11 03:54:33
8755,756,156,WITHDRAWAL,28564.8,2023-01-23 16:01:58
8756,757,157,TRANSFER,38402.59,2023-08-28 15:15:20
8757,758,158,DEPOSIT,9622.45,2023-06-21 10:45:19
8758,759,159,WITHDRAWAL,40265.18,2024-01-29 08:23:15
8759,760,160,TRANSFER,21263.32,2023-01-23 10:34:24
8760,761,161,DEPOSIT,42853.3,2023-07-08 08:50:15
8761,762,162,WITHDRAWAL,12911.85,2023-10-15 00:31:56
8762,763,163,TRANSFER,43795.52,2023-11-11 03:14:38
8763,764,164,DEPOSIT,42715.87,2023-04-12 14:24:10
8764,765,165,WITHDRAWAL,38523.53,2023-05-24 04:04:25
8765,766,166,TRANSFER,35032.92,2023-09-19 08:57:04
8766,767,167,DEPOSIT,5428.85,2023-02-12 02:13:10
8767,768,168,WITHDRAWAL,16706.76,2024-05-06 08:57:58
8768,769,169,TRANSFER,17357.7,2024-04-17 10:25:05
8769,770,170,DEPOSIT,467.71,2023-02-11 17:01:23
8770,771,171,WITHDRAWAL,8021.6,2023-11-27 11:48:49
8771,772,172,TRANSFER,5929.53,2023-05-26 01:02:58
8772,773,173,DEPOSIT,14712.68,2023-04-29 04:23:24
8773,774,174,WITHDRAWAL,21414.82,2023-12-18 00:31:03
8774,775,175,TRANSFER,34700.54,2024-01-07 13:22:04
8775,776,176,DEPOSIT,15537.71,2024-01-04 03:02:20
8776,777,177,WITHDRAWAL,38192.81,2023-04-15 08:12:53
8777,778,178,TRANSFER,3375.94,2024-04-21 08:14:23
8778,779,179,DEPOSIT,5191.78,2023-01-22 13:16:37
8779,780,180,WITHDRAWAL,14053.72,2023-05-18 09:14:09
8780,781,181,TRANSFER,4624.08,2023-03-19 14:32:42
8781,782,182,DEPOSIT,40766.12,2024-01-26 23:19:10
8782,783,183,WITHDRAWAL,26675.11,2023-07-15 02:43:36
8783,784,184,TRANSFER,31974.5,2024-02-06 14:52:26
8784,785,185,DEPOSIT,315.9,2023-02-16 13:53:45
8785,786,186,WITHDRAWAL,760.55,2024-02-21 23:37:03
8786,787,187,TRANSFER,29444.61,2024-01-04 14:54:42
8787,788,188,DEPOSIT,24065.21,2023-11-04 15:29:03
8788,789,189,WITHDRAWAL,49581.93,2024-01-20 02:47:09
8789,790,190,TRANSFER,9802.23,2023-04-10 07:20:12
8790,791,191,DEPOSIT,8652.73,2023-03-03 11:07:48
8791,792,192,WITHDRAWAL,44125.1,2024-04-07 13:22:45
8792,793,193,TRANSFER,22209.98,2023-10-06 08:24:22
8793,794,194,DEPOSIT,46549.96,2023-01-11 13:53:40
8794,795,195,WITHDRAWAL,22311.31,2023-08-01 04:45:48
8795,796,196,TRANSFER,39628.49,2023-11-14 07:53:57
8796,797,197,DEPOSIT,31933.32,2023-05-08 11:13:51
8797,798,198,WITHDRAWAL,3816.22,2023-11-27 02:21:13
8798,799,199,TRANSFER,45976.89,2023-03-28 03:28:11
8799,800,200,DEPOSIT,10202.51,2023-02-11 12:46:32
8800,801,1,WITHDRAWAL,11448.09,2023-07-15 03:14:20
8801,802,2,TRANSFER,17114.09,2024-01-07 20:01:16
8802,803,3,DEPOSIT,17292.5,2023-12-01 01:20:29
8803,804,4,WITHDRAWAL,36477.52,2024-04-02 06:57:00
8804,805,5,TRANSFER,2414.2,2024-02-18 10:36:13
8805,806,6,DEPOSIT,17524.22,2024-03-06 09:18:53
8806,807,7,WITHDRAWAL,8448.49,2024-05-08 15:39:36
8807,808,8,TRANSFER,47399.92,2023-07-25 14:52:14
8808,809,9,DEPOSIT,15495.05,2023-05-16 19:02:17
8809,810,10,WITHDRAWAL,33590.74,2023-04-06 20:27:09
8810,811,11,TRANSFER,25178.1,2023-06-30 15:14:46
8811,812,12,DEPOSIT,18107.84,2023-07-16 16:19:18
8812,813,13,WITHDRAWAL,2366.98,2023-07-28 10:29:42
8813,814,14,TRANSFER,12730.69,2023-11-30 09:33:44
8814,815,15,DEPOSIT,18377.69,2024-05-22 01:28:12
8815,816,16,WITHDRAWAL,23366.53,2024-05-21 14:01:13
8816,817,17,TRANSFER,43494.82,2023-04-24 02:57:48
8817,818,18,DEPOSIT,5579.07,2023-03-01 13:51:44
8818,819,19,WITHDRAWAL,7716.65,2023-05-31 08:00:59
8819,820,20,TRANSFER,14280.44,2023-12-14 13:03:41
8820,821,21,DEPOSIT,30742.68,2024-02-22 07:22:51
8821,822,22,WITHDRAWAL,34111.78,2024-01-17 13:37:41
8822,823,23,TRANSFER,36674.66,2024-04-27 04:21:53
8823,824,24,DEPOSIT,22543.0,2023-03-07 22:01:53
8824,825,25,WITHDRAWAL,38210.22,2023-11-06 05:56:30
8825,826,26,TRANSFER,33228.26,2023-07-08 15:54:48
8826,827,27,DEPOSIT,32079.37,2024-05-16 00:52:52
8827,828,28,WITHDRAWAL,24469.37,2023-05-10 05:07:52
8828,829,29,TRANSFER,9589.49,2023-01-24 20:23:04
8829,830,30,DEPOSIT,26949.41,2024-03-07 03:36:21
8830,831,31,WITHDRAWAL,40984.19,2023-05-12 19:44:04
8831,832,32,TRANSFER,17687.97,2024-01-04 17:39:39
8832,833,33,DEPOSIT,32756.19,2023-01-10 19:10:17
8833,834,34,WITHDRAWAL,40061.79,2023-02-17 04:59:16
8834,835,35,TRANSFER,30340.96,2023-02-22 06:01:57
8835,836,36,DEPOSIT,48116.19,2023-10-28 14:39:59
8836,837,37,WITHDRAWAL,12753.95,2023-02-02 09:23:30
8837,838,38,TRANSFER,9726.15,2024-05-08 11:37:36
8838,839,39,DEPOSIT,30447.95,2023-10-28 06:59:19
8839,840,40,WITHDRAWAL,16256.74,2023-06-28 07:01:04
8840,841,41,TRANSFER,25157.04,2024-02-28 13:28:36
8841,842,42,DEPOSIT,13345.6,2023-04-23 11:45:31
8842,843,43,WITHDRAWAL,16557.89,2023-06-28 05:01:13
8843,844,44,TRANSFER,44056.02,2023-06-28 06:31:58
8844,845,45,DEPOSIT,1797.84,2023-01-10 04:15:11
8845,846,46,WITHDRAWAL,37017.91,2024-05-07 17:29:55
8846,847,47,TRANSFER,3465.49,2024-02-04 18:44:41
8847,848,48,DEPOSIT,22032.67,2023-11-04 20:17:41
8848,849,49,WITHDRAWAL,14337.42,2024-01-28 08:47:57
8849,850,50,TRANSFER,42129.58,2023-02-22 00:14:27
8850,851,51,DEPOSIT,49445.04,2023-09-26 05:36:40
8851,852,52,WITHDRAWAL,12712.59,2023-08-05 14:13:04
8852,853,53,TRANSFER,13090.02,2023-10-07 04:54:11
8853,854,54,DEPOSIT,2683.83,2023-11-29 01:07:50
8854,855,55,WITHDRAWAL,10521.2,2024-02-18 00:17:44
8855,856,56,TRANSFER,43951.62,2024-02-20 14:37:05
8856,857,57,DEPOSIT,23760.82,2023-02-21 05:32:05
8857,858,58,WITHDRAWAL,10879.96,2024-04-26 05:04:58
8858,859,59,TRANSFER,5366.59,2024-03-05 02:48:25
8859,860,60,DEPOSIT,34315.16,2024-05-13 11:46:35
8860,861,61,WITHDRAWAL,12053.77,2023-09-06 22:31:35
8861,862,62,TRANSFER,6175.41,2024-04-07 17:42:16
8862,863,63,DEPOSIT,22830.1,2024-02-21 19:31:28
8863,864,64,WITHDRAWAL,25629.49,2024-01-26 04:16:54
8864,865,65,TRANSFER,43707.93,2023-07-18 10:03:33
8865,866,66,DEPOSIT,40197.22,2023-10-27 19:29:51
8866,867,67,WITHDRAWAL,28968.19,2024-03-17 02:23:45
8867,868,68,TRANSFER,26389.41,2024-03-31 09:54:21
8868,869,69,DEPOSIT,44241.11,2023-05-01 09:28:32
8869,870,70,WITHDRAWAL,3055.43,2024-04-10 03:22:52
8870,871,71,TRANSFER,24067.23,2023-09-02 06:44:37
8871,872,72,DEPOSIT,41877.15,2023-04-14 04:24:30
8872,873,73,WITHDRAWAL,13719.3,2023-03-23 06:53:39
8873,874,74,TRANSFER,34054.38,2023-12-16 01:41:12
8874,875,75,DEPOSIT,18848.34,2023-07-17 03:02:47
8875,876,76,WITHDRAWAL,40513.09,2023-01-29 07:05:21
8876,877,77,TRANSFER,27026.95,2024-04-09 15:34:47
8877,878,78,DEPOSIT,35526.53,2023-10-24 04:39:54
8878,879,79,WITHDRAWAL,13397.3,2023-05-16 22:47:14
8879,880,80,TRANSFER,41583.76,2023-06-08 05:53:50
8880,881,81,DEPOSIT,11326.94,2024-05-18 20:35:51
8881,882,82,WITHDRAWAL,8145.07,2023-12-16 03:51:18
8882,883,83,TRANSFER,11920.98,2023-07-02 21:24:04
8883,884,84,DEPOSIT,7555.88,2023-03-22 03:50:59
8884,885,85,WITHDRAWAL,49266.67,2023-03-29 13:25:56
8885,886,86,TRANSFER,27489.78,2024-05-27 06:32:54
8886,887,87,DEPOSIT,19600.94,2023-01-24 08:47:53
8887,888,88,WITHDRAWAL,47185.64,2023-05-03 00:51:40
8888,889,89,TRANSFER,10512.41,2024-03-16 01:50:23
8889,890,90,DEPOSIT,25858.88,2023-05-14 21:48:54
8890,891,91,WITHDRAWAL,46208.45,2024-02-04 18:24:14
8891,892,92,TRANSFER,27856.72,2024-03-25 00:04:53
8892,893,93,DEPOSIT,8397.48,2023-06-14 17:39:54
8893,894,94,WITHDRAWAL,2248.66,2023-04-05 01:57:47
8894,895,95,TRANSFER,754.99,2023-04-01 20:32:03
8895,896,96,DEPOSIT,8794.7,2023-06-28 15:52:23
8896,897,97,WITHDRAWAL,823.71,2023-01-02 15:22:54
8897,898,98,TRANSFER,19303.13,2024-02-10 11:11:13
8898,899,99,DEPOSIT,18976.33,2023-12-04 01:47:48
8899,900,100,WITHDRAWAL,45502.94,2023-02-05 04:37:56
8900,901,101,TRANSFER,42065.34,2024-01-30 12:22:27
8901,902,102,DEPOSIT,33576.94,2024-04-08 14:23:52
8902,903,103,WITHDRAWAL,45978.32,2024-03-09 11:53:41
8903,904,104,TRANSFER,35746.15,2024-01-09 11:37:38
8904,905,105,DEPOSIT,570.09,2023-04-05 12:42:10
8905,906,106,WITHDRAWAL,40893.31,2023-03-06 22:37:46
8906,907,107,TRANSFER,18639.84,2023-05-28 01:45:19
8907,908,108,DEPOSIT,14445.31,2023-03-14 04:32:09
8908,909,109,WITHDRAWAL,44888.08,2023-07-02 17:02:18
8909,910,110,TRANSFER,46428.52,2023-08-13 18:07:01
8910,911,111,DEPOSIT,12205.99,2024-05-19 18:33:36
8911,912,112,WITHDRAWAL,29485.74,2023-03-08 01:29:28
8912,913,113,TRANSFER,39310.58,2023-02-06 18:56:29
8913,914,114,DEPOSIT,21062.8,2023-08-03 15:47:26
8914,915,115,WITHDRAWAL,32079.31,2024-03-03 10:55:19
8915,916,116,TRANSFER,15749.94,2023-06-01 10:49:43
8916,917,117,DEPOSIT,43319.06,2023-11-14 10:07:27
8917,918,118,WITHDRAWAL,15826.45,2024-04-02 06:11:35
8918,919,119,TRANSFER,1753.11,2023-03-17 20:28:47
8919,920,120,DEPOSIT,36669.43,2023-06-04 05:20:50
8920,921,121,WITHDRAWAL,22857.63,2023-01-14 03:04:13
8921,922,122,TRANSFER,45800.8,2023-11-11 00:16:57
8922,923,123,DEPOSIT,18509.21,2023-01-03 17:23:58
8923,924,124,WITHDRAWAL,47173.49,2023-08-05 15:57:43
8924,925,125,TRANSFER,18965.68,2024-04-01 23:11:49
8925,926,126,DEPOSIT,16577.06,2023-02-27 21:23:36
8926,927,127,WITHDRAWAL,21801.22,2023-02-05 18:56:28
8927,928,128,TRANSFER,21109.87,2023-10-30 20:53:51
8928,929,129,DEPOSIT,3700.55,2023-03-13 11:31:03
8929,930,130,WITHDRAWAL,19655.44,2024-05-17 18:38:12
8930,931,131,TRANSFER,14961.55,2023-10-16 03:21:11
8931,932,132,DEPOSIT,35450.85,2023-03-09 05:15:18
8932,933,133,WITHDRAWAL,49339.21,2023-06-24 14:29:27
8933,934,134,TRANSFER,40390.07,2023-01-02 05:33:30
8934,935,135,DEPOSIT,16203.31,2024-02-25 17:09:34
8935,936,136,WITHDRAWAL,30709.78,2023-11-06 18:36:17
8936,937,137,TRANSFER,13450.54,2024-04-04 10:00:37
8937,938,138,DEPOSIT,23476.99,2024-04-25 11:47:46
8938,939,139,WITHDRAWAL,30762.62,2024-02-11 01:33:47
8939,940,140,TRANSFER,38652.55,2023-10-13 06:40:28
8940,941,141,DEPOSIT,21500.53,2023-06-01 04:29:21
8941,942,142,WITHDRAWAL,10123.08,2024-03-01 19:50:12
8942,943,143,TRANSFER,7049.93,2024-03-06 06:34:59
8943,944,144,DEPOSIT,36283.52,2024-02-19 23:59:46
8944,945,145,WITHDRAWAL,31095.29,2024-03-14 12:56:19
8945,946,146,TRANSFER,19426.83,2023-05-04 17:40:18
8946,947,147,DEPOSIT,39247.73,2023-12-23 14:29:34
8947,948,148,WITHDRAWAL,11711.65,2024-02-15 01:47:05
8948,949,149,TRANSFER,27905.92,2023-12-03 16:04:32
8949,950,150,DEPOSIT,44886.33,2024-02-08 22:13:47
8950,951,151,WITHDRAWAL,5924.48,2024-03-15 10:23:42
8951,952,152,TRANSFER,49750.38,2024-02-15 23:51:31
8952,953,153,DEPOSIT,32045.53,2024-05-27 22:58:08
8953,954,154,WITHDRAWAL,3641.67,2024-04-22 04:35:52
8954,955,155,TRANSFER,18556.08,2023-01-24 19:04:31
8955,956,156,DEPOSIT,21443.43,2024-04-04 07:47:05
8956,957,157,WITHDRAWAL,22682.18,2023-10-09 23:12:30
8957,958,158,TRANSFER,28471.79,2023-03-02 05:20:43
8958,959,159,DEPOSIT,1178.45,2023-10-20 20:48:23
8959,960,160,WITHDRAWAL,11845.01,2024-04-06 22:02:28
8960,961,161,TRANSFER,47163.97,2023-01-18 07:16:20
8961,962,162,DEPOSIT,21586.33,2023-04-14 01:43:36
8962,963,163,WITHDRAWAL,22733.06,2023-10-06 11:02:56
8963,964,164,TRANSFER,26103.61,2024-05-05 03:48:22
8964,965,165,DEPOSIT,41553.54,2024-03-10 05:46:45
8965,966,166,WITHDRAWAL,19013.22,2023-05-26 01:40:54
8966,967,167,TRANSFER,48889.12,2023-08-24 03:12:55
8967,968,168,DEPOSIT,42740.48,2024-03-05 18:11:07
8968,969,169,WITHDRAWAL,18433.5,2024-03-20 00:08:08
8969,970,170,TRANSFER,47037.85,2023-04-19 02:52:47
8970,971,171,DEPOSIT,18066.73,2023-12-25 01:23:34
8971,972,172,WITHDRAWAL,15724.59,2024-02-01 12:20:57
8972,973,173,TRANSFER,23033.93,2023-04-02 11:33:04
8973,974,174,DEPOSIT,14546.46,2023-12-21 21:34:18
8974,975,175,WITHDRAWAL,33551.5,2023-03-12 01:40:47
8975,976,176,TRANSFER,24419.0,2023-04-18 03:56:32
8976,977,177,DEPOSIT,30110.14,2023-10-27 02:43:13
8977,978,178,WITHDRAWAL,4837.63,2023-02-27 23:10:19
8978,979,179,TRANSFER,27575.78,2024-05-15 23:19:04
8979,980,180,DEPOSIT,4604.18,2023-08-06 17:44:47
8980,981,181,WITHDRAWAL,20146.62,2024-04-04 23:47:33
8981,982,182,TRANSFER,21792.77,2023-04-18 00:14:00
8982,983,183,DEPOSIT,8144.31,2023-05-18 12:00:24
8983,984,184,WITHDRAWAL,47151.83,2024-04-13 11:41:24
8984,985,185,TRANSFER,25616.22,2023-09-17 15:11:47
8985,986,186,DEPOSIT,22469.46,2023-02-27 19:48:49
8986,987,187,WITHDRAWAL,36053.09,2023-07-25 07:32:21
8987,988,188,TRANSFER,13327.39,2023-10-12 14:57:42
8988,989,189,DEPOSIT,5270.74,2023-04-13 10:36:51
8989,990,190,WITHDRAWAL,17337.11,2024-03-05 22:57:33
8990,991,191,TRANSFER,18648.69,2023-08-17 02:00:15
8991,992,192,DEPOSIT,15954.83,2023-02-05 05:47:05
8992,993,193,WITHDRAWAL,6329.69,2024-01-28 20:45:03
8993,994,194,TRANSFER,7085.38,2024-03-24 22:17:17
8994,995,195,DEPOSIT,24852.28,2023-10-13 04:31:25
8995,996,196,WITHDRAWAL,35518.23,2023-01-01 01:08:04
8996,997,197,TRANSFER,46905.47,2023-01-15 00:41:47
8997,998,198,DEPOSIT,3177.83,2023-02-08 15:59:09
8998,999,199,WITHDRAWAL,10985.67,2023-11-07 03:27:44
8999,1000,200,TRANSFER,20506.34,2023-09-23 18:31:56
9000,1,1,DEPOSIT,22973.31,2023-02-11 01:01:48
9001,2,2,WITHDRAWAL,41365.77,2023-06-14 02:23:51
9002,3,3,TRANSFER,42382.44,2023-08-05 06:36:43
9003,4,4,DEPOSIT,49594.05,2024-01-01 01:29:07
9004,5,5,WITHDRAWAL,8156.12,2024-01-26 18:26:21
9005,6,6,TRANSFER,30555.22,2024-03-10 22:58:13
9006,7,7,DEPOSIT,262.79,2023-08-06 11:33:05
9007,8,8,WITHDRAWAL,24278.89,2023-03-11 02:19:24
9008,9,9,TRANSFER,47266.54,2024-05-21 09:13:20
9009,10,10,DEPOSIT,9146.58,2024-02-06 08:10:31
9010,11,11,WITHDRAWAL,35856.67,2023-07-23 08:37:59
9011,12,12,TRANSFER,4513.57,2023-07-06 16:49:49
9012,13,13,DEPOSIT,3633.67,2023-11-22 23:30:03
9013,14,14,WITHDRAWAL,46210.56,2024-02-26 04:10:41
9014,15,15,TRANSFER,322.29,2023-10-17 19:51:50
9015,16,16,DEPOSIT,2955.28,2023-02-21 04:40:18
9016,17,17,WITHDRAWAL,47149.13,2023-09-30 23:10:20
9017,18,18,TRANSFER,34903.77,2024-05-13 06:03:42
9018,19,19,DEPOSIT,4582.43,2023-02-15 19:52:27
9019,20,20,WITHDRAWAL,18596.36,2024-03-22 02:51:50
9020,21,21,TRANSFER,30524.82,2023-01-01 19:07:13
9021,22,22,DEPOSIT,44296.57,2023-12-27 06:15:57
9022,23,23,WITHDRAWAL,49052.93,2023-03-26 19:46:17
9023,24,24,TRANSFER,4317.82,2024-05-25 06:11:53
9024,25,25,DEPOSIT,21375.91,2023-05-25 09:58:56
9025,26,26,WITHDRAWAL,37195.97,2023-02-03 21:07:41
9026,27,27,TRANSFER,47350.74,2023-06-26 15:16:52
9027,28,28,DEPOSIT,2671.47,2023-12-09 05:10:21
9028,29,29,WITHDRAWAL,6816.85,2024-03-18 08:28:15
9029,30,30,TRANSFER,1651.07,2023-02-04 01:25:33
9030,31,31,DEPOSIT,40485.0,2023-02-25 01:18:07
9031,32,32,WITHDRAWAL,15702.37,2024-04-06 02:24:32
9032,33,33,TRANSFER,240.13,2023-01-12 10:08:12
9033,34,34,DEPOSIT,12828.72,2024-01-11 19:55:58
9034,35,35,WITHDRAWAL,4340.32,2024-05-22 16:50:27
9035,36,36,TRANSFER,28704.38,2024-01-27 14:35:47
9036,37,37,DEPOSIT,28093.1,2023-08-31 12:55:04
9037,38,38,WITHDRAWAL,34959.35,2023-09-12 03:59:13
9038,39,39,TRANSFER,40538.3,2023-06-26 07:38:56
9039,40,40,DEPOSIT,39874.46,2023-04-20 09:37:12
9040,41,41,WITHDRAWAL,23421.58,2024-02-10 08:58:35
9041,42,42,TRANSFER,27771.09,2024-04-05 16:08:58
9042,43,43,DEPOSIT,43261.57,2023-06-15 16:55:07
9043,44,44,WITHDRAWAL,17237.24,2023-11-17 02:34:01
9044,45,45,TRANSFER,12861.97,2024-04-07 06:55:15
9045,46,46,DEPOSIT,38301.9,2024-01-02 18:46:12
9046,47,47,WITHDRAWAL,41818.26,2023-11-18 02:41:59
9047,48,48,TRANSFER,47967.21,2023-03-10 10:07:51
9048,49,49,DEPOSIT,46285.52,2024-02-04 18:09:05
9049,50,50,WITHDRAWAL,10117.21,2024-01-04 06:30:56
9050,51,51,TRANSFER,40548.73,2023-08-30 10:45:00
9051,52,52,DEPOSIT,10668.74,2023-03-06 04:34:01
9052,53,53,WITHDRAWAL,1785.73,2023-02-24 22:22:36
9053,54,54,TRANSFER,2279.74,2023-09-16 02:20:14
9054,55,55,DEPOSIT,38736.41,2023-10-01 05:56:03
9055,56,56,WITHDRAWAL,30542.59,2024-05-30 17:37:49
9056,57,57,TRANSFER,34233.27,2023-06-22 06:15:39
9057,58,58,DEPOSIT,23418.92,2023-02-23 09:02:50
9058,59,59,WITHDRAWAL,10674.65,2023-08-19 12:11:32
9059,60,60,TRANSFER,21898.14,2023-10-07 13:49:29
9060,61,61,DEPOSIT,38199.4,2024-02-12 00:24:06
9061,62,62,WITHDRAWAL,16876.38,2023-07-07 22:23:51
9062,63,63,TRANSFER,21039.64,2023-04-28 14:00:03
9063,64,64,DEPOSIT,20287.52,2023-02-16 23:20:41
9064,65,65,WITHDRAWAL,48950.89,2023-08-01 01:14:49
9065,66,66,TRANSFER,1955.5,2023-12-05 04:50:57
9066,67,67,DEPOSIT,22395.75,2023-11-30 10:06:55
9067,68,68,WITHDRAWAL,27402.2,2024-04-01 22:26:45
9068,69,69,TRANSFER,44550.88,2023-07-15 05:53:37
9069,70,70,DEPOSIT,25173.96,2024-02-25 22:31:53
9070,71,71,WITHDRAWAL,15188.95,2024-02-29 23:50:51
9071,72,72,TRANSFER,15902.8,2023-05-18 09:13:17
9072,73,73,DEPOSIT,19137.43,2023-06-26 23:27:35
9073,74,74,WITHDRAWAL,48452.67,2024-05-04 19:38:44
9074,75,75,TRANSFER,20300.55,2023-08-20 09:32:36
9075,76,76,DEPOSIT,27014.2,2023-04-18 02:38:15
9076,77,77,WITHDRAWAL,16706.28,2023-09-14 23:27:35
9077,78,78,TRANSFER,40817.06,2023-12-13 01:01:17
9078,79,79,DEPOSIT,35237.35,2023-08-03 22:03:57
9079,80,80,WITHDRAWAL,18011.7,2023-11-02 14:52:42
9080,81,81,TRANSFER,16784.82,2024-04-26 11:18:02
9081,82,82,DEPOSIT,18217.46,2023-03-04 04:27:24
9082,83,83,WITHDRAWAL,7981.19,2023-11-05 09:50:41
9083,84,84,TRANSFER,9146.79,2024-03-14 12:22:01
9084,85,85,DEPOSIT,29707.39,2023-01-08 13:26:21
9085,86,86,WITHDRAWAL,46846.5,2024-02-25 02:01:42
9086,87,87,TRANSFER,5365.94,2023-09-10 02:05:46
9087,88,88,DEPOSIT,31450.91,2024-01-19 05:21:13
9088,89,89,WITHDRAWAL,36533.69,2023-08-29 09:00:01
9089,90,90,TRANSFER,5094.82,2024-04-11 02:27:31
9090,91,91,DEPOSIT,4995.5,2023-07-01 10:04:44
9091,92,92,WITHDRAWAL,49839.1,2023-03-06 17:28:14
9092,93,93,TRANSFER,38947.67,2023-12-26 09:20:52
9093,94,94,DEPOSIT,4746.79,2023-10-29 06:59:04
9094,95,95,WITHDRAWAL,7124.79,2023-01-15 19:59:11
9095,96,96,TRANSFER,35210.94,2023-08-18 01:55:47
9096,97,97,DEPOSIT,34102.04,2023-12-12 18:51:13
9097,98,98,WITHDRAWAL,34340.01,2023-02-11 22:19:25
9098,99,99,TRANSFER,8417.82,2023-05-18 14:16:14
9099,100,100,DEPOSIT,20312.08,2023-01-19 11:32:01
9100,101,101,WITHDRAWAL,18553.74,2024-04-27 07:57:10
9101,102,102,TRANSFER,15763.2,2023-07-01 14:29:38
9102,103,103,DEPOSIT,34934.64,2023-07-28 04:48:00
9103,104,104,WITHDRAWAL,34132.57,2023-03-06 14:10:27
9104,105,105,TRANSFER,44649.51,2023-01-01 12:07:02
9105,106,106,DEPOSIT,9120.22,2023-04-16 00:55:44
9106,107,107,WITHDRAWAL,39248.83,2023-09-01 16:40:05
9107,108,108,TRANSFER,17873.65,2024-03-15 12:57:35
9108,109,109,DEPOSIT,538.68,2023-02-16 05:33:09
9109,110,110,WITHDRAWAL,37979.73,2023-11-21 10:08:01
9110,111,111,TRANSFER,3956.21,2023-02-09 10:29:39
9111,112,112,DEPOSIT,16869.66,2023-03-28 05:04:27
9112,113,113,WITHDRAWAL,45326.21,2023-05-23 05:05:48
9113,114,114,TRANSFER,48330.95,2023-09-27 13:00:21
9114,115,115,DEPOSIT,34322.41,2024-05-23 12:03:06
9115,116,116,WITHDRAWAL,12988.89,2024-04-01 20:51:10
9116,117,117,TRANSFER,44530.93,2024-05-07 05:19:55
9117,118,118,DEPOSIT,1609.21,2023-09-21 22:02:17
9118,119,119,WITHDRAWAL,2200.86,2023-08-08 10:32:46
9119,120,120,TRANSFER,5003.65,2024-01-18 09:22:25
9120,121,121,DEPOSIT,35212.18,2023-12-11 01:02:30
9121,122,122,WITHDRAWAL,23190.14,2023-04-11 07:15:12
9122,123,123,TRANSFER,2485.38,2024-03-03 18:37:20
9123,124,124,DEPOSIT,35417.77,2023-10-02 20:31:56
9124,125,125,WITHDRAWAL,33706.83,2024-04-03 04:17:39
9125,126,126,TRANSFER,1412.24,2024-05-15 03:24:50
9126,127,127,DEPOSIT,33324.69,2023-06-29 02:41:18
9127,128,128,WITHDRAWAL,2416.74,2023-02-21 01:54:30
9128,129,129,TRANSFER,14399.4,2023-11-01 23:54:25
9129,130,130,DEPOSIT,10819.43,2024-04-28 03:40:44
9130,131,131,WITHDRAWAL,38645.34,2023-08-25 04:08:05
9131,132,132,TRANSFER,10171.14,2023-01-10 11:30:51
9132,133,133,DEPOSIT,5934.69,2024-03-25 16:56:10
9133,134,134,WITHDRAWAL,17417.01,2023-08-04 11:44:50
9134,135,135,TRANSFER,43915.56,2023-01-25 09:56:54
9135,136,136,DEPOSIT,2289.9,2023-11-29 18:06:30
9136,137,137,WITHDRAWAL,34939.5,2024-04-20 00:34:40
9137,138,138,TRANSFER,3229.83,2023-08-09 18:05:01
9138,139,139,DEPOSIT,15001.6,2024-02-26 13:47:58
9139,140,140,WITHDRAWAL,45493.77,2024-04-21 11:10:52
9140,141,141,TRANSFER,49524.38,2023-06-21 22:50:53
9141,142,142,DEPOSIT,44026.2,2023-09-19 14:36:25
9142,143,143,WITHDRAWAL,44596.43,2024-04-23 22:14:49
9143,144,144,TRANSFER,17965.12,2024-02-28 15:48:04
9144,145,145,DEPOSIT,45466.04,2023-07-09 05:36:38
9145,146,146,WITHDRAWAL,17029.98,2024-03-16 11:10:42
9146,147,147,TRANSFER,18073.69,2023-02-05 11:59:44
9147,148,148,DEPOSIT,1672.55,2023-02-24 21:13:45
9148,149,149,WITHDRAWAL,48188.07,2023-11-13 13:24:52
9149,150,150,TRANSFER,47029.11,2024-03-18 06:16:56
9150,151,151,DEPOSIT,32209.82,2023-01-11 03:14:11
9151,152,152,WITHDRAWAL,28563.94,2023-11-05 23:13:16
9152,153,153,TRANSFER,2948.9,2024-03-01 06:06:10
9153,154,154,DEPOSIT,19349.0,2024-02-29 15:53:06
9154,155,155,WITHDRAWAL,23880.26,2023-12-08 03:53:02
9155,156,156,TRANSFER,38916.91,2023-02-04 05:52:31
9156,157,157,DEPOSIT,49805.83,2023-07-07 16:25:11
9157,158,158,WITHDRAWAL,13360.12,2024-01-25 02:27:23
9158,159,159,TRANSFER,35835.66,2023-04-08 07:52:49
9159,160,160,DEPOSIT,33114.0,2023-06-19 04:09:36
9160,161,161,WITHDRAWAL,42415.42,2024-03-18 22:42:54
9161,162,162,TRANSFER,29056.85,2023-08-27 06:21:37
9162,163,163,DEPOSIT,43095.78,2023-10-19 05:55:19
9163,164,164,WITHDRAWAL,148.93,2023-01-16 22:21:23
9164,165,165,TRANSFER,22929.23,2024-01-17 04:44:14
9165,166,166,DEPOSIT,16715.37,2023-05-03 01:57:51
9166,167,167,WITHDRAWAL,10906.13,2023-01-07 06:03:42
9167,168,168,TRANSFER,17403.46,2024-05-06 13:47:46
9168,169,169,DEPOSIT,3653.2,2023-01-09 14:03:54
9169,170,170,WITHDRAWAL,49268.56,2023-06-15 01:35:45
9170,171,171,TRANSFER,12762.64,2023-09-01 04:40:27
9171,172,172,DEPOSIT,9190.41,2023-10-31 19:48:24
9172,173,173,WITHDRAWAL,22974.33,2023-03-24 03:39:21
9173,174,174,TRANSFER,9196.67,2023-07-17 21:16:43
9174,175,175,DEPOSIT,31390.54,2023-02-17 11:53:13
9175,176,176,WITHDRAWAL,47351.78,2024-05-28 19:05:40
9176,177,177,TRANSFER,10949.57,2023-04-27 01:58:49
9177,178,178,DEPOSIT,15392.69,2023-06-21 21:44:52
9178,179,179,WITHDRAWAL,3496.5,2023-03-15 23:34:06
9179,180,180,TRANSFER,28570.17,2023-01-25 19:33:33
9180,181,181,DEPOSIT,44752.56,2024-05-14 13:12:15
9181,182,182,WITHDRAWAL,41948.12,2023-11-24 14:04:48
9182,183,183,TRANSFER,17814.91,2023-02-06 00:51:45
9183,184,184,DEPOSIT,31863.96,2023-01-05 08:44:17
9184,185,185,WITHDRAWAL,27793.74,2024-02-25 05:13:45
9185,186,186,TRANSFER,25526.73,2023-11-18 13:36:14
9186,187,187,DEPOSIT,707.09,2023-07-08 17:23:44
9187,188,188,WITHDRAWAL,4428.43,2023-04-01 14:28:52
9188,189,189,TRANSFER,22209.15,2023-11-01 22:15:37
9189,190,190,DEPOSIT,30817.15,2023-04-16 16:44:06
9190,191,191,WITHDRAWAL,14086.68,2023-01-06 01:04:47
9191,192,192,TRANSFER,47884.81,2023-09-17 19:45:02
9192,193,193,DEPOSIT,16710.81,2023-12-21 14:29:43
9193,194,194,WITHDRAWAL,27828.61,2024-03-12 23:07:02
9194,195,195,TRANSFER,22562.87,2024-02-26 18:49:11
9195,196,196,DEPOSIT,43036.58,2024-03-15 07:25:47
9196,197,197,WITHDRAWAL,8557.89,2023-03-10 03:20:48
9197,198,198,TRANSFER,38555.59,2024-04-06 01:26:39
9198,199,199,DEPOSIT,8382.68,2023-08-31 02:13:37
9199,200,200,WITHDRAWAL,11554.95,2023-02-06 01:26:50
9200,201,1,TRANSFER,20959.82,2023-07-06 14:56:45
9201,202,2,DEPOSIT,39869.0,2023-05-20 04:10:29
9202,203,3,WITHDRAWAL,22884.08,2023-04-20 21:06:15
9203,204,4,TRANSFER,26037.83,2023-10-02 17:52:36
9204,205,5,DEPOSIT,12799.17,2023-03-02 09:08:07
9205,206,6,WITHDRAWAL,44497.51,2023-12-26 21:47:32
9206,207,7,TRANSFER,6312.86,2024-04-07 19:13:13
9207,208,8,DEPOSIT,5735.58,2023-12-12 13:51:59
9208,209,9,WITHDRAWAL,42094.27,2023-09-25 09:19:37
9209,210,10,TRANSFER,35687.58,2023-06-25 06:24:59
9210,211,11,DEPOSIT,315.9,2024-03-03 18:21:56
9211,212,12,WITHDRAWAL,21578.14,2023-05-27 20:03:23
9212,213,13,TRANSFER,4957.74,2023-05-11 16:22:45
9213,214,14,DEPOSIT,36280.6,2024-04-17 05:50:14
9214,215,15,WITHDRAWAL,3385.58,2023-05-13 18:07:11
9215,216,16,TRANSFER,39285.96,2024-02-12 08:08:17
9216,217,17,DEPOSIT,28646.81,2024-02-10 15:31:10
9217,218,18,WITHDRAWAL,36142.24,2024-01-15 16:30:27
9218,219,19,TRANSFER,28281.51,2023-10-12 07:31:07
9219,220,20,DEPOSIT,5329.74,2023-12-03 21:24:13
9220,221,21,WITHDRAWAL,25161.61,2023-03-29 01:02:05
9221,222,22,TRANSFER,26781.17,2023-06-14 05:27:09
9222,223,23,DEPOSIT,27516.4,2023-09-16 02:48:52
9223,224,24,WITHDRAWAL,36519.2,2023-03-05 08:15:31
9224,225,25,TRANSFER,28453.06,2023-09-01 01:45:41
9225,226,26,DEPOSIT,34516.47,2023-12-27 04:55:35
9226,227,27,WITHDRAWAL,8382.29,2024-01-01 09:44:01
9227,228,28,TRANSFER,19092.17,2023-03-15 03:56:51
9228,229,29,DEPOSIT,2232.41,2024-02-06 09:10:47
9229,230,30,WITHDRAWAL,37523.12,2023-02-09 02:28:43
9230,231,31,TRANSFER,45859.22,2023-09-21 19:53:45
9231,232,32,DEPOSIT,26753.55,2024-01-07 20:33:02
9232,233,33,WITHDRAWAL,42905.42,2024-04-14 01:01:30
9233,234,34,TRANSFER,27378.97,2023-02-22 04:06:57
9234,235,35,DEPOSIT,30436.74,2023-10-19 14:39:58
9235,236,36,WITHDRAWAL,25430.93,2023-05-01 01:27:12
9236,237,37,TRANSFER,23984.8,2024-03-27 23:06:45
9237,238,38,DEPOSIT,40187.25,2023-05-14 21:21:48
9238,239,39,WITHDRAWAL,16591.63,2023-08-03 11:04:53
9239,240,40,TRANSFER,43312.97,2023-08-30 13:18:22
9240,241,41,DEPOSIT,4807.76,2024-05-25 14:00:50
9241,242,42,WITHDRAWAL,6913.72,2024-02-04 04:02:40
9242,243,43,TRANSFER,8134.05,2024-01-06 07:40:31
9243,244,44,DEPOSIT,8889.84,2023-02-11 22:09:16
9244,245,45,WITHDRAWAL,30755.94,2023-06-16 00:36:56
9245,246,46,TRANSFER,6381.77,2024-02-21 19:57:59
9246,247,47,DEPOSIT,6772.16,2023-06-27 14:07:47
9247,248,48,WITHDRAWAL,2967.39,2023-05-01 18:29:20
9248,249,49,TRANSFER,13878.44,2023-03-10 21:07:29
9249,250,50,DEPOSIT,49370.28,2024-01-14 11:27:30
9250,251,51,WITHDRAWAL,10579.01,2024-05-23 14:59:04
9251,252,52,TRANSFER,46228.49,2023-04-13 06:40:34
9252,253,53,DEPOSIT,37391.15,2024-02-12 16:51:24
9253,254,54,WITHDRAWAL,21078.79,2023-02-21 07:03:21
9254,255,55,TRANSFER,28867.94,2023-10-07 13:03:03
9255,256,56,DEPOSIT,35058.03,2023-06-02 10:58:54
9256,257,57,WITHDRAWAL,36788.61,2023-04-09 06:44:45
9257,258,58,TRANSFER,6387.76,2023-01-11 03:11:26
9258,259,59,DEPOSIT,10400.8,2024-05-07 11:26:03
9259,260,60,WITHDRAWAL,13857.14,2023-02-09 09:15:34
9260,261,61,TRANSFER,10958.69,2023-04-26 22:33:05
9261,262,62,DEPOSIT,6537.92,2023-04-12 21:45:19
9262,263,63,WITHDRAWAL,24906.37,2023-12-07 21:48:49
9263,264,64,TRANSFER,34775.68,2023-04-09 19:01:58
9264,265,65,DEPOSIT,12192.53,2023-03-22 04:26:51
9265,266,66,WITHDRAWAL,2081.03,2023-05-31 15:44:16
9266,267,67,TRANSFER,25171.87,2023-04-12 11:21:28
9267,268,68,DEPOSIT,16779.9,2023-11-21 14:45:19
9268,269,69,WITHDRAWAL,20363.83,2023-02-06 12:47:34
9269,270,70,TRANSFER,9860.1,2023-11-04 11:36:19
9270,271,71,DEPOSIT,17228.27,2023-02-14 14:46:48
9271,272,72,WITHDRAWAL,11548.15,2024-04-07 01:11:42
9272,273,73,TRANSFER,22851.33,2023-12-08 17:38:31
9273,274,74,DEPOSIT,19900.2,2023-10-04 09:41:28
9274,275,75,WITHDRAWAL,4806.73,2024-03-30 01:01:45
9275,276,76,TRANSFER,11220.01,2024-02-22 07:25:17
9276,277,77,DEPOSIT,34192.51,2023-02-25 04:14:16
9277,278,78,WITHDRAWAL,8103.34,2024-05-21 05:42:39
9278,279,79,TRANSFER,4492.05,2024-04-09 15:32:06
9279,280,80,DEPOSIT,23489.13,2023-02-27 11:58:23
9280,281,81,WITHDRAWAL,43260.8,2023-10-21 16:40:10
9281,282,82,TRANSFER,43031.42,2023-02-01 17:59:44
9282,283,83,DEPOSIT,29106.19,2023-05-04 14:14:13
9283,284,84,WITHDRAWAL,10916.31,2024-02-17 08:25:51
9284,285,85,TRANSFER,13190.9,2023-01-23 15:47:55
9285,286,86,DEPOSIT,41060.69,2024-02-25 08:55:39
9286,287,87,WITHDRAWAL,31008.24,2023-02-21 22:44:56
9287,288,88,TRANSFER,8118.5,2023-11-01 09:12:39
9288,289,89,DEPOSIT,4067.18,2024-03-16 18:45:48
9289,290,90,WITHDRAWAL,46944.91,2023-06-07 16:38:33
9290,291,91,TRANSFER,24347.53,2023-11-23 01:37:51
9291,292,92,DEPOSIT,2803.3,2024-01-25 04:56:33
9292,293,93,WITHDRAWAL,27863.43,2023-11-12 05:49:51
9293,294,94,TRANSFER,48442.26,2023-10-14 06:43:29
9294,295,95,DEPOSIT,42073.32,2023-11-21 10:11:41
9295,296,96,WITHDRAWAL,23030.62,2023-11-02 10:49:38
9296,297,97,TRANSFER,19164.4,2023-02-01 12:27:15
9297,298,98,DEPOSIT,46493.78,2023-11-03 00:42:54
9298,299,99,WITHDRAWAL,28520.69,2023-03-07 07:58:25
9299,300,100,TRANSFER,18108.92,2023-11-02 19:24:19
9300,301,101,DEPOSIT,15166.8,2023-02-16 22:46:05
9301,302,102,WITHDRAWAL,38942.36,2023-08-11 20:56:38
9302,303,103,TRANSFER,15032.15,2023-07-17 20:37:04
9303,304,104,DEPOSIT,22054.35,2023-01-29 02:24:07
9304,305,105,WITHDRAWAL,19581.9,2023-12-02 03:28:00
9305,306,106,TRANSFER,34246.04,2023-06-02 12:10:35
9306,307,107,DEPOSIT,38512.81,2024-04-14 15:39:49
9307,308,108,WITHDRAWAL,28381.97,2023-06-24 13:04:45
9308,309,109,TRANSFER,436.72,2023-09-25 00:42:30
9309,310,110,DEPOSIT,30229.88,2024-05-17 17:06:55
9310,311,111,WITHDRAWAL,22686.23,2023-05-10 22:13:43
9311,312,112,TRANSFER,42327.0,2023-04-11 13:36:11
9312,313,113,DEPOSIT,6743.13,2023-10-27 07:15:52
9313,314,114,WITHDRAWAL,4432.1,2023-04-02 05:49:15
9314,315,115,TRANSFER,12793.76,2023-04-25 01:37:57
9315,316,116,DEPOSIT,33276.58,2023-11-16 04:23:45
9316,317,117,WITHDRAWAL,47042.51,2023-09-24 19:43:35
9317,318,118,TRANSFER,34774.36,2024-03-06 22:19:10
9318,319,119,DEPOSIT,33678.57,2023-07-27 00:56:46
9319,320,120,WITHDRAWAL,33962.1,2023-03-20 18:27:14
9320,321,121,TRANSFER,31815.25,2024-02-03 15:27:06
9321,322,122,DEPOSIT,26694.71,2023-01-31 12:26:00
9322,323,123,WITHDRAWAL,47457.69,2024-01-18 22:02:33
9323,324,124,TRANSFER,47519.05,2024-04-06 11:10:20
9324,325,125,DEPOSIT,4913.32,2024-04-24 18:44:55
9325,326,126,WITHDRAWAL,46515.95,2024-04-28 17:21:40
9326,327,127,TRANSFER,31977.11,2023-04-25 13:57:06
9327,328,128,DEPOSIT,45372.92,2023-08-30 15:58:29
9328,329,129,WITHDRAWAL,32904.17,2023-03-07 17:43:04
9329,330,130,TRANSFER,34138.09,2024-03-19 10:13:42
9330,331,131,DEPOSIT,11037.95,2023-07-24 19:09:35
9331,332,132,WITHDRAWAL,16948.39,2024-03-10 17:40:08
9332,333,133,TRANSFER,44369.2,2023-07-05 23:08:54
9333,334,134,DEPOSIT,47362.26,2023-08-07 19:53:33
9334,335,135,WITHDRAWAL,44449.28,2023-05-25 23:34:32
9335,336,136,TRANSFER,18239.88,2023-02-14 17:48:04
9336,337,137,DEPOSIT,11253.39,2023-07-03 04:34:00
9337,338,138,WITHDRAWAL,47462.27,2023-07-22 12:35:02
9338,339,139,TRANSFER,40447.75,2023-01-27 23:29:51
9339,340,140,DEPOSIT,3886.64,2023-07-07 02:26:01
9340,341,141,WITHDRAWAL,42418.49,2023-10-12 03:49:58
9341,342,142,TRANSFER,24980.42,2024-02-15 21:18:43
9342,343,143,DEPOSIT,18699.36,2023-01-22 17:45:38
9343,344,144,WITHDRAWAL,18496.05,2023-07-27 10:39:39
9344,345,145,TRANSFER,38920.32,2023-12-29 15:43:49
9345,346,146,DEPOSIT,45807.72,2023-10-31 05:39:49
9346,347,147,WITHDRAWAL,33760.22,2024-03-13 20:25:05
9347,348,148,TRANSFER,16547.95,2024-01-23 21:06:30
9348,349,149,DEPOSIT,20074.82,2023-12-19 06:26:17
9349,350,150,WITHDRAWAL,36090.07,2023-07-28 08:33:50
9350,351,151,TRANSFER,16781.82,2024-05-08 18:49:32
9351,352,152,DEPOSIT,18031.03,2023-06-04 20:29:42
9352,353,153,WITHDRAWAL,21834.94,2023-07-06 08:36:13
9353,354,154,TRANSFER,23614.68,2024-03-14 07:38:37
9354,355,155,DEPOSIT,19657.44,2023-07-30 09:05:38
9355,356,156,WITHDRAWAL,38848.27,2024-04-06 21:01:40
9356,357,157,TRANSFER,48114.13,2023-10-24 22:43:59
9357,358,158,DEPOSIT,21551.09,2023-02-19 09:15:25
9358,359,159,WITHDRAWAL,6332.39,2023-08-06 18:14:13
9359,360,160,TRANSFER,17169.44,2023-05-18 13:04:12
9360,361,161,DEPOSIT,1116.08,2023-10-15 08:09:52
9361,362,162,WITHDRAWAL,28638.6,2023-01-07 03:37:37
9362,363,163,TRANSFER,45854.08,2024-04-25 06:25:13
9363,364,164,DEPOSIT,25407.2,2023-08-26 22:46:06
9364,365,165,WITHDRAWAL,9276.39,2023-09-23 09:34:20
9365,366,166,TRANSFER,29801.27,2023-11-06 23:46:51
9366,367,167,DEPOSIT,39328.5,2023-09-08 22:57:19
9367,368,168,WITHDRAWAL,28790.07,2023-10-16 07:57:44
9368,369,169,TRANSFER,15111.33,2023-11-05 10:00:44
9369,370,170,DEPOSIT,9094.38,2023-12-13 22:47:55
9370,371,171,WITHDRAWAL,687.18,2023-07-06 01:08:47
9371,372,172,TRANSFER,6844.08,2023-08-03 12:26:26
9372,373,173,DEPOSIT,38848.21,2023-10-13 18:56:58
9373,374,174,WITHDRAWAL,49365.08,2024-04-02 02:27:34
9374,375,175,TRANSFER,9087.82,2023-07-26 08:54:55
9375,376,176,DEPOSIT,46656.93,2023-04-06 04:18:27
9376,377,177,WITHDRAWAL,2641.43,2023-08-11 01:50:46
9377,378,178,TRANSFER,32536.75,2023-07-25 15:42:22
9378,379,179,DEPOSIT,9778.71,2024-03-29 05:37:25
9379,380,180,WITHDRAWAL,47048.52,2023-05-03 06:23:38
9380,381,181,TRANSFER,15056.86,2023-04-01 08:48:29
9381,382,182,DEPOSIT,44307.68,2023-09-04 00:21:58
9382,383,183,WITHDRAWAL,35922.53,2023-06-15 19:45:36
9383,384,184,TRANSFER,22645.73,2023-02-13 08:52:06
9384,385,185,DEPOSIT,11008.34,2023-11-17 12:20:22
9385,386,186,WITHDRAWAL,11308.01,2023-12-22 15:49:58
9386,387,187,TRANSFER,1509.08,2023-01-15 00:53:09
9387,388,188,DEPOSIT,34316.06,2024-05-16 11:09:55
9388,389,189,WITHDRAWAL,24789.16,2023-04-05 17:54:28
9389,390,190,TRANSFER,41099.36,2024-02-17 07:23:34
9390,391,191,DEPOSIT,7113.02,2023-05-10 17:19:59
9391,392,192,WITHDRAWAL,3979.25,2023-04-04 09:34:16
9392,393,193,TRANSFER,22337.24,2024-03-02 09:46:51
9393,394,194,DEPOSIT,14049.76,2024-03-08 14:53:08
9394,395,195,WITHDRAWAL,10463.67,2023-05-02 11:51:02
9395,396,196,TRANSFER,13975.21,2024-05-26 00:55:07
9396,397,197,DEPOSIT,21652.95,2023-05-17 20:56:42
9397,398,198,WITHDRAWAL,39877.55,2024-01-28 14:56:27
9398,399,199,TRANSFER,13360.29,2023-07-21 18:18:25
9399,400,200,DEPOSIT,44515.77,2024-05-20 05:57:13
9400,401,1,WITHDRAWAL,2439.99,2024-01-22 20:25:26
9401,402,2,TRANSFER,9707.84,2024-01-22 04:51:15
9402,403,3,DEPOSIT,43485.98,2023-05-08 01:44:13
9403,404,4,WITHDRAWAL,34578.13,2023-01-20 15:54:25
9404,405,5,TRANSFER,39833.67,2023-11-16 04:08:37
9405,406,6,DEPOSIT,11135.99,2023-04-25 15:14:16
9406,407,7,WITHDRAWAL,23145.33,2023-12-12 09:59:14
9407,408,8,TRANSFER,28869.46,2023-04-13 13:43:07
9408,409,9,DEPOSIT,34101.61,2023-11-07 22:13:33
9409,410,10,WITHDRAWAL,9423.13,2023-11-12 22:08:20
9410,411,11,TRANSFER,180.23,2023-12-30 12:43:20
9411,412,12,DEPOSIT,45552.23,2023-08-05 10:32:57
9412,413,13,WITHDRAWAL,41372.47,2024-05-16 12:49:22
9413,414,14,TRANSFER,35016.3,2024-05-03 18:59:53
9414,415,15,DEPOSIT,40685.43,2023-04-29 10:49:05
9415,416,16,WITHDRAWAL,3153.46,2024-02-22 02:35:24
9416,417,17,TRANSFER,16280.93,2023-10-13 10:27:58
9417,418,18,DEPOSIT,32917.68,2024-02-08 05:32:43
9418,419,19,WITHDRAWAL,1827.96,2023-02-05 10:36:36
9419,420,20,TRANSFER,24197.41,2023-04-29 01:10:10
9420,421,21,DEPOSIT,36477.12,2023-05-19 09:32:31
9421,422,22,WITHDRAWAL,15466.35,2023-02-21 00:58:16
9422,423,23,TRANSFER,23161.1,2023-09-06 09:17:30
9423,424,24,DEPOSIT,6004.56,2023-06-01 08:35:40
9424,425,25,WITHDRAWAL,30214.72,2023-01-21 13:25:55
9425,426,26,TRANSFER,48383.3,2023-06-26 02:09:54
9426,427,27,DEPOSIT,38464.28,2023-04-06 20:40:34
9427,428,28,WITHDRAWAL,38155.56,2023-06-19 00:40:08
9428,429,29,TRANSFER,40308.09,2024-02-15 22:53:20
9429,430,30,DEPOSIT,24723.91,2023-03-09 10:54:02
9430,431,31,WITHDRAWAL,45422.57,2023-05-08 18:05:59
9431,432,32,TRANSFER,6089.94,2023-06-04 03:33:10
9432,433,33,DEPOSIT,31125.49,2023-10-21 15:59:11
9433,434,34,WITHDRAWAL,35462.27,2023-09-30 16:18:54
9434,435,35,TRANSFER,38780.52,2024-02-07 10:02:12
9435,436,36,DEPOSIT,45325.14,2023-05-17 17:04:08
9436,437,37,WITHDRAWAL,30050.64,2023-01-21 19:22:58
9437,438,38,TRANSFER,28784.92,2023-05-25 20:22:12
9438,439,39,DEPOSIT,42798.7,2024-05-05 05:49:01
9439,440,40,WITHDRAWAL,17205.03,2023-07-11 04:13:08
9440,441,41,TRANSFER,48318.35,2023-10-18 03:05:00
9441,442,42,DEPOSIT,41364.08,2023-10-01 14:23:42
9442,443,43,WITHDRAWAL,34147.45,2024-05-27 01:45:21
9443,444,44,TRANSFER,7426.45,2023-07-02 05:50:39
9444,445,45,DEPOSIT,32000.43,2023-04-28 02:40:25
9445,446,46,WITHDRAWAL,11349.7,2023-12-10 20:24:47
9446,447,47,TRANSFER,9513.3,2024-04-23 10:06:50
9447,448,48,DEPOSIT,30173.45,2024-02-10 14:44:45
9448,449,49,WITHDRAWAL,81.19,2023-05-16 09:18:20
9449,450,50,TRANSFER,42644.68,2023-10-10 09:49:10
9450,451,51,DEPOSIT,39095.12,2023-06-22 11:29:22
9451,452,52,WITHDRAWAL,6468.84,2023-06-25 03:39:32
9452,453,53,TRANSFER,21346.81,2023-11-25 17:31:12
9453,454,54,DEPOSIT,17506.9,2024-01-30 00:18:29
9454,455,55,WITHDRAWAL,23482.43,2023-01-27 23:56:38
9455,456,56,TRANSFER,45370.83,2023-03-13 04:15:24
9456,457,57,DEPOSIT,48806.4,2024-03-04 03:37:02
9457,458,58,WITHDRAWAL,25577.42,2023-02-05 09:19:52
9458,459,59,TRANSFER,30360.64,2023-10-30 05:09:45
9459,460,60,DEPOSIT,38226.92,2023-04-04 19:44:52
9460,461,61,WITHDRAWAL,41489.95,2023-05-04 00:41:43
9461,462,62,TRANSFER,19062.84,2023-06-05 06:28:03
9462,463,63,DEPOSIT,717.83,2023-03-18 15:20:51
9463,464,64,WITHDRAWAL,7806.99,2023-04-07 20:13:39
9464,465,65,TRANSFER,17717.5,2023-03-19 11:58:19
9465,466,66,DEPOSIT,11120.85,2024-03-06 00:15:44
9466,467,67,WITHDRAWAL,33891.77,2024-03-09 15:00:56
9467,468,68,TRANSFER,48095.82,2024-05-05 23:34:15
9468,469,69,DEPOSIT,48183.24,2023-03-11 15:01:16
9469,470,70,WITHDRAWAL,33314.37,2024-01-18 22:05:43
9470,471,71,TRANSFER,21742.74,2024-05-04 13:01:33
9471,472,72,DEPOSIT,26711.28,2023-07-23 14:36:48
9472,473,73,WITHDRAWAL,38969.74,2023-07-20 14:30:50
9473,474,74,TRANSFER,10023.2,2024-01-07 15:26:45
9474,475,75,DEPOSIT,37690.05,2023-12-10 18:57:51
9475,476,76,WITHDRAWAL,7265.98,2023-04-12 18:28:00
9476,477,77,TRANSFER,49107.79,2023-06-18 07:24:42
9477,478,78,DEPOSIT,7090.3,2023-04-29 15:46:10
9478,479,79,WITHDRAWAL,45982.94,2023-05-06 08:26:58
9479,480,80,TRANSFER,854.2,2024-01-30 20:29:06
9480,481,81,DEPOSIT,37721.52,2023-03-24 10:25:02
9481,482,82,WITHDRAWAL,12695.28,2023-08-15 19:57:46
9482,483,83,TRANSFER,17311.84,2023-04-30 14:11:02
9483,484,84,DEPOSIT,7722.61,2024-03-15 16:22:31
9484,485,85,WITHDRAWAL,43013.02,2024-05-05 08:56:33
9485,486,86,TRANSFER,36715.28,2023-05-19 18:03:27
9486,487,87,DEPOSIT,20257.32,2023-10-02 18:10:19
9487,488,88,WITHDRAWAL,9160.19,2023-10-20 20:17:29
9488,489,89,TRANSFER,49645.21,2024-04-24 23:05:43
9489,490,90,DEPOSIT,10561.07,2023-09-20 04:05:12
9490,491,91,WITHDRAWAL,2474.95,2024-05-24 14:23:55
9491,492,92,TRANSFER,12119.74,2023-10-30 14:52:53
9492,493,93,DEPOSIT,39519.89,2024-05-08 13:18:20
9493,494,94,WITHDRAWAL,43226.02,2024-01-07 21:15:49
9494,495,95,TRANSFER,3342.79,2023-07-10 00:27:33
9495,496,96,DEPOSIT,5745.87,2024-05-18 03:00:54
9496,497,97,WITHDRAWAL,13585.09,2023-02-13 01:08:18
9497,498,98,TRANSFER,13796.23,2024-01-17 23:22:29
9498,499,99,DEPOSIT,325.58,2023-07-03 13:13:35
9499,500,100,WITHDRAWAL,11463.47,2023-09-02 20:47:05
9500,501,101,TRANSFER,47489.4,2024-03-10 02:28:26
9501,502,102,DEPOSIT,32663.53,2023-04-05 18:42:16
9502,503,103,WITHDRAWAL,7433.37,2023-09-09 15:01:51
9503,504,104,TRANSFER,3596.14,2024-05-27 15:07:49
9504,505,105,DEPOSIT,8733.99,2023-10-27 07:45:27
9505,506,106,WITHDRAWAL,2876.02,2024-05-28 11:46:06
9506,507,107,TRANSFER,33201.87,2023-08-11 18:46:58
9507,508,108,DEPOSIT,28549.82,2023-06-28 01:19:02
9508,509,109,WITHDRAWAL,32845.98,2024-01-03 19:10:31
9509,510,110,TRANSFER,3172.24,2023-10-27 21:43:47
9510,511,111,DEPOSIT,39539.8,2023-08-04 00:50:11
9511,512,112,WITHDRAWAL,18082.99,2023-02-04 23:28:28
9512,513,113,TRANSFER,28438.16,2023-07-15 06:56:24
9513,514,114,DEPOSIT,46839.81,2023-05-16 08:48:45
9514,515,115,WITHDRAWAL,3373.97,2024-05-27 09:28:48
9515,516,116,TRANSFER,21411.67,2023-03-09 04:03:57
9516,517,117,DEPOSIT,3610.32,2023-07-27 21:41:44
9517,518,118,WITHDRAWAL,38323.69,2024-03-15 19:13:32
9518,519,119,TRANSFER,16504.12,2023-09-23 19:27:36
9519,520,120,DEPOSIT,855.18,2023-07-30 23:20:55
9520,521,121,WITHDRAWAL,28815.84,2023-03-12 22:24:08
9521,522,122,TRANSFER,29625.33,2023-10-20 00:41:12
9522,523,123,DEPOSIT,29550.82,2023-06-14 07:01:04
9523,524,124,WITHDRAWAL,27360.62,2023-12-17 04:37:34
9524,525,125,TRANSFER,40244.63,2023-10-05 20:59:37
9525,526,126,DEPOSIT,23863.25,2023-02-16 18:10:27
9526,527,127,WITHDRAWAL,40562.06,2023-01-01 09:50:29
9527,528,128,TRANSFER,12688.51,2023-01-15 02:31:47
9528,529,129,DEPOSIT,48819.96,2023-12-04 13:28:16
9529,530,130,WITHDRAWAL,3565.32,2023-01-12 13:55:21
9530,531,131,TRANSFER,24811.56,2024-05-21 10:42:03
9531,532,132,DEPOSIT,36450.92,2023-04-16 14:23:22
9532,533,133,WITHDRAWAL,7492.06,2023-03-11 18:05:37
9533,534,134,TRANSFER,47040.63,2023-02-26 22:15:16
9534,535,135,DEPOSIT,12190.11,2024-03-19 22:54:16
9535,536,136,WITHDRAWAL,45297.79,2023-11-30 23:42:54
9536,537,137,TRANSFER,20182.65,2024-04-26 19:18:30
9537,538,138,DEPOSIT,28330.81,2024-02-18 04:49:53
9538,539,139,WITHDRAWAL,20305.11,2023-12-19 13:22:09
9539,540,140,TRANSFER,47745.0,2024-03-15 22:21:44
9540,541,141,DEPOSIT,10788.82,2024-01-04 14:33:36
9541,542,142,WITHDRAWAL,21323.86,2023-05-09 03:19:56
9542,543,143,TRANSFER,11573.9,2024-01-11 20:02:29
9543,544,144,DEPOSIT,49254.65,2024-04-12 13:00:51
9544,545,145,WITHDRAWAL,6601.26,2023-05-24 23:37:37
9545,546,146,TRANSFER,19476.28,2024-05-21 10:48:02
9546,547,147,DEPOSIT,23024.51,2023-01-22 23:53:33
9547,548,148,WITHDRAWAL,34775.69,2023-09-21 09:38:03
9548,549,149,TRANSFER,26742.91,2024-02-16 23:42:21
9549,550,150,DEPOSIT,32440.93,2024-01-05 01:31:06
9550,551,151,WITHDRAWAL,17627.32,2023-11-23 12:00:53
9551,552,152,TRANSFER,46799.11,2024-05-10 02:02:34
9552,553,153,DEPOSIT,34250.04,2024-05-05 02:02:37
9553,554,154,WITHDRAWAL,10158.73,2023-08-28 19:50:28
9554,555,155,TRANSFER,4593.86,2024-04-13 01:36:43
9555,556,156,DEPOSIT,16447.5,2023-10-24 21:18:24
9556,557,157,WITHDRAWAL,1553.55,2023-05-27 07:35:06
9557,558,158,TRANSFER,33608.95,2024-02-03 01:35:02
9558,559,159,DEPOSIT,31850.34,2024-03-25 02:46:20
9559,560,160,WITHDRAWAL,11666.41,2023-05-22 02:55:42
9560,561,161,TRANSFER,2293.58,2023-04-23 09:59:41
9561,562,162,DEPOSIT,29308.81,2023-04-05 00:33:40
9562,563,163,WITHDRAWAL,42109.82,2023-10-01 09:14:57
9563,564,164,TRANSFER,24319.63,2023-09-29 03:47:49
9564,565,165,DEPOSIT,13621.65,2023-10-21 16:57:52
9565,566,166,WITHDRAWAL,28156.39,2023-08-08 15:33:20
9566,567,167,TRANSFER,39979.05,2023-12-21 06:13:24
9567,568,168,DEPOSIT,24002.1,2023-08-09 15:51:58
9568,569,169,WITHDRAWAL,69.52,2023-02-08 18:58:48
9569,570,170,TRANSFER,48408.8,2023-11-23 21:29:24
9570,571,171,DEPOSIT,19788.2,2023-12-27 14:34:05
9571,572,172,WITHDRAWAL,27242.33,2023-08-29 03:39:36
9572,573,173,TRANSFER,24825.63,2023-12-05 01:48:19
9573,574,174,DEPOSIT,28624.07,2023-08-20 06:20:53
9574,575,175,WITHDRAWAL,22512.44,2024-04-05 15:55:18
9575,576,176,TRANSFER,44241.83,2023-08-29 09:40:30
9576,577,177,DEPOSIT,20995.28,2023-03-11 03:34:53
9577,578,178,WITHDRAWAL,19288.99,2023-06-06 08:37:16
9578,579,179,TRANSFER,21337.25,2023-09-27 22:57:51
9579,580,180,DEPOSIT,12854.01,2023-01-27 05:36:23
9580,581,181,WITHDRAWAL,1660.98,2023-09-14 19:18:46
9581,582,182,TRANSFER,12220.75,2023-11-12 21:33:00
9582,583,183,DEPOSIT,34954.59,2023-09-02 11:04:49
9583,584,184,WITHDRAWAL,9967.0,2024-01-01 06:16:39
9584,585,185,TRANSFER,36958.35,2024-04-02 09:12:27
9585,586,186,DEPOSIT,28256.66,2023-07-31 13:53:48
9586,587,187,WITHDRAWAL,9331.71,2024-04-23 19:37:23
9587,588,188,TRANSFER,22074.56,2023-12-27 17:06:02
9588,589,189,DEPOSIT,44137.77,2023-03-27 08:52:12
9589,590,190,WITHDRAWAL,32507.19,2024-03-15 04:25:42
9590,591,191,TRANSFER,28469.79,2023-04-17 16:26:56
9591,592,192,DEPOSIT,11144.78,2023-10-23 06:38:19
9592,593,193,WITHDRAWAL,2486.77,2023-06-09 22:02:33
9593,594,194,TRANSFER,29682.29,2023-10-16 03:13:40
9594,595,195,DEPOSIT,8970.52,2023-01-07 04:19:47
9595,596,196,WITHDRAWAL,5515.0,2023-09-29 16:05:03
9596,597,197,TRANSFER,8063.5,2024-02-15 21:34:36
9597,598,198,DEPOSIT,33724.31,2023-11-18 04:40:24
9598,599,199,WITHDRAWAL,14992.49,2023-11-28 07:46:30
9599,600,200,TRANSFER,42667.74,2023-03-02 20:47:40
9600,601,1,DEPOSIT,14506.14,2024-04-21 23:18:33
9601,602,2,WITHDRAWAL,31042.04,2024-02-12 09:45:59
9602,603,3,TRANSFER,42026.4,2024-03-10 15:32:03
9603,604,4,DEPOSIT,30590.09,2023-09-18 12:17:38
9604,605,5,WITHDRAWAL,46130.94,2023-09-28 19:53:01
9605,606,6,TRANSFER,32876.38,2023-11-18 12:32:26
9606,607,7,DEPOSIT,14933.87,2023-07-12 15:18:36
9607,608,8,WITHDRAWAL,37688.43,2023-09-14 15:14:37
9608,609,9,TRANSFER,37269.0,2023-08-15 22:15:17
9609,610,10,DEPOSIT,35454.74,2023-08-27 18:11:37
9610,611,11,WITHDRAWAL,39587.44,2023-02-26 16:42:19
9611,612,12,TRANSFER,30603.22,2023-08-26 04:11:00
9612,613,13,DEPOSIT,28473.58,2023-11-04 05:03:47
9613,614,14,WITHDRAWAL,29458.52,2024-04-13 17:41:38
9614,615,15,TRANSFER,12130.48,2024-04-16 19:53:34
9615,616,16,DEPOSIT,13796.64,2023-07-20 18:23:31
9616,617,17,WITHDRAWAL,14261.59,2023-12-17 05:12:22
9617,618,18,TRANSFER,44047.07,2024-03-22 13:17:02
9618,619,19,DEPOSIT,13197.08,2023-11-15 09:25:21
9619,620,20,WITHDRAWAL,37955.93,2024-02-13 10:04:47
9620,621,21,TRANSFER,34983.41,2024-05-25 14:30:03
9621,622,22,DEPOSIT,7313.75,2023-05-14 01:57:35
9622,623,23,WITHDRAWAL,29670.12,2023-02-07 02:01:01
9623,624,24,TRANSFER,21012.21,2024-01-24 18:04:32
9624,625,25,DEPOSIT,36150.27,2024-04-15 06:11:46
9625,626,26,WITHDRAWAL,49416.48,2023-06-19 17:37:30
9626,627,27,TRANSFER,32130.84,2024-02-19 03:10:10
9627,628,28,DEPOSIT,29136.02,2024-02-10 17:57:41
9628,629,29,WITHDRAWAL,4996.95,2023-07-29 09:52:15
9629,630,30,TRANSFER,5189.53,2023-05-03 11:37:00
9630,631,31,DEPOSIT,49885.34,2023-01-07 04:41:06
9631,632,32,WITHDRAWAL,22282.7,2024-03-19 12:20:27
9632,633,33,TRANSFER,34566.68,2023-02-17 12:55:26
9633,634,34,DEPOSIT,43022.46,2023-03-31 10:25:51
9634,635,35,WITHDRAWAL,23951.72,2023-02-03 16:08:05
9635,636,36,TRANSFER,44962.9,2023-08-23 01:43:52
9636,637,37,DEPOSIT,17393.91,2024-02-07 18:53:05
9637,638,38,WITHDRAWAL,31518.56,2023-08-11 23:17:13
9638,639,39,TRANSFER,18533.5,2023-11-17 15:07:21
9639,640,40,DEPOSIT,40019.64,2024-01-03 02:13:52
9640,641,41,WITHDRAWAL,42958.58,2023-04-13 11:00:43
9641,642,42,TRANSFER,1874.24,2023-04-08 14:29:23
9642,643,43,DEPOSIT,2155.11,2023-01-08 21:24:29
9643,644,44,WITHDRAWAL,28338.58,2023-08-05 00:51:42
9644,645,45,TRANSFER,19081.26,2023-08-25 10:10:43
9645,646,46,DEPOSIT,7427.6,2023-02-19 18:41:32
9646,647,47,WITHDRAWAL,11180.07,2024-04-19 12:43:03
9647,648,48,TRANSFER,41149.8,2023-02-12 09:57:39
9648,649,49,DEPOSIT,44862.97,2023-04-20 20:32:31
9649,650,50,WITHDRAWAL,5340.74,2023-10-04 08:03:41
9650,651,51,TRANSFER,10209.97,2023-03-31 04:00:13
9651,652,52,DEPOSIT,16672.59,2023-12-25 10:26:30
9652,653,53,WITHDRAWAL,43217.31,2023-11-02 15:02:30
9653,654,54,TRANSFER,35351.87,2024-02-15 16:53:39
9654,655,55,DEPOSIT,9523.83,2023-11-01 04:04:15
9655,656,56,WITHDRAWAL,16875.72,2024-03-28 07:47:45
9656,657,57,TRANSFER,48192.48,2024-01-02 02:39:45
9657,658,58,DEPOSIT,46996.62,2024-03-07 08:58:55
9658,659,59,WITHDRAWAL,46135.67,2023-03-03 06:27:14
9659,660,60,TRANSFER,10927.86,2024-04-18 09:36:15
9660,661,61,DEPOSIT,13061.96,2023-02-23 10:13:58
9661,662,62,WITHDRAWAL,27632.0,2023-10-08 00:08:11
9662,663,63,TRANSFER,12976.15,2023-05-27 22:03:34
9663,664,64,DEPOSIT,19833.47,2023-09-12 04:29:43
9664,665,65,WITHDRAWAL,4241.26,2023-06-21 21:05:37
9665,666,66,TRANSFER,46728.1,2023-06-23 01:42:30
9666,667,67,DEPOSIT,18555.62,2024-03-03 18:21:09
9667,668,68,WITHDRAWAL,14838.2,2023-06-08 23:57:03
9668,669,69,TRANSFER,9532.78,2023-05-23 13:56:24
9669,670,70,DEPOSIT,7886.99,2023-11-13 10:24:21
9670,671,71,WITHDRAWAL,1683.94,2023-04-16 10:13:31
9671,672,72,TRANSFER,9753.19,2023-07-13 03:22:39
9672,673,73,DEPOSIT,14644.83,2023-12-22 08:46:40
9673,674,74,WITHDRAWAL,20334.81,2023-07-25 22:15:12
9674,675,75,TRANSFER,5397.99,2024-05-24 13:09:37
9675,676,76,DEPOSIT,11607.22,2023-08-22 23:51:10
9676,677,77,WITHDRAWAL,35713.14,2023-12-17 02:49:02
9677,678,78,TRANSFER,25226.69,2023-11-19 20:56:02
9678,679,79,DEPOSIT,19818.29,2024-05-26 02:37:09
9679,680,80,WITHDRAWAL,41561.44,2024-02-24 15:24:18
9680,681,81,TRANSFER,27612.92,2023-01-26 09:00:15
9681,682,82,DEPOSIT,15696.49,2024-05-20 17:51:06
9682,683,83,WITHDRAWAL,28458.35,2023-04-20 09:58:31
9683,684,84,TRANSFER,19077.64,2023-08-06 22:23:10
9684,685,85,DEPOSIT,47963.57,2024-03-28 11:49:49
9685,686,86,WITHDRAWAL,44307.19,2023-04-29 19:57:07
9686,687,87,TRANSFER,4492.63,2024-05-22 20:03:43
9687,688,88,DEPOSIT,48614.22,2024-05-29 16:57:19
9688,689,89,WITHDRAWAL,44464.54,2023-12-07 07:47:08
9689,690,90,TRANSFER,23296.15,2023-02-20 00:42:48
9690,691,91,DEPOSIT,49677.41,2023-05-27 06:36:25
9691,692,92,WITHDRAWAL,10399.89,2023-08-23 15:30:58
9692,693,93,TRANSFER,2931.68,2023-09-05 09:57:33
9693,694,94,DEPOSIT,26832.71,2023-06-27 09:19:42
9694,695,95,WITHDRAWAL,47362.99,2023-10-12 18:09:20
9695,696,96,TRANSFER,8107.73,2023-05-07 21:25:43
9696,697,97,DEPOSIT,30479.0,2024-03-10 06:05:28
9697,698,98,WITHDRAWAL,21111.99,2023-08-06 17:44:49
9698,699,99,TRANSFER,9066.89,2023-09-20 19:07:23
9699,700,100,DEPOSIT,36494.34,2023-09-19 13:55:26
9700,701,101,WITHDRAWAL,9956.53,2023-05-04 20:58:46
9701,702,102,TRANSFER,26020.5,2023-04-14 16:11:00
9702,703,103,DEPOSIT,31184.19,2023-04-30 02:03:17
9703,704,104,WITHDRAWAL,475.87,2023-07-01 13:50:48
9704,705,105,TRANSFER,6730.76,2023-01-13 14:46:03
9705,706,106,DEPOSIT,28685.11,2023-11-08 16:15:52
9706,707,107,WITHDRAWAL,10784.16,2023-03-25 17:40:14
9707,708,108,TRANSFER,11493.79,2023-01-08 17:40:59
9708,709,109,DEPOSIT,9871.46,2023-06-20 11:01:23
9709,710,110,WITHDRAWAL,23427.62,2023-11-14 03:06:17
9710,711,111,TRANSFER,36705.82,2023-02-22 14:24:26
9711,712,112,DEPOSIT,33519.67,2023-04-06 10:11:48
9712,713,113,WITHDRAWAL,39167.83,2023-11-29 06:19:40
9713,714,114,TRANSFER,46641.41,2023-10-11 15:49:23
9714,715,115,DEPOSIT,21882.6,2023-01-09 07:34:38
9715,716,116,WITHDRAWAL,7108.3,2023-11-28 13:23:57
9716,717,117,TRANSFER,30487.53,2024-01-07 13:48:03
9717,718,118,DEPOSIT,37547.68,2023-09-27 19:30:38
9718,719,119,WITHDRAWAL,12463.68,2023-09-02 19:32:35
9719,720,120,TRANSFER,8686.3,2023-02-14 00:19:19
9720,721,121,DEPOSIT,18516.05,2024-05-13 11:10:45
9721,722,122,WITHDRAWAL,3921.31,2023-02-13 12:50:54
9722,723,123,TRANSFER,45512.66,2023-05-15 09:43:42
9723,724,124,DEPOSIT,27810.87,2024-03-27 20:04:09
9724,725,125,WITHDRAWAL,40805.08,2023-07-20 15:20:34
9725,726,126,TRANSFER,11757.04,2023-05-13 12:43:25
9726,727,127,DEPOSIT,13549.95,2023-06-18 09:09:43
9727,728,128,WITHDRAWAL,2342.87,2023-04-13 09:06:58
9728,729,129,TRANSFER,14807.3,2024-02-24 13:45:18
9729,730,130,DEPOSIT,47327.94,2023-02-22 21:30:05
9730,731,131,WITHDRAWAL,40476.88,2024-03-27 16:27:41
9731,732,132,TRANSFER,4552.44,2023-01-13 17:26:53
9732,733,133,DEPOSIT,47881.02,2023-05-07 15:21:55
9733,734,134,WITHDRAWAL,39855.46,2024-05-29 03:02:04
9734,735,135,TRANSFER,2615.44,2023-08-16 07:50:25
9735,736,136,DEPOSIT,2933.9,2023-10-17 22:48:51
9736,737,137,WITHDRAWAL,45815.43,2023-11-18 05:49:23
9737,738,138,TRANSFER,33031.09,2023-07-21 03:03:24
9738,739,139,DEPOSIT,23133.87,2024-02-29 10:50:14
9739,740,140,WITHDRAWAL,41586.54,2023-03-20 21:46:48
9740,741,141,TRANSFER,32113.23,2024-01-05 22:38:03
9741,742,142,DEPOSIT,16062.54,2024-01-20 15:03:08
9742,743,143,WITHDRAWAL,20701.86,2023-07-22 07:08:30
9743,744,144,TRANSFER,39335.12,2024-04-28 08:29:11
9744,745,145,DEPOSIT,46786.4,2024-04-11 14:14:10
9745,746,146,WITHDRAWAL,46283.71,2023-05-23 01:04:09
9746,747,147,TRANSFER,19322.0,2023-02-08 20:55:59
9747,748,148,DEPOSIT,27085.78,2024-05-11 23:05:10
9748,749,149,WITHDRAWAL,43621.13,2024-02-21 23:06:17
9749,750,150,TRANSFER,7712.77,2023-12-09 07:21:35
9750,751,151,DEPOSIT,31449.83,2023-12-31 09:47:37
9751,752,152,WITHDRAWAL,25294.4,2023-09-21 16:20:09
9752,753,153,TRANSFER,9002.14,2023-02-19 18:42:20
9753,754,154,DEPOSIT,29943.87,2023-09-03 22:55:51
9754,755,155,WITHDRAWAL,39099.24,2024-03-30 07:56:47
9755,756,156,TRANSFER,19270.02,2023-09-24 14:29:48
9756,757,157,DEPOSIT,14094.55,2024-02-19 14:18:53
9757,758,158,WITHDRAWAL,45743.76,2023-07-17 20:22:14
9758,759,159,TRANSFER,47358.24,2023-04-25 12:20:52
9759,760,160,DEPOSIT,12462.7,2024-01-13 01:46:31
9760,761,161,WITHDRAWAL,22573.96,2023-05-26 17:36:40
9761,762,162,TRANSFER,39723.51,2023-03-01 06:30:19
9762,763,163,DEPOSIT,6508.24,2023-03-19 11:05:45
9763,764,164,WITHDRAWAL,48966.53,2023-03-08 18:16:26
9764,765,165,TRANSFER,26550.48,2023-04-03 14:31:48
9765,766,166,DEPOSIT,2107.76,2024-02-03 20:34:16
9766,767,167,WITHDRAWAL,49126.19,2023-09-27 06:07:44
9767,768,168,TRANSFER,20802.27,2024-03-05 08:55:07
9768,769,169,DEPOSIT,2509.33,2024-04-22 01:20:43
9769,770,170,WITHDRAWAL,22726.19,2023-02-27 10:13:40
9770,771,171,TRANSFER,43149.06,2023-02-08 10:26:38
9771,772,172,DEPOSIT,14574.49,2024-01-12 12:02:44
9772,773,173,WITHDRAWAL,39898.91,2023-01-29 00:05:20
9773,774,174,TRANSFER,29917.23,2023-06-25 04:16:56
9774,775,175,DEPOSIT,5187.41,2023-10-01 19:28:56
9775,776,176,WITHDRAWAL,30866.35,2024-04-26 02:56:39
9776,777,177,TRANSFER,8918.36,2023-10-03 16:55:38
9777,778,178,DEPOSIT,36763.58,2023-09-05 06:16:37
9778,779,179,WITHDRAWAL,24704.65,2023-03-26 23:12:50
9779,780,180,TRANSFER,8783.39,2023-05-15 02:40:50
9780,781,181,DEPOSIT,47267.87,2024-01-18 07:49:55
9781,782,182,WITHDRAWAL,12496.17,2023-07-17 16:43:48
9782,783,183,TRANSFER,22725.63,2024-03-09 01:36:10
9783,784,184,DEPOSIT,1082.99,2023-05-08 00:47:19
9784,785,185,WITHDRAWAL,7491.18,2023-08-13 16:13:22
9785,786,186,TRANSFER,18790.27,2023-03-29 18:13:40
9786,787,187,DEPOSIT,33959.57,2023-10-20 17:37:48
9787,788,188,WITHDRAWAL,29559.22,2023-07-22 11:17:54
9788,789,189,TRANSFER,19131.18,2024-05-16 19:13:33
9789,790,190,DEPOSIT,45439.49,2023-05-30 09:48:22
9790,791,191,WITHDRAWAL,34620.88,2023-01-02 04:06:21
9791,792,192,TRANSFER,10125.81,2023-06-01 20:25:18
9792,793,193,DEPOSIT,14728.44,2023-08-14 04:04:03
9793,794,194,WITHDRAWAL,43861.68,2023-12-10 22:44:14
9794,795,195,TRANSFER,15243.62,2023-01-15 09:16:09
9795,796,196,DEPOSIT,24959.8,2024-02-07 18:45:03
9796,797,197,WITHDRAWAL,29009.73,2024-04-10 10:16:34
9797,798,198,TRANSFER,597.06,2023-09-14 18:42:42
9798,799,199,DEPOSIT,1050.27,2023-12-27 21:14:11
9799,800,200,WITHDRAWAL,526.12,2023-05-10 02:22:51
9800,801,1,TRANSFER,30696.34,2023-10-18 15:25:34
9801,802,2,DEPOSIT,38300.1,2023-10-21 05:32:30
9802,803,3,WITHDRAWAL,3577.86,2023-09-29 08:33:31
9803,804,4,TRANSFER,9481.43,2023-09-01 06:52:39
9804,805,5,DEPOSIT,24846.79,2023-12-15 02:57:40
9805,806,6,WITHDRAWAL,35102.52,2024-04-29 14:36:02
9806,807,7,TRANSFER,19869.08,2023-05-22 02:22:31
9807,808,8,DEPOSIT,32900.05,2024-05-07 22:56:07
9808,809,9,WITHDRAWAL,47381.96,2023-05-05 05:50:21
9809,810,10,TRANSFER,37056.63,2024-04-09 06:32:39
9810,811,11,DEPOSIT,11666.24,2023-11-18 15:39:36
9811,812,12,WITHDRAWAL,22623.0,2023-05-24 16:23:55
9812,813,13,TRANSFER,23713.52,2024-01-22 19:32:40
9813,814,14,DEPOSIT,8009.3,2023-05-13 10:16:56
9814,815,15,WITHDRAWAL,28366.26,2023-10-06 14:31:01
9815,816,16,TRANSFER,20923.86,2023-01-14 14:54:39
9816,817,17,DEPOSIT,17470.99,2023-11-07 04:44:57
9817,818,18,WITHDRAWAL,7096.58,2023-03-07 00:33:35
9818,819,19,TRANSFER,6699.72,2024-04-14 14:18:32
9819,820,20,DEPOSIT,18450.58,2024-05-23 01:40:38
9820,821,21,WITHDRAWAL,7553.96,2023-05-03 11:08:34
9821,822,22,TRANSFER,5860.11,2023-08-11 00:23:52
9822,823,23,DEPOSIT,46203.79,2023-09-08 13:19:58
9823,824,24,WITHDRAWAL,10926.13,2023-11-15 20:30:42
9824,825,25,TRANSFER,29574.71,2023-04-28 18:40:36
9825,826,26,DEPOSIT,37874.97,2023-09-03 07:01:30
9826,827,27,WITHDRAWAL,20117.14,2024-03-27 17:10:10
9827,828,28,TRANSFER,12225.74,2023-12-05 13:36:33
9828,829,29,DEPOSIT,32291.17,2023-04-30 17:55:28
9829,830,30,WITHDRAWAL,41335.14,2023-05-14 21:01:55
9830,831,31,TRANSFER,33207.37,2023-08-19 10:07:26
9831,832,32,DEPOSIT,2146.84,2023-05-20 17:18:24
9832,833,33,WITHDRAWAL,3809.13,2023-10-20 19:28:35
9833,834,34,TRANSFER,12967.86,2024-05-30 03:47:20
9834,835,35,DEPOSIT,1363.12,2024-02-04 12:35:24
9835,836,36,WITHDRAWAL,16988.73,2024-03-04 03:34:32
9836,837,37,TRANSFER,10246.09,2023-06-01 02:20:05
9837,838,38,DEPOSIT,11159.53,2023-03-25 02:02:58
9838,839,39,WITHDRAWAL,38016.55,2024-02-23 02:49:17
9839,840,40,TRANSFER,2190.03,2023-02-01 09:59:45
9840,841,41,DEPOSIT,26726.29,2024-03-21 18:12:30
9841,842,42,WITHDRAWAL,35221.58,2023-06-24 08:02:33
9842,843,43,TRANSFER,3220.97,2023-05-02 23:19:28
9843,844,44,DEPOSIT,4194.56,2024-05-13 22:34:26
9844,845,45,WITHDRAWAL,4727.12,2023-04-28 22:30:10
9845,846,46,TRANSFER,39107.73,2023-05-15 07:00:38
9846,847,47,DEPOSIT,37461.67,2023-10-17 00:41:33
9847,848,48,WITHDRAWAL,33140.69,2024-02-02 04:28:29
9848,849,49,TRANSFER,35564.33,2023-03-29 11:59:56
9849,850,50,DEPOSIT,7691.15,2024-02-23 03:07:53
9850,851,51,WITHDRAWAL,27176.56,2023-12-05 05:11:38
9851,852,52,TRANSFER,24980.18,2024-02-21 03:45:53
9852,853,53,DEPOSIT,14904.73,2023-11-08 19:49:12
9853,854,54,WITHDRAWAL,5208.02,2023-01-07 13:15:37
9854,855,55,TRANSFER,5495.67,2024-03-28 17:05:43
9855,856,56,DEPOSIT,13114.57,2023-09-11 18:26:21
9856,857,57,WITHDRAWAL,2933.8,2024-02-22 06:45:45
9857,858,58,TRANSFER,49441.2,2023-08-29 05:50:32
9858,859,59,DEPOSIT,41860.21,2023-04-14 17:50:09
9859,860,60,WITHDRAWAL,2138.59,2023-01-01 17:53:44
9860,861,61,TRANSFER,8891.29,2023-10-29 13:49:26
9861,862,62,DEPOSIT,45779.16,2024-01-26 06:50:01
9862,863,63,WITHDRAWAL,22117.79,2024-01-22 16:11:12
9863,864,64,TRANSFER,24027.27,2024-02-12 07:50:56
9864,865,65,DEPOSIT,26043.84,2023-09-01 15:23:19
9865,866,66,WITHDRAWAL,31893.92,2023-10-29 03:33:53
9866,867,67,TRANSFER,47287.12,2023-08-07 20:33:15
9867,868,68,DEPOSIT,37449.23,2023-11-07 03:24:46
9868,869,69,WITHDRAWAL,29793.71,2023-04-03 05:41:48
9869,870,70,TRANSFER,10893.4,2023-04-11 10:20:55
9870,871,71,DEPOSIT,9022.83,2024-05-26 11:24:15
9871,872,72,WITHDRAWAL,7054.06,2024-04-19 04:49:28
9872,873,73,TRANSFER,40435.08,2023-12-05 17:50:31
9873,874,74,DEPOSIT,3764.43,2023-05-20 01:39:12
9874,875,75,WITHDRAWAL,865.22,2023-05-23 03:46:20
9875,876,76,TRANSFER,2283.15,2023-02-19 16:22:21
9876,877,77,DEPOSIT,30590.59,2023-05-07 16:18:50
9877,878,78,WITHDRAWAL,10855.74,2024-02-18 03:17:19
9878,879,79,TRANSFER,14077.41,2023-03-29 14:08:45
9879,880,80,DEPOSIT,46883.67,2024-01-13 04:11:39
9880,881,81,WITHDRAWAL,38626.56,2024-03-17 10:50:54
9881,882,82,TRANSFER,4511.48,2023-03-28 22:16:39
9882,883,83,DEPOSIT,22331.21,2024-04-22 16:22:52
9883,884,84,WITHDRAWAL,29410.49,2023-11-12 13:04:21
9884,885,85,TRANSFER,48838.44,2024-04-06 10:06:29
9885,886,86,DEPOSIT,28772.61,2023-08-04 16:25:30
9886,887,87,WITHDRAWAL,4835.79,2024-02-14 05:07:13
9887,888,88,TRANSFER,25689.23,2023-05-05 23:05:18
9888,889,89,DEPOSIT,5553.57,2023-06-04 16:39:28
9889,890,90,WITHDRAWAL,1004.92,2024-03-02 20:24:20
9890,891,91,TRANSFER,43760.42,2023-06-20 08:47:49
9891,892,92,DEPOSIT,20496.97,2023-11-24 23:16:46
9892,893,93,WITHDRAWAL,35314.46,2023-05-11 13:27:09
9893,894,94,TRANSFER,279.08,2023-02-18 10:59:45
9894,895,95,DEPOSIT,37402.31,2023-06-02 18:54:42
9895,896,96,WITHDRAWAL,16839.66,2024-02-23 20:11:15
9896,897,97,TRANSFER,19807.52,2024-02-27 12:22:11
9897,898,98,DEPOSIT,202.4,2023-03-16 20:18:08
9898,899,99,WITHDRAWAL,2330.2,2024-05-05 17:45:37
9899,900,100,TRANSFER,13514.94,2023-05-20 09:23:05
9900,901,101,DEPOSIT,44958.23,2024-02-16 05:51:09
9901,902,102,WITHDRAWAL,35492.12,2024-03-03 01:38:08
9902,903,103,TRANSFER,27662.0,2023-10-03 22:51:46
9903,904,104,DEPOSIT,46245.99,2023-05-06 16:53:39
9904,905,105,WITHDRAWAL,8554.1,2024-04-23 10:02:12
9905,906,106,TRANSFER,38367.65,2024-03-14 12:04:20
9906,907,107,DEPOSIT,2991.47,2023-02-18 12:06:38
9907,908,108,WITHDRAWAL,26703.75,2023-11-06 05:15:47
9908,909,109,TRANSFER,8209.06,2023-12-02 16:42:32
9909,910,110,DEPOSIT,37816.76,2023-12-22 06:20:31
9910,911,111,WITHDRAWAL,42891.15,2023-07-09 13:42:46
9911,912,112,TRANSFER,42193.38,2023-05-18 17:18:19
9912,913,113,DEPOSIT,44101.89,2023-06-10 15:12:05
9913,914,114,WITHDRAWAL,30474.6,2024-01-25 14:31:57
9914,915,115,TRANSFER,33662.02,2023-10-27 07:42:55
9915,916,116,DEPOSIT,10732.36,2023-06-08 07:58:36
9916,917,117,WITHDRAWAL,20381.38,2024-01-11 15:55:48
9917,918,118,TRANSFER,25287.85,2023-03-06 16:51:28
9918,919,119,DEPOSIT,5711.1,2024-05-08 05:15:11
9919,920,120,WITHDRAWAL,48174.12,2024-05-05 04:40:03
9920,921,121,TRANSFER,8859.89,2023-11-09 14:57:57
9921,922,122,DEPOSIT,5246.7,2023-12-20 07:29:58
9922,923,123,WITHDRAWAL,27611.98,2023-12-04 03:20:33
9923,924,124,TRANSFER,51.02,2023-03-26 09:34:20
9924,925,125,DEPOSIT,9501.7,2023-02-27 18:38:52
9925,926,126,WITHDRAWAL,25297.02,2024-05-30 14:34:35
9926,927,127,TRANSFER,10064.24,2023-05-02 19:55:11
9927,928,128,DEPOSIT,35847.64,2023-06-25 05:39:12
9928,929,129,WITHDRAWAL,4966.48,2023-04-29 08:05:41
9929,930,130,TRANSFER,42458.94,2024-02-24 20:50:53
9930,931,131,DEPOSIT,17472.89,2023-06-23 20:02:29
9931,932,132,WITHDRAWAL,23059.72,2023-05-26 02:51:22
9932,933,133,TRANSFER,36418.86,2024-04-11 02:25:31
9933,934,134,DEPOSIT,26422.47,2023-02-19 04:00:37
9934,935,135,WITHDRAWAL,35415.27,2023-09-10 17:16:38
9935,936,136,TRANSFER,20308.97,2023-01-16 08:48:58
9936,937,137,DEPOSIT,24655.49,2024-01-10 14:19:21
9937,938,138,WITHDRAWAL,32535.62,2023-03-15 18:24:17
9938,939,139,TRANSFER,37778.33,2023-11-25 03:49:13
9939,940,140,DEPOSIT,41277.83,2023-10-15 13:39:47
9940,941,141,WITHDRAWAL,323.63,2023-05-10 18:00:11
9941,942,142,TRANSFER,26137.11,2024-02-23 01:15:53
9942,943,143,DEPOSIT,40662.8,2024-05-23 02:58:13
9943,944,144,WITHDRAWAL,38518.52,2023-07-12 03:10:01
9944,945,145,TRANSFER,6380.51,2024-04-27 11:26:47
9945,946,146,DEPOSIT,22235.29,2024-04-16 05:41:07
9946,947,147,WITHDRAWAL,5847.78,2023-11-15 06:19:21
9947,948,148,TRANSFER,34742.73,2024-01-26 19:43:51
9948,949,149,DEPOSIT,48497.15,2023-10-01 16:09:17
9949,950,150,WITHDRAWAL,28981.97,2023-11-22 10:42:43
9950,951,151,TRANSFER,32166.14,2024-02-19 04:19:58
9951,952,152,DEPOSIT,34642.03,2024-02-25 05:18:08
9952,953,153,WITHDRAWAL,33040.45,2023-09-29 19:25:11
9953,954,154,TRANSFER,36723.87,2023-05-19 09:47:49
9954,955,155,DEPOSIT,49533.88,2023-01-13 22:07:23
9955,956,156,WITHDRAWAL,35077.75,2023-04-28 00:47:27
9956,957,157,TRANSFER,18438.29,2023-10-20 17:22:23
9957,958,158,DEPOSIT,26697.99,2023-11-07 02:37:47
9958,959,159,WITHDRAWAL,30585.66,2023-05-13 16:13:15
9959,960,160,TRANSFER,28741.56,2023-10-02 21:12:32
9960,961,161,DEPOSIT,6926.91,2023-03-15 04:01:48
9961,962,162,WITHDRAWAL,10214.96,2023-12-15 03:22:38
9962,963,163,TRANSFER,25366.42,2024-04-24 00:54:59
9963,964,164,DEPOSIT,44556.55,2024-03-15 05:45:57
9964,965,165,WITHDRAWAL,17178.0,2023-05-07 05:21:43
9965,966,166,TRANSFER,30121.18,2023-06-23 14:38:04
9966,967,167,DEPOSIT,31417.45,2023-12-04 23:52:58
9967,968,168,WITHDRAWAL,38202.17,2023-01-08 00:22:38
9968,969,169,TRANSFER,44330.86,2023-08-20 08:32:28
9969,970,170,DEPOSIT,43084.04,2024-03-25 23:31:23
9970,971,171,WITHDRAWAL,22258.14,2023-01-18 10:57:39
9971,972,172,TRANSFER,23764.22,2024-05-02 07:36:47
9972,973,173,DEPOSIT,20606.17,2024-04-24 12:05:57
9973,974,174,WITHDRAWAL,49423.25,2024-04-03 11:20:58
9974,975,175,TRANSFER,3155.83,2023-08-25 12:31:48
9975,976,176,DEPOSIT,28708.97,2023-12-07 02:32:23
9976,977,177,WITHDRAWAL,24226.72,2023-11-04 20:38:06
9977,978,178,TRANSFER,202.32,2024-03-12 20:33:52
9978,979,179,DEPOSIT,22869.64,2024-04-07 08:59:28
9979,980,180,WITHDRAWAL,12752.96,2024-01-22 19:57:42
9980,981,181,TRANSFER,34282.34,2023-10-01 08:41:57
9981,982,182,DEPOSIT,14218.49,2024-03-19 11:48:43
9982,983,183,WITHDRAWAL,3772.65,2023-08-03 05:16:38
9983,984,184,TRANSFER,9685.13,2024-01-31 09:32:47
9984,985,185,DEPOSIT,40101.11,2024-04-17 10:50:10
9985,986,186,WITHDRAWAL,5636.1,2023-08-23 18:42:07
9986,987,187,TRANSFER,12134.17,2023-12-25 21:06:43
9987,988,188,DEPOSIT,25954.19,2023-12-22 23:59:37
9988,989,189,WITHDRAWAL,17174.7,2024-05-04 06:26:36
9989,990,190,TRANSFER,36656.48,2023-11-06 15:42:36
9990,991,191,DEPOSIT,40423.28,2024-02-21 15:52:10
9991,992,192,WITHDRAWAL,49862.1,2023-03-24 23:13:43
9992,993,193,TRANSFER,38822.52,2023-08-16 13:18:22
9993,994,194,DEPOSIT,1407.44,2024-02-19 12:58:02
9994,995,195,WITHDRAWAL,15808.69,2023-08-14 06:17:08
9995,996,196,TRANSFER,8341.6,2024-04-14 20:40:31
9996,997,197,DEPOSIT,25743.34,2024-05-12 02:38:46
9997,998,198,WITHDRAWAL,43793.16,2023-11-03 09:59:04
9998,999,199,TRANSFER,48242.98,2023-09-11 17:30:52
9999,1000,200,DEPOSIT,41786.36,2023-04-02 20:40:02
10000,1,1,WITHDRAWAL,8209.68,2023-01-25 09:19:13
